jpar_rank,full_name,resolved_member_id,events,mean_time,first_event_date,latest_event_date,jpar,raw_jpar_update_rank,mean_adjusted_event_jpar_rank,weighted_log_zscore_rank,mean_log_zscore_rank,conservative_log_zscore_rank,robust_log_zscore_rank,best3_mean_log_zscore_rank,weighted_event_percentile_rank,mean_event_percentile_rank,weighted_normalized_rank_rank,mean_normalized_rank_rank,weighted_zscore_rank,mean_zscore_rank,elo_rating_rank,trueskill_conservative_rank,msp_like_score_rank,rows,mean_event_jpar,mean_adjusted_event_jpar,mean_completion_seconds,mean_zscore,mean_log_zscore,median_log_zscore,mean_event_percentile,mean_normalized_rank,best_event_percentile,raw_jpar_update,weighted_zscore,weighted_log_zscore,weighted_event_percentile,weighted_normalized_rank,best3_mean_log_zscore,elo_rating,trueskill_mu,trueskill_sigma,trueskill_conservative,robust_log_zscore,conservative_log_zscore,msp_like_score
1,Becca Taylor,20708048,1,00:35:00,2025-11-01,2025-11-01,0.5174935103324494,1,1,2,2,2,1,2,3,3,8,8,8,5,167,83,1,1,0.4265691651432053,0.5174935103324494,2100.0,-1.5013965511997764,-2.4355801249411484,-2.4355801249411484,0.013605442176870748,0.00684931506849315,0.013605442176870748,0.4265691651432053,-1.5013965511997764,-2.4355801249411484,0.013605442176870748,0.00684931506849315,-2.4355801249411484,1511.8505709279796,42.69801103916245,4.077727961794097,30.46482715378016,-2.4355801249411484,-2.0855801249411483,1236.1036718921714
2,Abby Patnoe,20533147,2,00:55:34,2025-04-04,2025-04-06,0.5660066040161182,30,2,38,39,46,43,69,27,32,33,37,39,36,110,67,27,2,0.6562300442159549,0.5660066040161182,3334.5,-1.075919062347166,-1.2883810262774806,-1.2883810262774806,0.08342105263157895,0.07868708622477466,0.03684210526315789,0.6562300442159549,-1.075919062347166,-1.2883810262774806,0.08342105263157895,0.07868708622477466,-1.2883810262774806,1517.4284238583532,39.73047954141975,2.8892355144891066,31.06277299795243,-1.2883810262774806,-1.040893652862189,1090.4492300237894
3,Michaela Keener,18385375,2,00:48:43,2025-04-04,2025-04-06,0.6187729578144329,8,4,6,6,6,5,10,7,5,12,11,15,7,98,29,3,2,0.5722040699415645,0.6187729578144329,2923.0,-1.4302781624891734,-1.9645511427533688,-1.9645511427533688,0.022708333333333334,0.017693177931542528,0.010416666666666666,0.5722040699415645,-1.4302781624891734,-1.9645511427533688,0.022708333333333334,0.017693177931542528,-1.9645511427533688,1519.7218652478205,45.18894267391937,3.0662465082363455,35.99020314921033,-1.9645511427533688,-1.7170637693380773,1167.6802846465866
4,Alice Rowe,21566454,6,00:39:15,2025-04-04,2026-03-29,0.6266704436743862,2,3,1,1,1,2,1,1,1,6,6,1,1,15,1,2,6,0.47673616475330927,0.5934228024143186,2355.1666666666665,-1.7598079960953834,-2.492978519027041,-2.371752640014563,0.008100550306315976,0.0016750418760469012,0.005,0.5089447571592156,-2.0554549592688285,-2.763941057187517,0.00587760032934094,0.000314070351758794,-2.773546570731367,1541.8992154919374,53.56399190757064,2.3417631585614394,46.53870243188632,-2.4141816976689303,-2.3500916173646886,1198.6856744711736
5,Sam Zucker,22363662,2,01:02:42,2025-04-04,2025-04-06,0.6290466054477036,84,5,80,88,100,114,155,73,81,81,90,68,81,142,131,67,2,0.7242509760651842,0.6290466054477036,3762.5,-0.8306581808736342,-0.9125000665582376,-0.9125000665582376,0.18052631578947367,0.17629151046236474,0.12105263157894737,0.7242509760651842,-0.8306581808736342,-0.9125000665582376,0.18052631578947367,0.17629151046236474,-0.9125000665582376,1513.4169900604397,35.40915923997243,2.836008787125972,26.901132878594517,-0.9125000665582376,-0.665012693142946,1048.9071301823924
6,Emilie Hoepker,24713770,1,01:03:40,2025-10-17,2025-10-17,0.698702954608389,393,15,103,119,148,138,188,210,225,1,1,81,91,151,295,65,1,0.8626919602529358,0.698702954608389,3820.0,-0.7566398228033319,-0.782340938119374,-0.782340938119374,0.3333333333333333,0.0,0.3333333333333333,0.8626919602529358,-0.7566398228033319,-0.782340938119374,0.3333333333333333,0.0,-0.782340938119374,1512.579316069095,36.503139759898886,5.576731949650704,19.772943910946772,-0.782340938119374,-0.432340938119374,1052.3757232307967
7,Grayson Shannon,22814742,7,00:44:22,2025-04-04,2026-03-29,0.7094967604363276,7,7,5,5,5,6,7,5,6,11,12,3,4,13,4,8,7,0.5395451672497077,0.660053658294511,2662.0,-1.5108486251310373,-1.9768924896728741,-1.9144173303778913,0.027515454470341687,0.019667039890927187,0.005,0.5695461069682215,-1.7398597514285552,-2.1784637170521584,0.02094826637178611,0.014321271441835199,-2.159050803628037,1544.0505746518152,47.929448143379744,1.7854180331674498,42.57319404387739,-1.9362836361311353,-1.8446049241196447,1134.6621823535863
8,Hannah Doyle,23758655,9,00:40:39,2025-04-04,2026-03-29,0.714140841910414,10,12,3,4,4,4,3,2,7,7,10,2,2,4,2,9,9,0.5843214840091171,0.6893238818011621,2439.0,-1.5705180221553974,-2.014125713610834,-2.117720728541038,0.029407611446306745,0.011677010631469375,0.005025125628140704,0.5773900851104767,-1.8125665845086418,-2.260988522241518,0.012499011684897457,0.004765612107461595,-2.425808660048004,1552.5306014644925,50.36702524894893,1.7075526296390058,45.24436736003191,-2.0814624733154665,-1.8974590469441672,1131.134481323017
9,Cathy Roiter,20866603,6,00:47:36,2025-04-04,2026-03-29,0.7206625783158511,22,6,10,9,9,9,14,9,10,15,16,9,10,24,11,13,6,0.5856123449742904,0.6528097792427207,2856.3333333333335,-1.389152789764286,-1.7728601947654294,-1.8056606005467248,0.03795797270214745,0.03114834437714219,0.010050251256281407,0.6316528152695577,-1.4924804404526646,-1.8211314474385842,0.03874641971543169,0.03286151596750539,-1.8675317813034702,1539.003398383583,45.19795597871946,1.8135162778652154,39.757407145123814,-1.7941804585232717,-1.6299732931030775,1115.973072206214
10,Hanna Sigler,21556752,7,00:41:51,2025-04-04,2026-03-29,0.721381211192804,38,11,8,10,11,10,12,11,14,14,15,6,8,14,6,21,7,0.6492847250230058,0.6889567441871106,2510.8571428571427,-1.4083962763365088,-1.7261412997518792,-1.728183982695564,0.051681729880836746,0.02993798881626176,0.01,0.667836353004265,-1.5321502495426216,-1.8328037938708184,0.043889927610693893,0.02881476667878868,-1.8922490129610523,1544.029622646164,47.8477297048699,1.7864400722217928,42.48840948820452,-1.7274690436652742,-1.5938537341986496,1105.925795512672
11,Amber Whitmill,24124042,3,00:45:12,2025-05-03,2026-03-29,0.7357440081670406,29,21,15,13,15,14,31,19,15,25,20,14,9,72,23,11,3,0.6162213558530499,0.7255128125233963,2712.0,-1.4023105079781446,-1.706039052156721,-1.6403486178367077,0.05173354239871034,0.04616093937701978,0.010050251256281407,0.6549719705832825,-1.4433453858369587,-1.6896164435767176,0.060050156799032764,0.05472120704532765,-1.706039052156721,1524.7605090913476,44.217455254972734,2.458545297602628,36.84181936216485,-1.6633402698487123,-1.503966457940352,1127.8751933839524
12,Sarah Rowe,21428256,2,00:49:39,2025-04-04,2025-04-06,0.7370521109718184,67,25,53,63,71,71,113,48,48,54,56,52,62,123,100,44,2,0.7081034823633396,0.7370521109718184,2979.0,-0.9243108389780481,-1.0903890658670274,-1.0903890658670274,0.12754581151832461,0.12304945781539275,0.05759162303664921,0.7081034823633396,-0.9243108389780481,-1.0903890658670274,0.12754581151832461,0.12304945781539275,-1.0903890658670274,1515.6858174373765,37.622718410257846,2.860939325278001,29.039900434423842,-1.0903890658670274,-0.8429016924517359,1068.095144932057
13,Kylie Ledingham,22076476,4,00:43:50,2025-04-04,2026-03-29,0.7406309320250201,34,19,16,18,19,22,34,17,17,24,24,16,16,52,21,16,4,0.6314799022467389,0.7213667853387875,2630.0,-1.3305674936227372,-1.6222128091394614,-1.588467830153864,0.054865048409587204,0.050052361755614866,0.01507537688442211,0.659722048784821,-1.4248092495236766,-1.6731029143951104,0.05837944631534636,0.053612927743448766,-1.6794590824350628,1529.5069775113063,43.47771950070397,2.121170278375309,37.11420866557804,-1.600278572798823,-1.4472128091394614,1110.525653653533
14,Caryn Knill,21428556,12,00:46:54,2025-04-04,2026-03-29,0.7460425466175681,36,8,18,16,12,20,5,21,27,26,31,18,15,2,7,32,12,0.634385038469337,0.6696664052654628,2813.8333333333335,-1.3340555094929571,-1.6891183758774562,-1.5869433632792183,0.07967894387310426,0.06536480905680744,0.00641025641025641,0.660294953313209,-1.3759915612000189,-1.6366487037924817,0.07005568508784245,0.06263596777461199,-2.3466142208350984,1555.0917363534625,44.34572759960789,1.31140352730379,40.41151701769652,-1.6227046176886015,-1.5880820787692715,1084.6035908429587
15,Nathan Biberdorf,22857066,6,00:45:54,2025-04-04,2026-03-29,0.7485660554190154,26,29,13,25,24,21,18,12,26,18,33,12,24,33,18,31,6,0.6447356250676374,0.7448154009412612,2753.5,-1.2142596725932944,-1.5046252136038865,-1.685876999299239,0.07472247334019971,0.06886140667356778,0.028169014084507043,0.650457648458747,-1.458810121195579,-1.7464665642814705,0.047764631919272056,0.04221341131714618,-1.7881165120057103,1535.2727147413952,42.755362145171325,1.7476618896115546,37.51237647633666,-1.6224388743058658,-1.3617383119415343,1085.4884246292013
16,Jessa Douglas,20859985,6,00:48:46,2025-04-04,2026-03-29,0.7491210220592197,27,9,17,20,21,17,24,16,19,21,27,19,23,26,16,26,6,0.6115275341631653,0.6741883102733891,2926.0,-1.2176694581620247,-1.566006508337958,-1.662148975135013,0.058965518916772854,0.05280219038908093,0.015789473684210527,0.6508287942759519,-1.3621046445689071,-1.6581903163290712,0.0559496344566512,0.05055307486747348,-1.7540250956599543,1537.4479447873352,42.94249071226917,1.7742442661977982,37.61975791367578,-1.6284991117560437,-1.423119606675606,1092.2996827156135
17,Tiffany Medeiros,18980068,5,00:46:20,2025-04-04,2026-03-29,0.7492258552362859,20,20,11,8,7,7,11,10,8,16,14,10,11,30,8,10,5,0.5690099166858742,0.722519752561222,2780.4,-1.3723911917798852,-1.8336283557522706,-1.8195738210216466,0.03233990569731776,0.025846575076674316,0.015625,0.625319866485482,-1.465944427882087,-1.8061958151021054,0.041748441374893946,0.03592374930884958,-1.8929579491137674,1535.7831543435566,46.05477757419104,1.9874382420997951,40.09246284789166,-1.8244929081773649,-1.6771035973272852,1128.4681794885291
18,Melinda Shokler,24108422,3,00:43:56,2025-09-27,2026-03-29,0.7503730621842073,24,38,9,15,16,25,33,13,16,19,23,7,14,76,34,12,3,0.6200617922719277,0.7660190097395821,2636.3333333333335,-1.3427103422049769,-1.6966115840305112,-1.4587685652174878,0.05483568075117371,0.04945531439704432,0.035,0.6420033453064815,-1.5071643893580116,-1.8239988537878367,0.04987676056338028,0.044629174239994296,-1.6966115840305112,1524.2865123562929,42.653929310697784,2.390054076852628,35.4837670801399,-1.5420136218020462,-1.4945389898141421,1127.2900295243126
19,Shea Burkett,24193461,5,00:43:22,2025-08-02,2026-03-29,0.7532131077311288,72,18,27,30,31,35,26,45,56,47,54,27,29,46,12,39,5,0.7201708637714214,0.7120696968328211,2602.4,-1.1528123157777805,-1.3588504621249593,-1.3656083275368776,0.13821644042232278,0.1161532122980494,0.01,0.7145341045205569,-1.225844800979364,-1.426834607480271,0.11743896116138763,0.10513817406927109,-1.7449722132469854,1530.5998534940966,44.70989492058259,1.9830425618108052,38.760767235150176,-1.3632430746427062,-1.202325703699974,1073.7562217213886
20,Heather Ross,21940826,1,01:36:22,2025-04-04,2025-04-04,0.7536496350364964,133,31,252,272,342,312,346,279,299,284,304,208,219,357,467,177,1,0.7536496350364964,0.7536496350364964,5782.0,-0.5032382586442046,-0.42590606913368234,-0.42590606913368234,0.37894736842105264,0.37566137566137564,0.37894736842105264,0.7536496350364964,-0.5032382586442046,-0.42590606913368234,0.37894736842105264,0.37566137566137564,-0.42590606913368234,1502.3728813559321,26.853653997014156,3.7933560978678456,15.47358570341062,-0.42590606913368234,-0.07590606913368236,1012.2979939991965
21,Emma Williamson,22862046,8,00:46:36,2025-04-04,2026-03-29,0.7544814356414764,68,16,23,23,22,26,22,31,30,35,29,24,19,11,9,34,8,0.6433985982136688,0.703348379051099,2795.75,-1.2639565806677258,-1.5437606013152223,-1.5288643760120761,0.08243742496425221,0.06023520831886261,0.01507537688442211,0.7081386273363965,-1.2727322101262188,-1.4810777622345754,0.09468059879457644,0.07931378665775103,-1.7725456305420175,1544.2605456296142,44.89832664910694,1.6199876695746795,40.038363640382904,-1.5340780548681772,-1.4200169146075765,1080.9311164821713
22,Allie Arendell,22561030,8,00:49:59,2025-04-04,2026-03-29,0.7548604675361096,40,10,25,34,28,30,36,40,47,27,40,22,30,19,31,57,8,0.6545625445046184,0.6855657233084892,2998.75,-1.1473629364777098,-1.3387827672554689,-1.4716215377607946,0.12747906165599313,0.08106131802942469,0.03676470588235294,0.6740000994015729,-1.2831768134141028,-1.4508989562667574,0.11048824084989213,0.06456772143117175,-1.6258215982797246,1540.405494294776,40.66152166844316,1.5993853687055706,35.86336556232644,-1.4251279680839306,-1.215039080547823,1057.7924521452583
23,Sarah Stubeck,23887118,4,00:45:22,2025-09-17,2026-03-29,0.7562168446513982,92,30,29,76,74,60,47,57,134,59,130,26,74,109,33,89,4,0.7739839929309994,0.7525626827325105,2721.5,-0.8637085481018325,-0.9956837743146084,-1.2759092203079334,0.2615271208986107,0.23748080681183698,0.045,0.7273288574905099,-1.2404147354725548,-1.4090735871367142,0.15329182678096365,0.13886628534084564,-1.4798571457351757,1517.563042639681,42.10128804987959,2.174840268066824,35.57676724567912,-1.1778303142102697,-0.8206837743146085,1039.0733071109867
24,Yasmeen Almog,21933322,2,01:15:09,2025-04-04,2025-04-06,0.7684316476906261,484,39,618,627,601,633,651,549,564,556,575,732,745,422,308,630,2,0.892537345102699,0.7684316476906262,4509.0,0.12996238937767918,0.08512146272112675,0.08512146272112675,0.5378947368421052,0.5354683470261359,0.21578947368421053,0.892537345102699,0.12996238937767918,0.08512146272112675,0.5378947368421052,0.5354683470261359,0.08512146272112675,1500.5265300871527,27.83935397589492,2.8273220565513664,19.357387806240823,0.08512146272112675,0.33260883613641834,936.0753911573707
25,Jeanne Roiter,18542626,5,00:47:51,2025-04-04,2026-03-29,0.7710960475381688,37,14,19,17,14,15,25,18,12,23,19,17,12,35,15,18,5,0.6124833191179274,0.6945056181461181,2871.4,-1.3681809081514278,-1.6657495669589402,-1.6300327699002854,0.04689659755449229,0.04106169547662728,0.031578947368421054,0.6614756216640005,-1.412360542046681,-1.630428880070529,0.05858668926103137,0.053218663233020734,-1.7490327176009666,1534.882697951146,43.9859064666439,1.9125156291444754,38.24835957921047,-1.6425336488708147,-1.509224808533955,1109.4811977246645
26,Katherine Sydor,23751470,2,01:15:52,2025-04-04,2025-04-06,0.7713438166470665,489,41,604,615,592,618,640,540,555,548,567,709,717,425,306,611,2,0.8936003063591758,0.7713438166470665,4552.0,0.09266559970508198,0.07085474182954915,0.07085474182954915,0.5335526315789474,0.5311079205551568,0.24210526315789474,0.8936003063591758,0.09266559970508198,0.07085474182954915,0.5335526315789474,0.5311079205551568,0.07085474182954915,1500.4682194686131,27.91861927190519,2.8241500357168614,19.446169164754608,0.07085474182954915,0.31834211524484074,938.242379849376
27,Mari Black,20739624,12,00:46:29,2025-04-04,2026-03-29,0.7718139480646029,47,13,22,12,10,8,8,24,21,29,22,21,18,1,5,30,12,0.6085389670209155,0.6941918649627777,2788.6666666666665,-1.3185478741568366,-1.708997356490812,-1.8617153331466159,0.06279814231948354,0.04631716499420449,0.010101010101010102,0.6786353779515917,-1.2932828837106132,-1.5301965534753155,0.07698253221511792,0.06671636143928272,-2.1426596126082225,1557.7621812915836,46.65846428490105,1.3677426139965199,42.55523644291149,-1.8082640413170845,-1.6079610593826277,1086.9634886873096
28,Kelly Walter,18405080,5,00:40:07,2025-04-04,2026-03-29,0.7731097036912833,12,48,4,3,3,3,6,4,2,9,7,4,3,25,3,4,5,0.5348500412237989,0.7906345234768773,2406.8,-1.5452294023652562,-2.175120423472176,-2.1189067571983378,0.01032035519125683,0.003015075376884422,0.005,0.5804041548073526,-1.6855080588116573,-2.193600700161685,0.013937201161202187,0.007537688442211055,-2.3397865431887106,1537.4718218320763,52.70921893107047,2.540833828419278,45.08671744581263,-2.1385815403941812,-2.018595665047191,1167.5272672763183
29,Hannah Scott,20341319,4,00:48:34,2025-04-04,2026-03-29,0.7817808454045958,53,27,28,21,23,18,30,30,24,38,30,29,21,54,25,22,4,0.6330322975905515,0.739832726967956,2914.0,-1.2329552542982545,-1.5611209834525566,-1.6588331282753903,0.06780124581239531,0.0630594435236099,0.026041666666666668,0.689950210740316,-1.191998545650729,-1.4103624071494019,0.09329603747906198,0.08870797413478095,-1.709134156210782,1529.19057729244,42.71465950465079,2.1141774422421977,36.3721271779242,-1.6246338775873985,-1.3861209834525565,1103.7194194951837
30,Alex Carney,20723619,1,01:40:40,2025-04-04,2025-04-04,0.7872784150156413,210,46,324,338,416,383,402,367,388,375,397,262,272,398,510,226,1,0.7872784150156413,0.7872784150156413,6040.0,-0.43454224238483696,-0.32484805647849146,-0.32484805647849146,0.43157894736842106,0.42857142857142855,0.43157894736842106,0.7872784150156413,-0.43454224238483696,-0.32484805647849146,0.43157894736842106,0.42857142857142855,-0.32484805647849146,1501.1525423728813,25.89327993351335,3.7922273249627767,14.516597958625022,-0.32484805647849146,0.025151943521508513,1001.728954122797
31,Sarah Oman,18495082,2,01:02:08,2025-04-04,2025-04-06,0.7903055064072289,116,47,110,132,132,151,198,114,127,120,137,205,216,170,152,112,2,0.7448272529722726,0.7903055064072289,3728.5,-0.5063469992566125,-0.7387367963061847,-0.7387367963061847,0.25395833333333334,0.2501118156226157,0.07291666666666667,0.7448272529722726,-0.5063469992566125,-0.7387367963061847,0.25395833333333334,0.2501118156226157,-0.7387367963061847,1511.2735356360809,34.53889437880492,2.847434180074537,25.99659183858131,-0.7387367963061847,-0.49124942289089313,1027.9616348051607
32,Jasper Lee,21924024,6,00:47:55,2025-04-04,2026-03-29,0.79077467425188,65,26,36,32,30,29,37,37,41,45,49,33,34,37,32,46,6,0.6664069622690189,0.7370562492609337,2875.1666666666665,-1.091400788921596,-1.3463382980873477,-1.5109813737135642,0.10494475713911823,0.09969424569581005,0.02512562814070352,0.7077411433773524,-1.1154892545689992,-1.3090384556901302,0.1070163222615853,0.10212915892850068,-1.604400466792433,1533.7756131893211,40.98900066331666,1.7378735063391513,35.775380144299206,-1.4533562972443885,-1.2034513964249958,1067.224561625923
33,Megan Jones,19701994,2,00:52:59,2025-04-04,2025-04-06,0.7934912086578041,119,49,75,87,98,107,150,68,78,75,85,66,79,143,130,66,2,0.7466281524957001,0.7934912086578041,3179.0,-0.8480403405967984,-0.927181083406284,-0.927181083406284,0.17103403141361256,0.1667680507802169,0.15706806282722513,0.7466281524957001,-0.8480403405967984,-0.927181083406284,0.17103403141361256,0.1667680507802169,-0.927181083406284,1513.4169356249813,35.422455702078,2.833176025725292,26.922927624902123,-0.9271810834062841,-0.6796937099909924,1051.3157557448833
34,Jennifer Sipple,22423946,10,00:51:52,2025-04-04,2026-03-29,0.7966528382516516,42,23,26,22,20,23,16,28,20,34,26,30,28,5,13,37,10,0.6189498840980647,0.7332894207796439,3111.8,-1.1898269809685726,-1.54583370000989,-1.5471114744263588,0.05929793829877371,0.05251522130027888,0.014705882352941176,0.6753732580110499,-1.177979308987465,-1.440037794127893,0.08465535891995651,0.07919807663971173,-1.8443286256053382,1550.4563732710642,42.814168038295435,1.4093058545369173,38.58625047468468,-1.5466642533805945,-1.435153981903997,1074.1386586002532
35,Emily McInnes,22874861,1,01:42:16,2025-04-04,2025-04-04,0.799791449426486,238,52,342,361,435,403,417,389,409,393,415,284,297,412,534,232,1,0.799791449426486,0.799791449426486,6136.0,-0.40898093400925833,-0.2883433691204238,-0.2883433691204238,0.44473684210526315,0.4417989417989418,0.44473684210526315,0.799791449426486,-0.40898093400925833,-0.2883433691204238,0.44473684210526315,0.4417989417989418,-0.2883433691204238,1500.7457627118645,25.5771998297235,3.7920307023481334,14.201107722679101,-0.2883433691204238,0.06165663087957618,997.794072971356
35,Jasmine Butcher,20532673,1,01:42:16,2025-04-04,2025-04-04,0.799791449426486,238,52,342,361,435,403,417,389,409,393,415,284,297,405,528,232,1,0.799791449426486,0.799791449426486,6136.0,-0.40898093400925833,-0.2883433691204238,-0.2883433691204238,0.44473684210526315,0.4417989417989418,0.44473684210526315,0.799791449426486,-0.40898093400925833,-0.2883433691204238,0.44473684210526315,0.4417989417989418,-0.2883433691204238,1500.8813559322034,25.682416447104405,3.7920867002096204,14.306156346475543,-0.2883433691204238,0.06165663087957618,997.794072971356
37,Andrea Smith,22064748,2,01:18:59,2025-04-04,2025-04-06,0.8019285804437069,567,54,701,708,702,706,730,661,660,671,671,799,808,546,370,727,2,0.9284501782379901,0.8019285804437067,4739.0,0.25488747859172606,0.23503130449761794,0.23503130449761794,0.5975,0.5953843290526708,0.3,0.9284501782379901,0.25488747859172606,0.23503130449761794,0.5975,0.5953843290526708,0.23503130449761794,1497.807272190165,26.22744101923574,2.826217454098465,17.74878865694035,0.23503130449761794,0.48251867791290953,920.5199698793901
38,Peyton Durkin,22726143,3,00:59:09,2025-04-04,2025-08-09,0.8058332339774759,56,32,76,107,112,72,176,80,104,84,108,80,113,118,102,114,3,0.7149251139411438,0.7541723367048223,3549.3333333333335,-0.6888812218977538,-0.8259429810453067,-1.2184046772826858,0.21195006747638326,0.20475420533000097,0.06315789473684211,0.6937529395620379,-0.7713951114326991,-0.9240584051046514,0.1858856275303644,0.17700315399750072,-0.8259429810453067,1516.0639030144282,36.17693049055025,2.4127653305840266,28.938634498798166,-1.081043083599603,-0.6238703868289377,1027.726298075751
39,Kaitlin MacKenzie,17731921,6,00:54:59,2025-04-12,2025-09-27,0.8080437994838734,23,34,31,27,27,28,41,39,34,44,39,36,27,34,45,36,6,0.6353111049691273,0.75813224523068,3299.0,-1.1900757548290541,-1.444096567449119,-1.4938261933252637,0.08840887891808036,0.08103740852678226,0.058823529411764705,0.6392101298818699,-1.1032789839086157,-1.346636348960706,0.10830020379778126,0.10063197421268033,-1.565616457352772,1534.9500263723176,39.19355710315692,1.7468899152787605,33.95288735732064,-1.476420824268613,-1.3012096657867671,1079.140720627948
40,Jane Stine,22861861,3,01:08:30,2025-04-04,2025-09-17,0.8105147388256693,636,36,722,553,525,546,582,639,488,629,479,833,671,285,199,637,3,0.8963619157356977,0.7637311194960876,4110.0,0.03751943462731052,-0.003198599282212037,-0.07222933136234218,0.4907894736842105,0.4824120603015076,0.14736842105263157,0.9568032526320888,0.31138343206602204,0.2779473320166562,0.5868421052631578,0.5760947595118449,-0.003198599282212037,1504.4204898783828,31.053594537263987,2.471364388618815,23.63950137140754,-0.04806857513429663,0.198873994934157,934.7949046993108
41,Andrea Heistand,20860009,9,00:54:25,2025-04-04,2026-03-29,0.8132258994910816,63,17,34,26,25,27,21,32,25,40,32,34,26,9,20,47,9,0.6549941124009423,0.7110821547384814,3264.5555555555557,-1.1968294754171764,-1.4480822782799878,-1.558851841893821,0.07375271035038489,0.0680136739829737,0.022058823529411766,0.7040540673047911,-1.1126663292627703,-1.3146221848334396,0.09721246309441267,0.09224065975056794,-1.7758426800503397,1545.9341212668346,41.610099117564694,1.4372892639162198,37.29823132581603,-1.5200824946289795,-1.3314156116133211,1066.3801602179954
42,Jasmine Lambert,23750128,15,00:52:15,2025-04-04,2026-03-29,0.8141705452997594,39,42,20,41,34,33,19,22,55,28,59,20,41,3,19,108,15,0.6802629996469707,0.7759316420644995,3135.133333333333,-1.040351385566467,-1.2790345322712904,-1.4279387290569656,0.13783880750020924,0.1245064111394448,0.007352941176470588,0.6699163287949395,-1.343009984243361,-1.570602686597263,0.07070050393478293,0.06480679087129225,-1.7824190125622013,1553.7861120529965,40.87108449377768,1.157141358709978,37.399660417647745,-1.3758222601819792,-1.188664920859784,1030.1954247563356
43,Andrea Peng,21581068,4,00:46:32,2025-04-04,2026-03-29,0.8196111106022905,94,40,52,42,39,38,55,49,36,55,43,56,48,60,36,42,4,0.6716428738045722,0.7703492379417543,2791.5,-0.99107806603328,-1.2681992598457126,-1.4003949089424732,0.09416230366492145,0.0895530282993917,0.02,0.7284164936976496,-0.8996443176865027,-1.0979543073459566,0.12833115183246074,0.12392224279291193,-1.4461843141653852,1527.635169250924,41.665958659223115,2.1091189967544657,35.33860166895972,-1.354126431758607,-1.0931992598457125,1069.9125879470635
44,Xin Li Phuah,22861788,6,00:51:26,2025-04-04,2026-03-29,0.8215027678953403,82,43,51,52,47,57,29,56,62,64,68,55,63,58,50,70,6,0.6742834795716269,0.7784318995486226,3085.5,-0.9186959567447496,-1.1802350989962085,-1.2035269927042611,0.15195702935240357,0.1462700329743781,0.02040816326530612,0.723621004665133,-0.9003988999600239,-1.103774202525649,0.15146216973197804,0.14655335295093622,-1.7120412877855584,1527.933177161259,38.6685628840213,1.7388524876038596,33.45200542120972,-1.1953748299064426,-1.0373481973338565,1048.0283444329339
45,Anna Karnaze,22702065,1,01:45:23,2025-04-04,2025-04-04,0.8241657977059437,303,59,391,417,479,448,460,450,466,458,474,343,359,446,557,270,1,0.8241657977059437,0.8241657977059437,6323.0,-0.35918963540266247,-0.2188466861527567,-0.2188466861527567,0.48157894736842105,0.47883597883597884,0.48157894736842105,0.8241657977059437,-0.35918963540266247,-0.2188466861527567,0.48157894736842105,0.47883597883597884,-0.2188466861527567,1499.9322033898304,24.94757928886856,3.7918913326274337,13.571905290986258,-0.2188466861527567,0.13115331384724327,990.5387965353373
46,Emma Pan,21925090,9,00:50:19,2025-04-04,2026-03-29,0.8247745877255699,61,28,45,19,18,19,13,46,23,51,28,46,22,8,14,33,9,0.6023812631168359,0.7436976789035263,3018.5555555555557,-1.2325117139039736,-1.5789136331548432,-1.6476282720094024,0.06677272731131764,0.059486401033348096,0.015706806282722512,0.7008437204470179,-0.9973546765278868,-1.2123202604570351,0.11918296193843662,0.1137014842155409,-1.8749103015423916,1547.2985548235358,42.67262356490609,1.471557302535821,38.25795165729863,-1.623578148410307,-1.4622469664881765,1081.2987256836698
47,Shannon Richardson,21926085,1,01:45:38,2025-04-04,2025-04-04,0.8261209593326382,306,60,395,421,484,453,465,467,484,473,489,348,361,458,566,273,1,0.8261209593326382,0.8261209593326382,6338.0,-0.3551956809689783,-0.21336143529683005,-0.21336143529683005,0.48947368421052634,0.48677248677248675,0.48947368421052634,0.8261209593326382,-0.3551956809689783,-0.21336143529683005,0.48947368421052634,0.48677248677248675,-0.21336143529683005,1499.6610169491526,24.737844530264542,3.791919135442991,13.36208712393557,-0.21336143529683005,0.13663856470316993,990.0658874237479
48,Lewis Dracobly-Helsel,24676248,3,00:42:09,2025-11-15,2026-03-29,0.8264672140101532,9,79,7,7,8,12,17,8,9,13,13,5,13,64,24,5,3,0.5345651883522843,0.8715867294221405,2529.3333333333335,-1.3626431550068612,-1.8431770481722154,-1.618055189759725,0.03355313984890438,0.023526724531749657,0.02040816326530612,0.5747800103380831,-1.5433460022346064,-1.963076376947479,0.03266485488667829,0.023926450433988125,-1.8431770481722154,1526.0561866269895,44.4923668918486,2.6079201826370477,36.668606343937455,-1.6968478402040967,-1.6411044539558464,1143.8532211659146
49,Katie Luscher,23764075,2,01:05:20,2025-04-04,2025-04-06,0.8303433153684998,180,64,160,175,187,206,267,143,155,150,163,268,284,188,172,178,2,0.7734843498610502,0.8303433153684998,3920.5,-0.42423160547869065,-0.5946547727018529,-0.5946547727018529,0.2846875,0.2809992370228104,0.109375,0.7734843498610502,-0.42423160547869065,-0.5946547727018529,0.2846875,0.2809992370228104,-0.5946547727018529,1509.8844681749524,33.373910637343215,2.8354405966834024,24.867588847293007,-0.5946547727018529,-0.34716739928656126,1012.1213687573293
50,Chloe Muellers,20496112,2,01:05:54,2025-04-04,2025-04-06,0.8363414259611823,166,69,124,144,146,166,217,127,140,132,149,169,181,184,177,130,2,0.7654128969124581,0.8363414259611823,3953.5,-0.553842011117307,-0.6887401025167508,-0.6887401025167508,0.2680208333333333,0.2642532031887185,0.15104166666666666,0.7654128969124581,-0.553842011117307,-0.6887401025167508,0.2680208333333333,0.2642532031887185,-0.6887401025167508,1510.0813951864766,33.22187231459123,2.8290051364375204,24.73485690527867,-0.6887401025167508,-0.4412527291014592,1023.7745150193758
51,Kelsi Cook,21654699,6,01:00:10,2025-04-04,2026-03-29,0.8394463545216574,128,33,64,79,72,80,43,74,91,82,96,64,84,65,58,122,6,0.7166248939501093,0.7542522467257958,3610.0,-0.8232315842325413,-0.9822953059883109,-1.0686978120925488,0.19335096994040893,0.18864909766082297,0.033112582781456956,0.751119281349222,-0.8595572825943962,-0.9770582171252049,0.18076755123586363,0.1763116961672238,-1.543100185109178,1525.9936458534798,37.3544274730691,1.71603713518767,32.206316067506094,-1.0384569349560655,-0.8394084043259589,1025.519356627349
52,Mathew Nettlow,21922695,4,00:55:34,2025-04-04,2026-03-29,0.8402756067860102,197,35,101,84,77,82,101,91,66,97,73,99,83,80,59,98,4,0.7220179485297782,0.7583768417315759,3334.5,-0.8233433463310184,-0.9603803170752125,-1.0658426184938752,0.15698327162126421,0.15267807290420354,0.05263157894736842,0.7820659687027767,-0.706773205349398,-0.7890230756555123,0.20790432425284316,0.2038864959719231,-1.1459704964092836,1523.9611696298718,38.39465927970435,2.076149561823191,32.16621059423478,-1.0289308129973431,-0.7853803170752125,1035.1660411074033
53,Simmie Berman,20729491,5,00:49:12,2025-04-04,2026-03-29,0.8443317195821001,71,45,46,31,32,32,45,42,28,50,35,40,33,41,35,38,5,0.6495606452944434,0.7864425578911178,2952.2,-1.1046764621704066,-1.358840772652473,-1.3892503373746634,0.07998818633373607,0.07374768579740809,0.01282051282051282,0.7115112565399553,-1.053929224356319,-1.2062597332968403,0.11532884028057457,0.10988660407299657,-1.4949541518305824,1532.5241564718497,41.33214897616657,1.961072704136735,35.44893086375637,-1.3786069897218967,-1.2023160142274878,1073.8115176884626
54,Lauren Kautz,21576268,6,00:45:06,2025-04-04,2026-03-29,0.8471225929489454,48,63,24,14,13,13,9,23,11,30,17,23,17,21,10,19,6,0.6039273052516504,0.8298014251560456,2706.3333333333335,-1.3299831197094358,-1.7029354207696752,-1.6613205058837566,0.04166932910448449,0.03530407137729464,0.005235602094240838,0.6786548890454854,-1.2751855239094663,-1.4798281242725775,0.07518776463661545,0.06966272689980516,-2.0001974440562473,1539.8005185536097,45.60057842316704,1.9296641327722048,39.81158602485043,-1.6758857260938282,-1.560048519107323,1107.8354302134617
55,Noelle Westbom,21976684,1,01:48:26,2025-04-04,2025-04-04,0.8480187695516163,361,71,447,463,523,490,501,499,505,506,517,378,394,472,584,320,1,0.8480187695516163,0.8480187695516163,6506.0,-0.31046339131171563,-0.15279851692802304,-0.15279851692802304,0.5078947368421053,0.5052910052910053,0.5078947368421053,0.8480187695516163,-0.31046339131171563,-0.15279851692802304,0.5078947368421053,0.5052910052910053,-0.15279851692802304,1499.3898305084747,24.52790181256805,3.791984146826955,13.151949372087186,-0.15279851692802304,0.19720148307197694,983.4695728639666
56,Grey Rogers,17732004,2,00:57:29,2025-04-04,2025-04-06,0.8533755009514634,292,73,253,273,276,313,347,224,240,230,247,321,337,222,209,252,2,0.8197726106805915,0.8533755009514634,3449.0,-0.37937943373889677,-0.42527811351344874,-0.42527811351344874,0.3416230366492147,0.3382174028034911,0.18324607329842932,0.8197726106805915,-0.37937943373889677,-0.42527811351344874,0.3416230366492147,0.3382174028034911,-0.42527811351344874,1507.5438800588422,31.81546819516197,2.8249568119766617,23.340597759231983,-0.42527811351344874,-0.17779074009815715,994.1204744166314
57,Beatrice Endler,22703189,13,00:53:35,2025-04-04,2026-03-29,0.8549209956601949,155,22,77,57,45,54,23,77,59,83,67,73,51,7,26,148,13,0.7083938661904502,0.7294172027914141,3214.923076923077,-0.9700964811660722,-1.1480580055558387,-1.2438258224966667,0.1508496481707163,0.13970277515912394,0.02247191011235955,0.7626095219467072,-0.8091162274034214,-0.9190437829063283,0.1828789578872232,0.1767718813683481,-1.7540572361260451,1549.4716900048643,39.843849897568305,1.21575036169719,36.196598812476736,-1.210307086567377,-1.0509854712164235,1020.1091023046345
58,Kim Knaub,23741633,9,00:50:13,2025-04-04,2026-03-29,0.8611821326908292,130,24,82,48,40,48,38,90,61,89,46,72,39,20,37,90,9,0.672790400387944,0.733624696466467,3013.4444444444443,-1.0518921993283965,-1.2046764605115385,-1.2910964818261543,0.1512849391621104,0.09091077881259708,0.029411764705882353,0.7525325256505846,-0.8101690556566505,-0.9096297624463239,0.20648124550794345,0.18657090619359748,-1.590452979915231,1540.1804041785779,39.81848219625405,1.5058421876269688,35.30095563337315,-1.2608494743660388,-1.0880097938448718,1038.5355499981529
59,Skye Vandeleest,21927536,14,00:53:36,2025-04-04,2026-03-29,0.8638921818030556,57,44,43,53,41,52,39,41,58,46,63,45,52,6,28,147,14,0.6994830494472504,0.786050982938247,3216.285714285714,-0.9669161670514137,-1.1693774016040592,-1.2702134163083292,0.1459153401002327,0.13028152033133886,0.0275,0.6940046558627784,-1.0045740449333365,-1.2361221714360204,0.1105783197989733,0.10458606938204416,-1.5869592986887728,1549.5444916448396,39.60263240788901,1.1793061213373057,36.064714043877096,-1.2349208111618348,-1.0758359669347106,1020.2466441458894
60,Eric Goulet,21848873,7,00:53:17,2025-04-04,2026-03-29,0.8669461756439776,256,67,104,189,153,102,71,110,169,113,169,107,274,86,54,384,7,0.8037450243840567,0.832163037879755,3197.285714285714,-0.4342325867096765,-0.5599226568886964,-1.1345261735569252,0.2960580236927634,0.28652532795474944,0.05128205128205128,0.8067200882695708,-0.6720324076098949,-0.7527007935114464,0.2461238048632663,0.23974721487077677,-1.2797119690018424,1522.6268111954066,37.557898064565904,1.6407817973776284,32.63555267243302,-0.9334149427230451,-0.42763509133546684,972.6362926090467
61,Kaitlyn McCluskie,22862266,5,00:48:56,2025-04-04,2026-03-29,0.8718573438597834,55,84,37,44,37,45,54,29,39,37,48,31,40,51,39,51,5,0.6573675932617956,0.8754026381615928,2936.0,-1.0446860763430075,-1.2606803117712453,-1.2709805865368426,0.10159225591162764,0.09689622200069171,0.02,0.6925865220015875,-1.1415350916219444,-1.3072445586167745,0.09293233271963638,0.08827436779036885,-1.4537992323009428,1529.6424797562634,40.482517093208905,1.885335543218987,34.82651046355194,-1.2673754903688836,-1.10415555334626,1062.6666544307113
62,Victoria Le,21557405,1,01:01:49,2025-04-12,2025-04-12,0.8724594561769208,298,81,140,162,216,186,248,135,152,140,158,117,130,254,346,97,1,0.8231247225920995,0.8724594561769208,3709.0,-0.6515665506759213,-0.6433074841543481,-0.6433074841543481,0.27941176470588236,0.2740740740740741,0.27941176470588236,0.8231247225920995,-0.6515665506759213,-0.6433074841543481,0.27941176470588236,0.2740740740740741,-0.6433074841543481,1505.471747310022,29.697618115257193,3.7859672570713134,18.339716344043254,-0.6433074841543481,-0.29330748415434815,1035.3084446522696
63,Jen Lunsford,22408132,10,00:55:51,2025-04-04,2026-03-29,0.8757175952941378,149,51,81,62,52,59,56,70,53,76,62,79,60,16,47,127,10,0.699521269699362,0.7965605140712276,3351.2,-0.9266720792793336,-1.1108611887159117,-1.21991094836857,0.13607754247374798,0.1300681763939662,0.038461538461538464,0.7600482193256632,-0.778110219405894,-0.9108948659749305,0.17530129681271325,0.1706666656217229,-1.4391632605450073,1541.6541408789521,37.92969995360226,1.354703487643315,33.86558949067231,-1.1817435324901395,-1.0001814706100185,1024.5919329236176
64,Christopher Nammour,23741737,5,00:49:31,2025-04-04,2026-03-29,0.8763188037689466,59,86,39,46,43,55,51,36,44,43,52,32,43,55,44,54,5,0.6648034453289731,0.8810161966295909,2971.0,-1.0269265866673707,-1.2302958939971487,-1.193745013790168,0.11557361486680859,0.11097192149294768,0.02197802197802198,0.6973028794503171,-1.1284002284727939,-1.2851851916944665,0.10374038101950406,0.0991511563020423,-1.4579344436579067,1528.5078581923287,39.81764536072139,1.8819375002770664,34.171832859890195,-1.2065378218626113,-1.0737711355721635,1059.2120068262507
65,Ashley Ernst,22459591,1,01:05:21,2025-04-26,2025-04-26,0.8775696200572349,25,85,35,37,57,42,65,14,13,17,18,35,32,175,206,20,1,0.6460701927829956,0.8775696200572349,3921.0,-1.1071823627230661,-1.3093957157167007,-1.3093957157167007,0.05128205128205128,0.038461538461538464,0.05128205128205128,0.6460701927829956,-1.1071823627230661,-1.3093957157167007,0.05128205128205128,0.038461538461538464,-1.3093957157167007,1510.7670764752481,36.63627985675286,4.403876778972463,23.42464951983547,-1.3093957157167007,-0.9593957157167007,1107.3459970134638
66,Leslie Richardson,22640026,8,00:58:39,2025-04-04,2026-03-29,0.8815168166197651,145,58,87,72,65,68,62,87,69,93,79,97,78,38,56,141,8,0.7093861451632151,0.8220608066202837,3519.375,-0.848451234345929,-1.0128076567800863,-1.1694476985763993,0.16142174300187878,0.15583411623586702,0.06802721088435375,0.7591323378014636,-0.7110492993559475,-0.856803682520507,0.20020086330926384,0.1956616760143813,-1.3501686653363427,1533.366332284852,36.86533684879675,1.496707704747117,32.3752137345554,-1.1146236839476897,-0.8890639700724405,1020.9305645406295
67,Danielle Rumph,24174014,3,01:00:51,2025-04-12,2025-08-02,0.8817613070130045,283,83,132,155,141,173,236,124,144,129,153,103,116,159,189,176,3,0.8156320474357219,0.8747974215067581,3651.3333333333335,-0.6814795354979233,-0.6617458023032747,-0.6808786176812629,0.27430803630494033,0.26913218203540784,0.24358974358974358,0.8153126736696141,-0.6868449637518502,-0.6679777247795177,0.26662846312614114,0.2615265558813946,-0.6617458023032747,1512.1038698332284,30.989231565624504,2.351269687659664,23.935422502645512,-0.6741821322989671,-0.4596732080869057,1012.4522594974753
68,Chris Viox,23887819,8,00:49:52,2025-04-12,2026-03-29,0.8877940487619637,51,66,40,35,29,31,48,34,35,42,42,38,37,18,38,59,8,0.644134754987145,0.8320605899599962,2992.125,-1.0722960867333544,-1.3303759560931605,-1.4188070453248098,0.09205002461297,0.08444613955770304,0.04081632653061224,0.6834384911233595,-1.0779401902521348,-1.2731362951570182,0.10147496774466044,0.0948427817091475,-1.4786645594314904,1540.665409238475,39.82630846764576,1.530250267798718,35.235557664249605,-1.3878561640937326,-1.2066322693855147,1056.9067012745581
69,Max Figura,19892601,2,01:10:00,2025-04-04,2025-04-06,0.887815802873456,254,92,221,238,243,277,318,203,217,213,224,271,287,228,218,222,2,0.8047182435208983,0.887815802873456,4199.5,-0.42000781090375433,-0.4943672276555241,-0.4943672276555241,0.32979166666666665,0.32634376068825804,0.23958333333333334,0.8047182435208983,-0.42000781090375433,-0.4943672276555241,0.32979166666666665,0.32634376068825804,-0.4943672276555241,1507.1509788530782,31.506521971229503,2.821622354202173,23.041654908622984,-0.4943672276555241,-0.2468798542402325,1003.1924677436682
70,Maud Dias,21851725,7,00:50:53,2025-04-04,2026-03-29,0.8887179250062625,107,74,63,54,48,53,59,55,43,62,50,67,56,27,41,81,7,0.6660154669308133,0.853847376516151,3052.5714285714284,-0.9368128271236559,-1.1650911350147137,-1.2622771036008453,0.1128084745009398,0.10493551441621725,0.028985507246376812,0.7383942184804932,-0.8369157295443029,-0.9893580285616441,0.1510568533241678,0.14531021031710092,-1.384715634345029,1536.3456110966997,39.54199895241734,1.6397260404148193,34.62282083117288,-1.2282620145956993,-1.032803569461484,1041.7847367128254
71,Sydney Richards,23764697,1,01:06:11,2025-04-26,2025-04-26,0.8887602553550829,28,94,41,43,62,46,72,20,22,22,25,37,35,183,246,23,1,0.654308782336464,0.8887602553550829,3971.0,-1.0814099613561419,-1.2669869491035477,-1.2669869491035477,0.0641025641025641,0.05128205128205128,0.0641025641025641,0.654308782336464,-1.0814099613561419,-1.2669869491035477,0.0641025641025641,0.05128205128205128,-1.2669869491035477,1510.1354975278796,34.57980714041298,4.205738981357681,21.96259019633994,-1.2669869491035477,-0.9169869491035477,1102.7253991093612
72,Jessica Streitz,22035203,12,00:52:33,2025-04-04,2026-03-29,0.8929252339866142,109,37,70,61,50,61,20,81,76,86,81,75,59,12,30,151,12,0.7062455191935717,0.763901159632553,3152.75,-0.9269646512992621,-1.1214894160552238,-1.1993929633579252,0.17037079063754076,0.159315237549983,0.016483516483516484,0.7396099472105577,-0.7930871555962734,-0.9651916988662247,0.185928012318214,0.18078262501758458,-1.7781040807160018,1544.2112230833206,39.66947010524921,1.2646803848975876,35.87542895055645,-1.1721267218019797,-1.0204531189470392,1019.5277256648671
73,Kevin Collins,20853119,5,00:52:44,2025-04-04,2026-03-29,0.8944614142741363,200,77,92,96,87,111,121,83,89,90,94,76,87,82,81,144,5,0.749639154505684,0.8620903547443051,3163.8,-0.8051049477015836,-0.8814923417893905,-0.9425197941271131,0.19030434841414506,0.18585816182613157,0.09547738693467336,0.783148449073755,-0.7913077906138397,-0.835306278469625,0.1946960625916434,0.19042336095114687,-1.0471316589461723,1523.7228551843646,36.18196334015569,1.8549506598037717,30.617111360744374,-0.9211601858089102,-0.7249675833644053,1020.5695856214915
74,Nhi Nguyen,24713127,2,01:00:22,2025-04-04,2025-04-06,0.8987830489082983,382,99,377,398,405,431,446,326,340,334,350,448,468,273,249,373,2,0.8577980050938723,0.8987830489082983,3622.5,-0.23353529518097,-0.24130420377529527,-0.24130420377529527,0.40791884816753926,0.40485321343559905,0.24083769633507854,0.8577980050938723,-0.23353529518097,-0.24130420377529527,0.40791884816753926,0.40485321343559905,-0.24130420377529527,1504.7885227557485,30.306294788132814,2.8209576068723274,21.84342196751583,-0.24130420377529527,0.006183169639996322,974.1153072574768
75,Feifei Xue,23888265,7,01:00:11,2025-04-04,2026-03-29,0.9013092478283916,129,100,73,152,128,152,82,69,168,74,164,74,182,114,82,312,7,0.7769257239361215,0.8994168517154472,3611.4285714285716,-0.5533857211712517,-0.6669735549714461,-0.7754709592844417,0.2951585256848415,0.28101906791271986,0.05,0.7515700585695426,-0.7988744317370382,-0.9417490119772516,0.1721813466139124,0.16528195588676564,-1.2352656819721466,1516.3575129886071,35.34135728822075,1.6219804104779696,30.47541605678684,-0.7374968677748932,-0.5346859894182165,984.921504862922
76,Kelley Vallecillo,21414212,3,01:08:37,2025-04-04,2025-05-24,0.904543346346158,110,104,131,187,178,133,281,103,154,109,159,195,278,169,169,231,3,0.7681602699701914,0.9007424651661052,4116.666666666667,-0.4278520696057961,-0.5623320912760885,-0.9293424958993142,0.2825587606837607,0.2765484228558764,0.11538461538461539,0.7406271025113021,-0.5215759723254862,-0.672504306253341,0.24076522435897435,0.23338534311593323,-0.5623320912760885,1511.3236913757187,32.11590741718031,2.3748353922436327,24.991401240449413,-0.8008888542811853,-0.3602594970597195,998.4555801652463
77,Christina Harwell,22713270,7,00:56:17,2025-04-12,2026-03-29,0.9082895713401202,187,55,85,47,38,69,15,99,64,105,72,82,44,42,49,68,7,0.6983736548137914,0.8065987240239104,3377.1428571428573,-1.0196521924363204,-1.2272610588114659,-1.044159146408323,0.15356285989591326,0.14803969263687208,0.007042253521126761,0.7761355063674736,-0.7533075803869349,-0.8751352487215003,0.23000437677871519,0.22568291232828636,-1.8533128563268215,1532.449867854911,38.336118275469474,1.6263224316474214,33.45715098052721,-1.1082448157494231,-1.0949734932582365,1048.4954128749469
78,Lachlan Davidson,22732814,1,01:56:17,2025-04-04,2025-04-04,0.9094108446298228,524,108,559,564,618,577,591,587,601,593,607,481,508,537,637,430,1,0.9094108446298228,0.9094108446298228,6977.0,-0.1850532220940329,0.009003586778949803,0.009003586778949803,0.5578947368421052,0.5555555555555556,0.5578947368421052,0.9094108446298228,-0.1850532220940329,0.009003586778949803,0.5578947368421052,0.5555555555555556,0.009003586778949803,1498.0338983050847,23.469109069942053,3.7928860362634547,12.090450961151689,0.009003586778949803,0.3590035867789498,965.8623309376648
79,Yvonne Feucht,17732010,6,00:51:37,2025-04-04,2026-03-29,0.909857250229122,126,117,58,65,60,78,86,58,54,65,64,49,58,47,55,91,6,0.6966883502801151,0.9183106647782605,3096.8333333333335,-0.9317571366872546,-1.0804121003297134,-1.0322257064580629,0.13720700764473293,0.1319336596578067,0.09424083769633508,0.7506205207460583,-0.9423986128820336,-1.0273833628483302,0.1534005084574563,0.14852249955149321,-1.2207077438273577,1530.4288126525885,37.679228517889044,1.709584603736737,32.550474706678834,-1.0490909443131406,-0.9375251986673613,1038.0253530749078
80,Emily Russell,24858852,2,00:49:48,2026-03-27,2026-03-29,0.9109504590251944,86,110,84,93,109,119,162,76,82,85,91,111,122,137,97,75,2,0.7243575557649047,0.9109504590251943,2988.5,-0.6611687117537774,-0.8863026812954269,-0.8863026812954269,0.1825,0.17839195979899497,0.06,0.7243575557649047,-0.6611687117537774,-0.8863026812954269,0.1825,0.17839195979899497,-0.8863026812954269,1514.2539378770798,37.62580222575227,2.8276626813931736,29.142814181572746,-0.8863026812954269,-0.6388153078801353,1044.6733782455901
81,Kyle Kossin,20539458,10,00:50:19,2025-04-04,2026-03-29,0.9132870364322336,108,97,72,59,49,49,32,71,71,77,71,84,72,17,22,116,10,0.6878783895836562,0.8978939660065077,3019.2,-0.8674271011494546,-1.1391356025343085,-1.3084286486708416,0.16434696578722907,0.14735693502324382,0.015,0.7389112078922726,-0.7523516105347104,-0.9512977874871631,0.17676248815813977,0.17069090994611205,-1.6975647155261904,1541.4259191942663,41.22260061312795,1.457414663591482,36.85035662235351,-1.249176082523055,-1.0284558844284153,1027.3742597435023
82,Stephen Hall,23849778,2,01:19:19,2025-07-05,2025-08-02,0.9136930867199584,300,113,162,177,188,209,269,131,149,137,157,128,140,197,243,164,2,0.8236463648199601,0.9136930867199584,4759.0,-0.6305467386836066,-0.5931217170522121,-0.5931217170522121,0.277105620648667,0.27236559139784944,0.26282051282051283,0.8236463648199601,-0.6305467386836066,-0.5931217170522121,0.277105620648667,0.27236559139784944,-0.5931217170522121,1509.1861855262587,30.543644201264986,2.8156465314680723,22.09670460686077,-0.5931217170522121,-0.34563434363692047,1015.0139776140308
83,Chloe Glikbarg,21927541,11,00:56:16,2025-04-04,2026-03-29,0.9161673277571488,104,62,59,67,58,62,40,62,80,69,86,63,73,23,42,161,11,0.7000221809796836,0.8284532082658195,3376.090909090909,-0.8653403302689342,-1.06294145584874,-1.2139120296593087,0.17438470988730495,0.16753977354284386,0.03,0.7338480090704118,-0.8680091214998147,-1.001910454941234,0.15910308896541053,0.1541204714564644,-1.5684031053397145,1539.7180116808215,38.15913943182901,1.3010506396288626,34.255987512942426,-1.1610723288256097,-0.9574124852465228,1015.866534680025
84,Katherine Dilks,18624739,5,00:55:24,2025-04-04,2025-08-09,0.9207721396807867,21,61,42,40,36,34,46,43,38,49,45,43,45,50,53,49,5,0.6417401666945164,0.8273011758022972,3323.8,-1.016989324406557,-1.2881569489739626,-1.4100033306592181,0.09872850678733032,0.09068648204651317,0.0392156862745098,0.6273251751689211,-1.0201499852105431,-1.260599467684744,0.11683964932126698,0.10612257665199643,-1.486393258238267,1530.2312145683552,38.65719444599411,1.9223394603233044,32.89017606502419,-1.3673570970693787,-1.1316321905489772,1066.210781434514
85,Jessica Rottenbacher,24581974,4,00:50:20,2025-11-15,2026-03-29,0.9231138486106064,89,174,54,55,54,64,77,52,50,60,58,48,50,81,61,56,4,0.6678609564153067,0.9794012210749283,3019.75,-0.9796585900428791,-1.156786411021796,-1.1532093304601376,0.12896097342077242,0.123250881685914,0.06532663316582915,0.7252936335556035,-0.9674664212739952,-1.0836841347073385,0.14389631585611484,0.13892481650916683,-1.2554484729616253,1523.7285643330922,38.18679035154348,2.072319364644448,31.969832257610136,-1.1544613086567181,-0.981786411021796,1058.0066429956298
86,Emily Chandran,21181014,6,00:55:45,2025-04-04,2026-03-29,0.9235930661128722,189,93,94,68,63,70,76,84,52,91,61,90,71,44,51,100,6,0.6921982663371652,0.8880319751203389,3345.1666666666665,-0.8676031869041528,-1.0549901219445896,-1.1098783289243745,0.13557428572032842,0.12923813436679207,0.06770833333333333,0.7770872932024213,-0.7288630498366455,-0.8082435449204491,0.19654919350653882,0.19148850721090577,-1.2561595634327787,1531.623585450129,38.45328157205787,1.736587806419817,33.243518152798416,-1.0906674564814498,-0.9121032202822376,1034.5711754733586
87,Melissa Harlow,22623572,5,00:56:40,2025-04-04,2026-03-29,0.9273688307386504,106,101,68,86,78,81,107,61,77,66,83,62,89,73,75,120,5,0.6930219986225534,0.8995007825134097,3400.2,-0.7807852465252332,-0.9312352137879522,-1.091077266969397,0.17073100734607516,0.16364151505483165,0.09183673469387756,0.737799607993396,-0.8744161924760621,-0.96904206134831,0.15887495681954347,0.1528334180069419,-1.126873994264475,1524.379014710881,36.48445188703694,1.8826100532867047,30.836621727176826,-1.0351325483558913,-0.7747104553629669,1026.21720285651
88,Sabrina Monserate-Lindsay,22549913,10,01:06:36,2025-04-04,2026-03-29,0.9295683703663478,271,82,145,122,102,127,106,117,117,123,122,154,108,57,91,298,10,0.7609055028712384,0.8736158248686076,3996.2,-0.7106076476250702,-0.7678394317761416,-0.8851055235802812,0.23290617292599788,0.22742204333996874,0.10294117647058823,0.8107045798453887,-0.5765865083941257,-0.6280780125478133,0.25946911915321325,0.2553178190431754,-1.1313439056476458,1528.3990606128748,33.34470691564589,1.3368480624771102,29.334162728214558,-0.8440623914488323,-0.6571597136702483,986.4340236357251
89,Taylor Reed,19958106,10,00:57:16,2025-04-04,2026-03-29,0.929974859922632,135,96,91,71,61,73,57,94,74,99,78,89,75,31,60,157,10,0.6759587950044978,0.8949536097838904,3436.5,-0.8632200803792767,-1.0423759199606377,-1.0868280398519587,0.1689685411869219,0.15568829573529847,0.05527638190954774,0.7558376272992924,-0.7289971129849522,-0.8468749233586805,0.21712718597086106,0.21137247414402194,-1.4374083402672728,1535.5138038170105,36.13332479064429,1.3790291334214098,31.99623739038006,-1.0712697978899963,-0.9316962018547444,1017.0524238857213
90,Sarah Craig,22195650,5,01:01:15,2025-04-04,2026-03-29,0.9330718756745564,175,138,100,128,120,116,94,92,118,96,123,94,148,99,89,217,5,0.7401466296752637,0.9392347884025719,3674.8,-0.6083293059664996,-0.744447840149068,-0.9967753757061855,0.23309755887279535,0.227629327219144,0.06862745098039216,0.7713342379367094,-0.7160088549700795,-0.792706371426932,0.20814507971844518,0.20316499114792524,-1.1721982637581316,1519.269214984468,35.273112008263865,1.8704027003002486,29.66190390736312,-0.9084607382611943,-0.5879230817240827,1004.2724692137687
91,Gail McCormick,21423906,5,00:58:13,2025-04-04,2026-03-29,0.9356372735380244,224,89,170,114,107,63,60,147,115,152,121,290,184,89,84,189,5,0.718399436540649,0.8854709399422965,3492.6,-0.549807600229723,-0.8019293814383248,-1.349004654163879,0.22849275362318838,0.2227805179268687,0.055,0.7920957959427217,-0.40637138387640576,-0.5744845852987511,0.28749547101449274,0.2827803070634973,-1.3746931805360099,1521.2895770904643,35.97491271666186,1.8839964392313922,30.322923398967685,-1.157528308709935,-0.6454046230133396,1010.6102974424253
92,Rose Barrett,23838242,5,00:53:14,2025-04-04,2026-03-29,0.9360545268550656,273,91,151,120,113,158,117,120,108,126,114,157,115,85,79,200,5,0.7572145088053704,0.8873228397941603,3193.8,-0.6867837260527423,-0.7801924674629054,-0.6871257606209685,0.21612054375213102,0.21133706593486695,0.06282722513089005,0.8117340392182553,-0.5735706439190289,-0.6141583110890042,0.26089267093771784,0.2566618799467725,-1.0751856872153598,1523.0621644091234,36.23888043962246,1.862490471218663,30.651409025966473,-0.7196991080156465,-0.6236677090379201,1008.26709683787
93,Sammy Brownlow,20453946,14,00:53:40,2025-04-04,2026-03-29,0.937388019755939,181,50,120,66,56,41,28,122,87,127,92,191,76,10,27,199,14,0.701976003449106,0.7956773956758431,3220.1428571428573,-0.8520275997327181,-1.0676295979153763,-1.4488610181312318,0.18805822079724252,0.17870319628958842,0.014492753623188406,0.7735689108136938,-0.5237034576045672,-0.7072804647379006,0.2630428807305018,0.25816956756017784,-1.719104916062748,1545.430835122138,39.69197090066207,1.1892650868723253,36.124175640045095,-1.3154300210556824,-0.9740881632460278,1008.2855017941547
94,Andrea Kyle,18141625,5,00:53:10,2025-04-04,2026-03-29,0.9374160274960316,97,134,48,38,35,37,50,47,33,52,38,42,38,43,40,45,5,0.6667107751655321,0.935953294292894,3189.8,-1.054106221249116,-1.3018146975767462,-1.3892503373746634,0.08565025240883316,0.08017957912325036,0.01834862385321101,0.728545956643478,-1.027022215569219,-1.1554933403545744,0.11988642502939006,0.11492597491308323,-1.4606375380963479,1531.9341983394602,40.56280533457298,1.936071101630636,34.75459202968107,-1.3586478634453925,-1.1452899391517608,1067.3640812754081
95,Tally Klinefelter,21896776,4,00:52:16,2025-04-04,2026-03-29,0.93921451848218,319,78,243,121,117,110,111,187,111,194,117,356,146,93,87,169,4,0.752810402523608,0.8704503056657102,3135.75,-0.6133548862403544,-0.7737460150044971,-1.0013676103978428,0.22025850785340312,0.21628537423961916,0.07853403141361257,0.830765146919704,-0.3457775847742376,-0.44864805177677336,0.3135667539267015,0.3100899233007141,-1.098678801157049,1520.3830056960956,36.13042872366157,2.063905206852966,29.938713103102675,-0.9217000520101719,-0.5987460150044972,1014.2211454185957
96,Ariana Murphy,23764484,2,01:14:00,2025-04-04,2025-04-06,0.9393741831611588,392,139,444,462,455,489,500,383,401,390,409,578,594,326,270,447,2,0.8613126580162561,0.9393741831611588,4440.0,-0.08825969923637325,-0.153883540363195,-0.153883540363195,0.4426041666666667,0.43972480202057407,0.2552083333333333,0.8613126580162561,-0.08825969923637325,-0.153883540363195,0.4426041666666667,0.43972480202057407,-0.153883540363195,1503.1221711497915,29.44624307887984,2.8207365756701748,20.984033351869314,-0.153883540363195,0.0936038330520966,964.3493437050503
97,Jarom Chung,22755028,6,00:51:22,2025-08-02,2026-03-29,0.9394322417676846,158,188,86,117,105,90,95,72,103,80,105,86,138,71,65,215,6,0.7608774889857441,1.0007974105015318,3081.6666666666665,-0.6357076279949307,-0.7898139478034866,-1.0983528147075026,0.21124522349190122,0.20110680104573309,0.1,0.7637437736379358,-0.746234876807829,-0.872055788024698,0.180085164264722,0.17443070885088932,-1.1703753556831398,1524.900881076534,36.65979536580034,1.7358231060433003,31.45232604767044,-0.9903642112910969,-0.6469270461411345,1004.721748780465
98,Aubrey Barrow,23764523,6,01:00:30,2025-04-04,2026-03-29,0.9402930862595452,203,98,102,110,99,121,67,95,114,100,118,92,104,79,76,205,6,0.737218407691417,0.8983258852300656,3630.5,-0.7192957086408134,-0.8186592387011041,-0.8946854011550402,0.2259579932451449,0.2202518506946186,0.035,0.7838434361877828,-0.724564606178258,-0.7852061153454508,0.2233905473074397,0.21867218959782914,-1.3084465901196418,1524.0977292106086,35.940203621046955,1.723153355169344,30.77074355553892,-0.8680762442961627,-0.6757723370387521,1006.7389572336913
99,Lindsay Wang,21583590,7,00:54:45,2025-04-04,2026-03-29,0.9404683854990395,286,75,164,97,85,84,74,132,94,138,98,190,103,56,74,195,7,0.7289997923990816,0.8558784304145742,3285.285714285714,-0.7201806752481164,-0.8698635562901611,-1.0994825941375115,0.200996448002763,0.1954065367460966,0.07692307692307693,0.8161602239395886,-0.5254488593140012,-0.578941978787533,0.2775937271379498,0.27341190573539265,-1.2622714552126704,1528.399342626315,35.628545772447175,1.5926630344395092,30.850556669128647,-1.0191159308909388,-0.7375759907369316,1008.7923165530359
100,Josh Trauger,17731877,3,00:57:59,2025-04-04,2025-06-20,0.942476136978892,49,95,79,109,114,74,177,75,105,79,109,88,127,124,122,117,3,0.7126280667253925,0.8916725759508733,3479.0,-0.6563438189346349,-0.8205483324443064,-1.197956521217633,0.21217790781233958,0.20518307227233065,0.07329842931937172,0.6819618249517935,-0.7364431717737372,-0.914900379637638,0.18119225438866646,0.17257889298929474,-0.8205483324443065,1515.65682322633,34.57304726066459,2.394460054970122,27.38966709575422,-1.065863655146969,-0.6184757382279373,1027.3087241782864
101,Calie Curran,22465006,5,01:03:36,2025-04-04,2026-03-29,0.94306927292414,258,102,174,179,152,148,112,142,165,148,170,218,244,131,111,305,5,0.7668466154433805,0.9001461339133288,3815.6,-0.4799725434765576,-0.5858971116994771,-0.8265463484950882,0.2935217366502274,0.28672275801379266,0.05527638190954774,0.8072479966774619,-0.4906616269630222,-0.5679710645897882,0.2846205015661382,0.2790064532744052,-1.0977294893278053,1514.9737197372474,33.495925395982056,1.863179848920176,27.90638584922153,-0.7423191156166244,-0.42937235327449186,985.7721140606488
102,Alexx Cisotto,20527721,4,01:12:11,2025-04-04,2025-05-03,0.943796376243647,470,135,364,384,339,376,313,350,368,356,376,380,438,247,228,489,4,0.8725910207776967,0.936959102826909,4331.25,-0.2618624916931783,-0.25729876154899145,-0.3807575505399774,0.4196279531549462,0.41591657407385263,0.2760416666666667,0.8882720975847987,-0.30619894815679016,-0.2587314932904686,0.4204093989569512,0.4163757954544347,-0.49873628643107853,1505.6715582769896,28.73353943926497,2.055715472776078,22.566393020936736,-0.3375469743931323,-0.08229876154899146,958.7798639762739
103,Colleen Campbell,23751465,1,02:00:58,2025-04-04,2025-04-04,0.9460375391032324,604,142,629,637,684,643,659,627,632,636,640,560,570,566,666,511,1,0.9460375391032324,0.9460375391032324,7258.0,-0.11023314236968292,0.1004103454597889,0.1004103454597889,0.5815789473684211,0.5793650793650794,0.5815789473684211,0.9460375391032324,-0.11023314236968292,0.1004103454597889,0.5815789473684211,0.5793650793650794,0.1004103454597889,1497.3559322033898,22.929259459655583,3.7937253041075865,11.548083547332823,0.1004103454597889,0.45041034545978886,955.8242378998946
104,Shannon O’Hara,21469145,4,00:57:22,2025-04-04,2026-03-29,0.9474742552216504,370,129,270,266,233,293,223,204,215,214,223,319,323,166,127,357,4,0.8217045181971718,0.9291865811456598,3442.0,-0.3886788275751719,-0.43973832966891246,-0.46838584820942986,0.3283548139914231,0.32492826973784394,0.11055276381909548,0.8510587793313101,-0.38007370969836013,-0.4072053267131886,0.3298715024730985,0.32647547947071887,-0.6763109393770755,1511.8819587299886,33.20938457209358,2.0529337686881877,27.050583266029022,-0.4583592167202487,-0.2647383296689125,976.4506362531133
105,Bethany Litus,24191389,4,01:06:33,2025-04-04,2026-03-29,0.9540142408640714,483,90,458,392,350,458,337,369,337,379,345,535,473,231,166,515,4,0.8505373936542202,0.8857712598408759,3992.75,-0.2271633498825807,-0.24623961527417704,-0.18052338647356161,0.40651051309177466,0.4034766183007389,0.15577889447236182,0.8922042905060223,-0.12955981732975172,-0.1408531787665018,0.43272761835493256,0.42984855736112015,-0.45197544607142365,1506.7909290553516,31.227016118235266,2.049571429052075,25.07830183107904,-0.203524066553777,-0.07123961527417705,955.102806710784
106,Melissa Germait,21259768,4,00:56:08,2025-09-17,2026-03-29,0.9541992204874544,352,145,202,292,255,276,209,172,245,180,245,200,333,201,115,381,4,0.8464913298341432,0.9528220002183,3368.0,-0.3840096733278055,-0.39917158936785624,-0.5469883065735137,0.3459481292517007,0.33749512402193615,0.17,0.844049791029849,-0.5147518210513851,-0.514592595789861,0.3048490646258504,0.2987726876391088,-0.7145058409811602,1508.7836850141791,33.99711535467955,2.0863062312519247,27.738196660923776,-0.4952524555515336,-0.22417158936785625,972.97440584211
107,Taylor Puch,24675996,2,00:53:02,2026-03-27,2026-03-29,0.9558125698518692,103,153,69,82,90,96,139,60,67,67,74,60,69,132,104,62,2,0.7324620460731082,0.9558125698518692,3182.5,-0.8928698053445921,-0.9678670213013758,-0.9678670213013758,0.1575,0.15326633165829145,0.11,0.7324620460731082,-0.8928698053445921,-0.9678670213013758,0.1575,0.15326633165829145,-0.9678670213013758,1514.807228255326,37.14576068137103,2.818375362417117,28.69063459411968,-0.9678670213013758,-0.7203796478860842,1055.0532773462744
108,Audrey Beasley,24701381,2,00:51:56,2026-03-27,2026-03-29,0.9558686979182296,121,154,99,116,124,136,185,89,97,95,102,122,134,146,119,96,2,0.7484602630833004,0.9558686979182296,3115.5,-0.6447006009673855,-0.7936870795553539,-0.7936870795553539,0.2025,0.19849246231155776,0.125,0.7484602630833004,-0.6447006009673855,-0.7936870795553539,0.2025,0.19849246231155776,-0.7936870795553539,1513.039489080626,35.93218474190033,2.8139689445230847,27.490277908331073,-0.7936870795553539,-0.5461997061400623,1035.3225840454818
109,Elizaveta Gallagher,20533269,9,01:06:34,2025-04-04,2026-03-29,0.9573174289682214,259,136,185,159,127,181,79,149,143,155,148,259,196,84,99,360,9,0.7661828110297725,0.9371503258567745,3994.3333333333335,-0.5348828442628459,-0.6529909349861465,-0.6518850698355924,0.2702800089109648,0.26413177389676457,0.075,0.8073028823961568,-0.4416833582771835,-0.5463746669474451,0.28989781382428154,0.285277304626134,-1.2523664636948786,1523.2982390380203,33.330644045045474,1.4165967336861087,29.08085384398715,-0.6522721226382863,-0.5363242683194798,976.0034792686151
110,Aloysia Larson,21856865,7,00:59:41,2025-04-04,2026-03-29,0.9581904766791712,486,65,410,125,111,103,78,435,161,410,146,551,142,68,80,241,7,0.7788097974596033,0.8306889680840196,3581.0,-0.627900664371874,-0.7588547468202502,-1.0264274126446515,0.2892721068856,0.2614881692218639,0.07537688442211055,0.8926503784404591,-0.11637255674316366,-0.19344319349996442,0.4723793571994389,0.4488901253052507,-1.2552777913090667,1525.1767302542598,35.63635931747864,1.6716320367485291,30.621463207233056,-0.9327769796061112,-0.6265671812670207,995.9953796139768
111,Cosmo Smith,21964658,10,01:03:04,2025-04-04,2026-03-29,0.9600089641674132,326,68,206,108,91,101,98,158,100,165,107,229,92,40,69,257,10,0.75226054684461,0.8356152940090247,3784.2,-0.7547655508302002,-0.8258524324158889,-0.9951451723234014,0.210332659566772,0.2046109402743273,0.10897435897435898,0.8333993246196738,-0.47509664216000536,-0.5106045100008711,0.297266473385589,0.2929560194345015,-1.1560117036944335,1532.577951700457,35.01806644548385,1.3397488824099415,30.99881979825403,-0.935892713355772,-0.7151727143099956,993.2261823593715
112,Min-Yee Deng,19326944,7,00:52:18,2025-04-04,2026-03-29,0.9603305780014232,168,114,95,49,44,44,52,97,46,101,53,91,53,28,46,73,7,0.6439597578350268,0.9149523254203756,3138.0,-0.9550396965814848,-1.201806282310644,-1.3239681409511108,0.12074039860259536,0.11351476634430566,0.018867924528301886,0.7667304069193757,-0.72508797688687,-0.8052020832955699,0.2237588243165705,0.21878707783949214,-1.457778312768254,1536.3433237003178,38.90513197778273,1.6550650484782794,33.93993683234789,-1.2812114904269474,-1.0695187167574143,1045.804626997496
113,Sarah Froeschle,20745223,1,01:11:41,2025-04-26,2025-04-26,0.9626184483208792,69,156,60,75,104,88,129,35,40,39,44,54,64,208,310,41,1,0.7086834733893558,0.9626184483208792,4301.0,-0.9113121123344418,-0.9998088412548044,-0.9998088412548044,0.10256410256410256,0.08974358974358974,0.10256410256410256,0.7086834733893558,-0.9113121123344418,-0.9998088412548044,0.10256410256410256,0.08974358974358974,-0.9998088412548044,1508.2407606857744,31.279281284356937,3.978451903535323,19.343925573750965,-0.9998088412548044,-0.6498088412548044,1072.7691474759865
114,Samantha Burton,22842370,3,01:17:59,2025-04-12,2025-07-05,0.963169678835596,250,162,134,127,125,126,193,154,147,141,140,105,97,217,244,137,3,0.786560239503609,0.9685027965652728,4678.666666666667,-0.7388054991050154,-0.7466343424736258,-0.8965498933989963,0.27644832767544103,0.2547008547008547,0.20588235294117646,0.8032027626438505,-0.6777571208815387,-0.665109890781689,0.291773331849296,0.2743589743589744,-0.7466343424736258,1507.6588499312993,29.585262299028802,2.497196909226935,22.093671571347997,-0.8440794505751166,-0.5445617482572568,1021.4602938040942
115,Annabelle Platt,22870980,5,01:00:24,2025-04-04,2026-03-29,0.9639848618748486,233,88,159,112,101,94,110,134,112,139,116,165,102,90,92,172,5,0.7253540079051263,0.8825743292671095,3624.2,-0.7255075822398015,-0.8138239411802575,-1.054545445213076,0.22100034176349967,0.21562539794489016,0.12987012987012986,0.7985773094896015,-0.5562130998013687,-0.597000288199484,0.27796073991797676,0.27343375013468907,-1.1013709089966885,1521.2448665742522,34.96317566879534,1.8769337130256076,29.332374529718514,-0.9702929188015895,-0.6572991827552722,1013.4755744101503
116,Billy Weaver,17731982,1,02:03:17,2025-04-04,2025-04-04,0.964155370177268,652,157,654,663,707,668,687,675,673,683,681,592,603,588,693,545,1,0.964155370177268,0.964155370177268,7397.0,-0.07322249795087633,0.14432556333007696,0.14432556333007696,0.6026315789473684,0.6005291005291006,0.6026315789473684,0.964155370177268,-0.07322249795087633,0.14432556333007696,0.6026315789473684,0.6005291005291006,0.14432556333007696,1496.8135593220338,22.489547498865917,3.794607520537672,11.105724937252901,0.14432556333007696,0.49432556333007693,951.1950404763904
116,Karen Gregory,22820088,1,02:03:17,2025-04-04,2025-04-04,0.964155370177268,652,157,654,663,707,668,687,675,673,683,681,592,603,579,687,545,1,0.964155370177268,0.964155370177268,7397.0,-0.07322249795087633,0.14432556333007696,0.14432556333007696,0.6026315789473684,0.6005291005291006,0.6026315789473684,0.964155370177268,-0.07322249795087633,0.14432556333007696,0.6026315789473684,0.6005291005291006,0.14432556333007696,1496.949152542373,22.60023751433801,3.7943682028296504,11.217132905849057,0.14432556333007696,0.49432556333007693,951.1950404763904
118,Iryna Shvydchenko,21412436,10,00:55:54,2025-04-04,2026-03-29,0.9651217899641472,58,76,12,28,26,16,4,50,83,57,87,11,31,22,17,53,10,0.7054674329067929,0.8559831095579048,3354.5,-1.129978150732582,-1.4199093949298334,-1.7565168834203528,0.18263600895980608,0.1701300125521231,0.006802721088435374,0.6944325676335279,-1.4647804584207846,-1.7865173070525007,0.13578765763243136,0.12916596094673985,-2.3955595518581663,1539.724565307291,41.84974086824983,1.4339489602475066,37.54789398750731,-1.638704262448671,-1.3092296768239402,1059.4993002907565
119,Rose Robbins,22555702,5,01:03:20,2025-04-04,2026-03-29,0.9659180034546672,331,150,229,271,222,221,159,174,235,186,239,245,351,164,124,406,5,0.8183380582200916,0.9537501748664534,3800.2,-0.36417133842614247,-0.4316140755979626,-0.6385764745125823,0.3380457746478873,0.33437496792939486,0.1,0.8357831130810899,-0.45208335549663037,-0.47852608426506704,0.30604423415492954,0.3023520441873696,-0.8997679590521148,1511.993649550646,32.73526150341727,1.8505374169404647,27.183649252595877,-0.5661396348924654,-0.27508931717297735,968.9240372707839
120,Jennifer Luscher,18641580,2,01:05:21,2025-04-04,2025-04-06,0.9668916212633244,584,161,686,692,683,691,716,631,638,643,650,793,804,506,350,703,2,0.936196730462829,0.9668916212633243,3921.0,0.24191958815637454,0.2024297795955105,0.2024297795955105,0.5838612565445026,0.5816847394869082,0.28272251308900526,0.936196730462829,0.24191958815637454,0.2024297795955105,0.5838612565445026,0.5816847394869082,0.2024297795955105,1498.6025616892173,26.68782232094021,2.826338247416012,18.208807578692173,0.2024297795955105,0.4499171530108021,923.9235955049126
121,Nicole Pichette,24126099,4,00:59:36,2025-07-12,2026-03-29,0.9669208416097168,264,124,173,106,103,99,118,150,107,157,113,180,101,103,112,138,4,0.7282853092146779,0.9243038209817578,3576.5,-0.7258583837818019,-0.8302576958529558,-1.025109182762898,0.21602781281051747,0.20999728904643272,0.11235955056179775,0.8092954360248833,-0.5351302745084812,-0.5706361712404767,0.2902014064052587,0.28558909678452293,-1.072448942245936,1518.7530733625613,34.09704710242563,2.0716116049416784,27.88221228760059,-0.9569111623444183,-0.6552576958529559,1021.3964990991323
122,Christine Parsons,22609934,7,01:05:29,2025-04-04,2025-11-01,0.9670147139117766,139,185,122,194,155,170,173,102,167,108,172,119,213,112,142,370,7,0.7872151751175085,0.9956395445454307,3928.714285714286,-0.5100590986085499,-0.5533379332487776,-0.7495166971672628,0.2948678056616126,0.2885885931673536,0.19047619047619047,0.7580343600433943,-0.6487507444647564,-0.6939416426779416,0.23922528343900903,0.23297140327221322,-0.8414121733011698,1516.6084344086453,31.34022895051494,1.5950202517678571,26.55516819521137,-0.680854129795793,-0.42105036769554804,974.6629321743391
123,Jenna Wyly,22861870,6,01:02:26,2025-04-04,2026-03-29,0.9694320300064192,279,121,211,101,92,105,68,156,98,160,103,291,111,83,86,186,6,0.7250676795775498,0.9227491237127223,3746.3333333333335,-0.6948528133056723,-0.8542636412542213,-0.9718478920267822,0.20587236220586394,0.19909214547191156,0.057971014492753624,0.8148550616174275,-0.4057410434900213,-0.5031235713550393,0.2955129878113043,0.290356929872213,-1.3007124265854448,1523.300088762865,35.19741209794148,1.733579270874876,29.996674285316853,-0.9306934042563859,-0.7113767395918692,1011.2928838171548
124,Kelly Buhr,18956787,8,00:56:12,2025-04-04,2026-03-29,0.9695629006993702,169,56,96,50,42,50,35,96,51,102,60,96,47,29,43,83,8,0.6741804113875279,0.8206574529948041,3371.75,-1.0064431706996437,-1.1976078302873914,-1.260796611245811,0.1338069081522228,0.1286763721383543,0.02112676056338028,0.7667758217711659,-0.7130135528662345,-0.8031130540161817,0.22347207406078717,0.21924116110426436,-1.6531740022460617,1536.2358650842323,38.71402734337763,1.5013543462204657,34.20996430471623,-1.2386805379103643,-1.0738641435797456,1041.24457548755
125,Elena Christenfeld,24712164,2,00:55:11,2026-03-27,2026-03-29,0.9700997654810402,246,164,204,220,232,253,303,146,159,153,167,309,320,176,134,225,2,0.8023190327344567,0.9700997654810402,3311.0,-0.3890414717577554,-0.5123798925004366,-0.5123798925004366,0.2864258793969849,0.2828282828282828,0.07035175879396985,0.8023190327344567,-0.3890414717577554,-0.5123798925004366,0.2864258793969849,0.2828282828282828,-0.5123798925004366,1510.6787484943054,35.22971794662881,2.822501583912781,26.762213194890467,-0.5123798925004366,-0.264892519085145,1001.8792927100459
126,Michelle Bone,22862138,5,00:59:15,2025-04-04,2026-03-29,0.9706758904610916,291,137,193,180,154,137,135,148,148,154,156,206,209,111,113,294,5,0.7807475396194116,0.9391332352285902,3555.2,-0.5161197074598423,-0.5830536658044709,-0.9003478962487677,0.2764780507450665,0.2714248618348063,0.1346153846153846,0.8193803998030873,-0.5044015066037775,-0.5312854450520886,0.2888753523962948,0.28442829320903906,-0.9727015193381514,1517.0816908725171,33.37026044201494,1.859459682657448,27.791881394042594,-0.7892949155932638,-0.4265289073794857,987.0318978368399
127,Elizabeth Nelson,20722068,6,00:55:52,2025-04-04,2026-03-29,0.9713956863638584,339,87,254,105,96,86,89,217,110,222,115,334,110,69,68,193,6,0.7473998788863817,0.8814283879636534,3351.8333333333335,-0.7012687346471106,-0.8346433927319906,-1.1020124852563202,0.2186878989124592,0.21372076329708242,0.0707070707070707,0.8400076417157163,-0.3657792321424336,-0.4248453955863899,0.33857797975466397,0.33456470374067077,-1.20972127507223,1525.1609564874343,36.187563457867235,1.709603336511866,31.058753448331636,-1.008433302872805,-0.6917564910696385,1009.2912763613846
128,Dawne Rasmusson,18475588,6,00:54:21,2025-04-04,2026-03-29,0.9715572984603632,230,111,144,70,64,66,49,126,63,131,70,183,80,45,48,103,6,0.6929334392540646,0.9122435167631733,3261.0,-0.8436513075809113,-1.0471363158932367,-1.1772071728628137,0.15274748937955118,0.14702765528321882,0.021052631578947368,0.7970103371774964,-0.5313580463097931,-0.6300562723638246,0.2672450463562472,0.2627381878211921,-1.468324703489434,1531.1916391724517,38.74489258922782,1.744321355081523,33.511928523983244,-1.1316823729234617,-0.9042494142308847,1032.7348737423652
129,Rebecca Streitz,22035202,12,00:56:18,2025-04-04,2026-03-29,0.976145395630772,185,57,105,99,80,106,44,109,120,116,124,106,93,36,52,272,12,0.7491493420176246,0.8212986611489064,3378.25,-0.7479924821439954,-0.8633536078591059,-0.9638092050515796,0.23760113066301605,0.22834691257695872,0.039735099337748346,0.7753572760541312,-0.6733509741301209,-0.7493015178363195,0.24604651239074127,0.24144304065944652,-1.5200452625281056,1534.2280526276647,36.821949460894196,1.242047836836429,33.09580595038491,-0.9286497460342138,-0.7623173107509214,990.3071393793983
130,Ashley Bromiley,21988310,12,01:01:29,2025-04-04,2026-03-29,0.9762879821799796,322,107,273,92,76,87,58,236,101,240,106,404,99,32,64,255,12,0.7228228638112606,0.9082396278960402,3688.8333333333335,-0.7330368893669701,-0.8916641372788456,-1.070542066579097,0.21049211316311692,0.2037197188300012,0.029411764705882353,0.8326792205613686,-0.28189996341912105,-0.402116711680926,0.35110910523064354,0.3468087834771963,-1.4050234454757708,1535.4882142321242,35.3332242672787,1.2440199725060472,31.60116434976056,-1.007934791324009,-0.7906278401706611,993.3563835700311
131,Hope Thompson,21857882,4,01:05:17,2025-04-04,2026-03-29,0.9764336122946102,468,103,469,406,362,398,283,391,364,397,372,567,504,226,167,525,4,0.8397344363580298,0.9003670479610887,3917.0,-0.18678750256016444,-0.23440225343751914,-0.32977329602037686,0.4171052631578947,0.4141208688947382,0.16842105263157894,0.8876290427385851,-0.10505054668160352,-0.12109323508524794,0.44480263157894734,0.44198505756294704,-0.5566224772586914,1507.3058804445159,31.2185944894609,2.0533094842968604,25.058666036570322,-0.29639343111637667,-0.05940225343751915,953.9943532627528
132,Kate Yee,23765860,5,00:52:38,2025-04-04,2026-03-29,0.9766999061291142,228,141,176,94,86,112,91,137,88,143,93,265,118,77,71,146,5,0.7058202522041717,0.9415094972257039,3158.2,-0.6784817676526713,-0.8852687219714982,-0.9286830615701518,0.19000655967088353,0.18292479142122095,0.061224489795918366,0.795600589809567,-0.4283431978867586,-0.5621158466275914,0.281077324227989,0.27559159934440947,-1.1939753132674804,1524.202789257545,36.67410819920315,1.8961834092692713,30.985557971395334,-0.913488042710623,-0.7287439635465129,1020.3188113996587
133,Mary Beth Harris,21696301,3,01:18:09,2025-04-04,2025-11-01,0.9776095655092024,587,115,632,656,598,623,680,589,608,598,614,674,714,526,328,714,3,0.9297554710397465,0.9150307206214517,4689.333333333333,0.08702902370409175,0.12718455989753485,0.04972655389880765,0.5644760711302065,0.5619469262914801,0.28421052631578947,0.9374648868467407,0.039477317642330534,0.10782005839785305,0.5594114751163624,0.5567341673213498,0.12718455989753485,1498.185750611052,25.922585980812432,2.3476046658574634,18.87977198324004,0.07683685599836218,0.3292571541139039,922.5376834989031
134,Katie Ruberg,22862145,4,01:02:58,2025-04-04,2026-03-29,0.9781300457939178,405,144,390,337,291,365,255,314,294,321,299,552,513,195,148,459,4,0.819963796381901,0.9507664073893481,3778.0,-0.17592093947301105,-0.3254383952340382,-0.35686959346087754,0.37677083333333333,0.37359572732773816,0.105,0.8645382509530429,-0.11552773177231955,-0.21891696011273679,0.3983854166666667,0.39534057723170835,-0.6261686523697519,1509.2580291598426,32.47634199607577,2.055336260692792,26.310333213997392,-0.34586867408148375,-0.15043839523403824,963.195088516721
135,Cassandra Sands,24605598,2,00:59:41,2025-09-12,2026-03-27,0.9793101990724712,137,172,111,134,134,155,201,145,158,70,80,93,106,134,336,109,2,0.756608690445415,0.9793101990724711,3581.0,-0.7169308110294883,-0.7232129572104118,-0.7232129572104118,0.28580402010050254,0.1590909090909091,0.25,0.756608690445415,-0.7169308110294883,-0.7232129572104118,0.28580402010050254,0.1590909090909091,-0.7232129572104118,1514.5028324776817,29.3110165952717,3.524078214592155,18.738781951495234,-0.7232129572104118,-0.4757255837951202,1029.7180599758135
136,Dawn Wilson,22640070,1,01:22:58,2025-07-12,2025-07-12,0.9793186749844528,215,173,186,199,264,231,287,200,210,201,208,147,160,421,523,125,1,0.7891566265060241,0.9793186749844528,4978.0,-0.5841511107687068,-0.5459995008779494,-0.5459995008779494,0.3258426966292135,0.3146067415730337,0.3258426966292135,0.7891566265060241,-0.5841511107687068,-0.5459995008779494,0.3258426966292135,0.3146067415730337,-0.5459995008779494,1500.5748807174073,25.922342589382673,3.8596377519101366,14.343429333652264,-0.5459995008779494,-0.19599950087794937,1025.0466452139506
137,Jessica Derby,20563304,8,00:56:11,2025-04-04,2026-03-29,0.9803938691574984,253,146,127,98,82,108,92,113,95,119,99,130,90,49,66,220,8,0.7405627360482809,0.9530692467334033,3371.125,-0.758551850729126,-0.8696079428804732,-0.9555322858628357,0.20112033878026636,0.19565560414093816,0.027522935779816515,0.8046718550713596,-0.6301071776679084,-0.681449082469419,0.2514403019419796,0.24687647736352925,-1.1917290558850693,1530.240516649745,35.60453715235992,1.5013930959338702,31.100357864558305,-0.9254587658190088,-0.7458642561728274,1003.6525119400831
138,EB Caron,17731902,5,00:59:21,2025-04-04,2026-03-29,0.9832144949025357,354,132,292,160,131,128,116,225,139,229,147,379,204,102,98,253,5,0.7672837071576276,0.9336938906899999,3561.2,-0.5239960217378038,-0.6498455499644222,-0.9478437526307167,0.26701716917922946,0.2615960208520523,0.10050251256281408,0.8447143134117417,-0.30839666245542485,-0.3736414428620727,0.3422870864740369,0.3379046543767811,-1.0806583855287197,1518.9215819605954,34.69963802864654,1.868381375122757,29.09449390327827,-0.8435443816975137,-0.493320791539437,994.0307070741829
139,Alyssa Zackler,18141627,7,01:00:27,2025-04-04,2026-03-29,0.9838870796101382,193,126,115,91,81,85,83,107,96,114,101,133,98,61,78,184,7,0.7219577620447437,0.927824099009371,3626.714285714286,-0.7338692506432043,-0.8920491171930232,-1.0789208779520556,0.2023066223432827,0.19771492380889644,0.09375,0.7792236540466075,-0.6166735851008617,-0.7172533531617019,0.24448472759821577,0.24040878624400067,-1.2318694393434984,1527.337877309281,35.40629407708855,1.5841027376708332,30.653985864076056,-1.0135157616863943,-0.7597615516397936,1011.6801945184036
140,Robyn Curtis,23766346,5,01:00:56,2025-04-04,2026-03-29,0.9841014886841604,435,123,398,253,210,162,132,327,205,333,212,516,325,144,126,388,5,0.8061953047243046,0.9239078303970583,3655.6,-0.38666055377530195,-0.4605176141722193,-0.8422829950093542,0.32234672746046844,0.3174984486434106,0.09547738693467336,0.873360325504985,-0.15062839656741572,-0.2096039447773712,0.40846682305580495,0.40460147594323426,-0.9806053038269248,1513.3281767047451,32.63360215303249,1.860744299002099,27.051369256026195,-0.708665111716357,-0.30399285574723406,972.1574919455169
141,Ben Weissmann,24719111,3,00:50:50,2025-11-15,2026-03-29,0.9845670146664732,79,194,62,58,59,47,102,64,49,73,57,65,55,91,62,50,3,0.65741934552282,1.0108011557253003,3049.6666666666665,-0.9387277788966379,-1.1441796287170043,-1.3289063042281868,0.12782051282051285,0.12321681668415337,0.038461538461538464,0.720944884004298,-0.8555007908687744,-0.9926021384716242,0.16461538461538464,0.1602518084930145,-1.1441796287170043,1521.1922114886022,38.88681730443261,2.3733510841338092,31.766764052031185,-1.264251967799273,-0.9421070345006353,1063.8295854324901
142,Carolyn Papke,21551407,3,01:08:09,2025-04-04,2025-05-24,0.9851155555169088,336,178,408,561,534,284,588,290,431,291,433,579,735,364,284,642,3,0.8833169294986837,0.9869327500920609,4088.6666666666665,0.11679679453588876,0.006320154592879934,-0.7391323419265594,0.45765852239674226,0.4526621487478404,0.16666666666666666,0.8384385554208825,-0.08622572073844015,-0.19795696021572123,0.38491055846422334,0.37845765052191926,0.006320154592879934,1502.18191322813,27.579733044194683,2.376076913267623,20.451502304391813,-0.47822396814475565,0.20839274880924896,934.086212915956
143,Lindsey Niedzwiecki,24687010,2,00:56:21,2026-03-27,2026-03-29,0.9924065344976348,285,181,241,258,261,297,336,161,173,172,183,339,354,189,157,245,2,0.8161415571266274,0.9924065344976348,3381.0,-0.36186107702375925,-0.4521900212310258,-0.4521900212310258,0.3002638190954774,0.296736206283945,0.10552763819095477,0.8161415571266274,-0.36186107702375925,-0.4521900212310258,0.3002638190954774,0.296736206283945,-0.4521900212310258,1509.8837940476951,34.20189701678108,2.8130180657190427,25.762842819623955,-0.4521900212310258,-0.20470264781573422,995.6609751020032
144,Edith Lewis,21976246,9,00:56:38,2025-04-04,2026-03-29,0.9930868253073092,491,70,429,139,118,115,80,368,130,374,136,541,147,53,70,325,9,0.7745383069426294,0.8468530812627981,3398.1111111111113,-0.6083474718258035,-0.711853783524004,-1.0196543491783359,0.25769088675146024,0.2500454674112619,0.049019607843137254,0.8942073956573029,-0.12595167001291482,-0.16987319004795445,0.43202616039450875,0.42734439263566404,-1.2455731570294823,1529.48823631334,35.26775195548954,1.4245888676612015,30.99398535250593,-0.9119241511993197,-0.5951871168573373,982.2530990073317
145,Tammy McLeod,17593433,6,00:57:21,2025-04-04,2026-03-29,0.9948065357749608,281,130,218,104,95,117,66,164,102,174,110,292,126,66,73,196,6,0.7215711616815869,0.9313496213691836,3441.1666666666665,-0.657105163703188,-0.8373818789432779,-0.9381872446298409,0.2106577286725797,0.20631024257085065,0.027472527472527472,0.8149631889748716,-0.40401418657917626,-0.49859967057054266,0.30181924157310297,0.29813183585049574,-1.309337895932387,1525.5541426701438,36.004065857585346,1.7113242738681498,30.870093035980897,-0.9029053666395438,-0.6944949772809258,1008.7415114109915
146,Michelle Micheli,18859031,4,00:58:04,2025-04-04,2026-03-29,0.9951970619976368,426,151,365,261,223,287,220,303,222,312,232,437,292,153,141,342,4,0.8168417275553489,0.9542286792283575,3483.75,-0.41248831249047846,-0.4470541595258947,-0.49032262334175564,0.33235602094240835,0.3289539804284581,0.165,0.8703492981625609,-0.24407088580123976,-0.2577972204031568,0.3911780104712042,0.38809508066649034,-0.6849739237509249,1512.4727441201142,32.751375512363424,2.0520733981280426,26.595155317979298,-0.4751786610062043,-0.27205415952589473,978.3809014102843
147,Danika Dorris,23786677,3,01:10:21,2025-04-04,2026-03-27,0.9957914193192724,243,112,286,336,308,286,401,271,313,275,319,269,350,243,248,367,3,0.8195469228079015,0.9127085278246184,4221.333333333333,-0.3649072588609483,-0.32579297823002284,-0.5585377259825439,0.38904478533015957,0.3859078138810132,0.3105263157894737,0.8011543864428583,-0.42258234827432245,-0.3839791651681531,0.37218559904787096,0.3689763149562144,-0.32579297823002284,1505.7147580085195,28.940082485868867,2.3449094614025494,21.905354101661217,-0.4770770642691616,-0.12372038401365382,975.1564161730458
148,Linnea Shieh,21923506,3,00:51:00,2025-11-15,2026-03-29,0.9979855787979336,98,215,65,64,67,56,115,63,57,72,66,61,61,104,85,58,3,0.6749521150791383,1.0342623497996726,3060.0,-0.9258325129496353,-1.0822818840778938,-1.257480894955241,0.14177241518950062,0.13711144615667228,0.08542713567839195,0.7298910433104562,-0.8746105014037685,-0.9768811411435931,0.16382931139212548,0.15936624793408713,-1.0822818840778938,1518.6763035924012,37.1811062338556,2.357855401715769,30.107540028708293,-1.1961612411481695,-0.8802092898615248,1057.6506567433294
149,Chelsea Widmaier,21181439,8,01:03:38,2025-04-04,2026-03-29,0.9988699144410418,434,109,345,268,206,308,145,255,221,259,227,405,283,121,128,512,8,0.8243651021427765,0.9101566381062762,3817.5,-0.42444997379200833,-0.4380252633922738,-0.4327581871958282,0.332148239643381,0.3273955165794251,0.10256410256410256,0.8728742205369804,-0.2808975372995042,-0.2822517374130108,0.3634896323206277,0.35980332248957136,-0.9519362109679114,1516.0403682292845,31.412264857611394,1.4845674321383766,26.958562561196263,-0.4346016638645842,-0.31428157668462803,955.521327134626
150,Elizabeth McElveen,18518434,7,01:05:59,2025-04-04,2026-03-29,0.9989230849247768,413,116,370,113,97,109,70,337,137,337,128,499,100,75,106,219,7,0.7517398301657933,0.9166384930632844,3959.285714285714,-0.7307043467757762,-0.8136264373841015,-0.9855270501375119,0.26520519051273944,0.23274420950269395,0.145,0.8655772857522587,-0.16862989384663502,-0.25287539963230626,0.4147327659097938,0.4053266935414287,-1.282364092420307,1524.3197724712277,33.47347318618268,1.6704102466667088,28.462242446182554,-0.9253618356738182,-0.6813388718308719,1003.6865863403773
151,Trisha Siedlecki,18495081,6,00:56:23,2025-04-04,2026-03-29,0.999373388759638,174,120,112,77,69,83,73,108,79,115,84,113,77,62,77,118,6,0.6765011760455056,0.9222604934588832,3383.0,-0.8490313237097626,-0.9952207094392752,-1.0322167874427226,0.173393607385663,0.16673305136454217,0.03773584905660377,0.7712149940217423,-0.6589626542692794,-0.7230903990157151,0.24578704392057793,0.240991121408835,-1.2633794814294168,1526.9521822815113,35.96429592219942,1.7416045999506442,30.739482122347486,-1.0192681601415159,-0.8523338077769231,1027.0982433497127
152,Elizabeth Winters,23855343,5,01:06:22,2025-04-12,2025-11-01,1.0005952374480975,414,171,323,340,283,349,320,272,309,273,311,311,316,196,229,478,5,0.8810907370431786,0.9788945273179502,3982.4,-0.39328654417121894,-0.32071552146016885,-0.3902100914100077,0.3851681563313584,0.380808118795727,0.29931972789115646,0.8656828676422125,-0.38799562161464124,-0.32717974402583616,0.37231101954952023,0.36795651226492887,-0.4881566786491927,1509.1937370275118,28.10645478179954,1.8472421371315384,22.56472837040492,-0.3658869919275641,-0.1641907630351836,960.1570981027608
153,Katherine Wood,22825074,5,01:21:02,2025-05-03,2025-11-01,1.003555513774336,507,186,396,439,384,411,379,361,397,297,346,402,429,215,237,576,5,0.9167392669623771,0.9974110031728147,4862.0,-0.2722320873125426,-0.18308785605357197,-0.3227982274368127,0.44056483834875343,0.4037551557545728,0.3197278911564626,0.9005563162653356,-0.2844397314551761,-0.2131003960920983,0.42720535168888146,0.3821453845508421,-0.3734649015937537,1507.6888526402029,28.35429942665157,2.000755590392091,22.352032655475295,-0.27389959745267844,-0.026563097628586718,944.7380798463081
154,Jessica Musser,22077461,5,01:00:58,2025-04-04,2026-03-29,1.0064585346136965,528,149,496,426,370,473,231,476,445,467,434,609,507,267,159,582,5,0.87932298365485,0.9535442025026057,3658.0,-0.18576267514590844,-0.20580731029669427,-0.1656483024937976,0.46659162303664925,0.4535398798503797,0.12,0.9112014124333533,-0.059036985797479624,-0.08027785028382664,0.4939348821989529,0.4849203725393887,-0.6650495266450315,1504.9234756908916,31.288685063706925,1.8987546998402611,25.59242096418614,-0.17970395522481142,-0.04928255187170902,943.3562592611379
155,Timothy Miller,23764765,5,00:59:55,2025-04-04,2026-03-29,1.0087981238444474,366,159,340,225,186,199,109,305,230,310,233,457,310,155,120,358,5,0.7871194375113031,0.9660248114235829,3595.4,-0.3998715535137761,-0.5060029392923842,-0.6616053070547694,0.3343815160482586,0.3291513294024301,0.043478260869565216,0.8491601976931511,-0.21746288306007708,-0.29298185009124167,0.39189911506942865,0.3876754126670504,-1.1220090905873856,1512.3997251531216,33.081350365893144,1.8809367148832183,27.43854022124349,-0.6071444783379345,-0.3494781808673989,976.3483218130334
156,Katie Hartzler,24204399,3,00:57:52,2025-06-20,2026-03-29,1.0090771407211545,223,196,177,118,121,79,186,136,109,142,112,230,132,117,110,131,3,0.7198231724208864,1.0114322892640903,3472.3333333333335,-0.6495833945676398,-0.7892243899178336,-1.1814752431967421,0.21613870003612834,0.20906034309500235,0.07537688442211055,0.7919346340014422,-0.47303287707560887,-0.5600356698629738,0.2808540250270962,0.2748857095825583,-0.7892243899178336,1516.1575589543977,35.17456041557945,2.3767061313434703,28.044442021549038,-1.0441874445491242,-0.5871517957014646,1023.7480398897969
157,Ryder Jackson,23848490,7,01:07:40,2025-04-12,2026-03-29,1.0092771710396329,445,140,449,240,181,233,166,380,199,386,204,604,258,106,129,431,7,0.8201378015436347,0.9414637248781893,4059.8571428571427,-0.4511356812247234,-0.49003984744726814,-0.5695353202466401,0.3173786440264078,0.3128837152754466,0.11,0.8799381996293435,-0.061272304256303034,-0.14988432880359476,0.4385839812650215,0.435401429458671,-0.869695852123824,1518.123861299346,31.664423555040614,1.5764114992428078,26.93518905731219,-0.5417119047668599,-0.3577522818940386,965.7741284976415
158,Angella Caton,24638757,2,01:06:42,2025-09-27,2025-11-01,1.0097229504956686,394,193,312,324,329,368,391,267,286,269,289,278,290,246,293,288,2,0.8627214625079331,1.0097229504956686,4002.5,-0.41403990735459556,-0.343311915384503,-0.343311915384503,0.3698141228322315,0.36541824540950163,0.34507042253521125,0.8627214625079331,-0.41403990735459556,-0.343311915384503,0.3698141228322315,0.36541824540950163,-0.343311915384503,1505.6769431976456,28.390488456430155,2.811483647055591,19.956037515263382,-0.343311915384503,-0.09582454196921142,987.9308486165382
159,Jamie Marsigit,24728793,5,01:06:21,2025-04-04,2026-03-29,1.0100000123703967,411,169,403,328,273,192,128,341,296,346,296,536,476,193,146,498,5,0.814734234565336,0.9782328243947946,3981.4,-0.22315852554663335,-0.340108878093868,-0.7795191142071735,0.37712820512820516,0.3726787196333883,0.065,0.8652924875415555,-0.1289428702709075,-0.2055791391990562,0.41549679487179486,0.41174533423901993,-1.005236667061324,1509.4247537794827,31.937089147297833,1.861663410957294,26.35209891442595,-0.6257255315675165,-0.18358411966888272,957.700939557813
160,Rebecca Watson,24223016,3,01:03:10,2025-04-26,2026-03-29,1.0112239074875329,376,192,306,198,189,144,286,215,150,217,154,362,234,161,164,236,3,0.7992722884648114,1.009364024255038,3790.3333333333335,-0.48677910536343827,-0.5467590811418269,-0.8670765919402887,0.27747347850362925,0.270957871460384,0.1507537688442211,0.855242529468785,-0.32545125624223964,-0.35402079235239564,0.33685510887772196,0.331359107112876,-0.5467590811418269,1512.0665989951747,32.31882056537378,2.376731474271345,25.18862614255974,-0.7549654631608271,-0.3446864869254579,997.3720670689984
161,Erika Sorrel,23758313,1,01:11:57,2025-05-24,2025-05-24,1.0112887054576034,91,195,114,137,172,157,206,100,116,103,119,123,135,256,385,76,1,0.7265230562100303,1.0112887054576034,4317.0,-0.6419611125922264,-0.7199742766059286,-0.7199742766059286,0.23076923076923078,0.22077922077922077,0.23076923076923078,0.7265230562100303,-0.6419611125922264,-0.7199742766059286,0.23076923076923078,0.22077922077922077,-0.7199742766059286,1505.413325434032,28.851182908517313,3.8304023656229935,17.359975811648333,-0.7199742766059286,-0.36997427660592863,1043.1522751054683
162,Nick Mueller,21924776,9,01:02:41,2025-04-04,2026-03-29,1.013448080690007,522,125,502,190,145,153,104,470,191,462,193,628,211,88,101,435,9,0.8034133159824258,0.9276221713012939,3761.1111111111113,-0.5114538413022394,-0.5587311663688435,-0.8198266064345694,0.3126435900602155,0.3032379406207179,0.09,0.9085793698703406,-0.03192245720009912,-0.0746859813804367,0.4907467046758553,0.4833788657405647,-1.140518136258981,1521.5424328419663,33.280321824327416,1.4290336498693659,28.99322087471932,-0.7284432024115653,-0.4420644997021768,965.4636058776252
163,Lydia Utkin,22860511,11,01:05:22,2025-04-04,2026-03-29,1.0136300971759775,449,128,414,252,183,225,123,324,220,330,225,494,270,101,117,559,11,0.8234970974375488,0.9280544583553296,3921.818181818182,-0.4408334780178489,-0.46158684794352584,-0.6062107622283643,0.33117792121941203,0.3263740341518041,0.11055276381909548,0.8814861314853728,-0.17123768646614862,-0.1905631157655858,0.40630678325540803,0.40288503602898346,-1.0264285410011516,1518.9307999436178,31.402663502670514,1.2758008482329626,27.575260957971626,-0.5555923922286709,-0.35605787734130856,948.3218100473073
164,Diana Jaffe,21925075,9,00:58:16,2025-04-04,2025-11-15,1.015335436048865,132,72,224,123,106,77,53,227,126,223,131,444,157,48,57,284,9,0.7421060267975277,0.852204883525597,3495.8888888888887,-0.5844976058265319,-0.7626641910020052,-1.204097611062166,0.2509011413795598,0.23941919657301158,0.05660377358490566,0.7526871520646194,-0.23745959130942268,-0.4837368929280956,0.34552987719456907,0.3346592168499823,-1.4539755989803282,1530.3229382343693,36.814864397392206,1.4810437602780657,32.37173311655801,-1.0495959140411097,-0.6459975243353385,988.2479791821371
165,Kelsie Foster,24244256,5,01:03:34,2025-06-20,2026-03-29,1.0164836809517683,345,229,263,188,159,306,172,207,164,212,168,288,193,122,150,315,5,0.7884153840381348,1.0443743640112875,3814.2,-0.5382502393254548,-0.5619023583609812,-0.37085686771213444,0.29248096985272987,0.28615751730301786,0.13,0.8421492561216393,-0.4075837257103783,-0.41333043259056645,0.33038414661639304,0.3260805365410301,-0.8500150163413555,1515.7828995248979,31.650670960708656,1.8551149497139556,26.08532611156679,-0.4377227894392308,-0.405377599935996,984.507189788531
166,Kerry Nicholson,23751429,3,01:08:18,2025-04-04,2025-08-16,1.017361339850122,85,170,146,250,235,130,332,170,256,170,257,246,404,212,185,287,3,0.7659541299600505,0.9788897811994265,4098.0,-0.29964006896233136,-0.4656655095186182,-1.0460314705012457,0.3522258297258298,0.34662231429029045,0.14583333333333334,0.7243467385159966,-0.4509920174450396,-0.6220971917184523,0.3031304112554113,0.2961509462440336,-0.4656655095186182,1508.0200147074386,31.342655243920323,2.400858997246945,24.14007825217949,-0.8429033841573261,-0.26359291530224915,987.9478976221116
167,Michelle Chan,20515638,2,01:23:04,2025-04-04,2026-03-27,1.0178457521500164,211,203,289,305,304,343,375,295,312,301,317,248,259,312,358,259,2,0.7873075832929117,1.0178457521500164,4984.5,-0.45087178677327566,-0.3784534772600552,-0.3784534772600552,0.38772150224808255,0.38455988455988455,0.35175879396984927,0.7873075832929117,-0.45087178677327566,-0.3784534772600552,0.38772150224808255,0.38455988455988455,-0.3784534772600552,1503.6384543845509,26.513424269689832,2.8207549425641565,18.051159441997363,-0.3784534772600552,-0.1309661038447636,992.1058956609196
168,Angela Harrow,23769192,4,00:57:25,2025-04-04,2026-03-29,1.017947944752748,506,152,485,291,253,257,208,400,247,408,255,582,358,154,145,386,4,0.8270079364610105,0.9551139865212701,3445.25,-0.359824765089252,-0.3999144340173396,-0.566626817504188,0.34802010707990216,0.3446872854436991,0.13612565445026178,0.900367868054041,-0.08412944941006406,-0.0983222196260683,0.45100440027361943,0.44821479139450576,-0.7165819068574052,1512.4029067272497,32.53208904338873,2.0542603210734662,26.36930808016833,-0.5082774832837911,-0.22491443401733963,972.3823460658057
169,Casey Abbott,24718370,2,00:56:14,2026-03-27,2026-03-29,1.021507383756079,305,205,368,388,398,425,440,358,380,364,387,619,623,249,190,383,2,0.8252766148226487,1.021507383756079,3374.0,-0.04290235690501065,-0.25482663066090255,-0.25482663066090255,0.425,0.42211055276381915,0.095,0.8252766148226487,-0.04290235690501065,-0.25482663066090255,0.425,0.42211055276381915,-0.25482663066090255,1505.6150275449186,32.38455395791693,2.817036021901581,23.933445892212184,-0.25482663066090255,-0.007339257245610964,972.7536324226201
170,Angie Gazdic,21198876,11,01:01:27,2025-04-04,2026-03-29,1.0231480524942456,165,168,97,103,84,100,88,88,99,92,104,101,105,39,72,266,11,0.7382131319963544,0.9762386473793484,3687.181818181818,-0.7192775508231911,-0.8439741119064585,-0.9958642465824735,0.20726537393456781,0.20087749268586805,0.07339449541284404,0.7652832785100445,-0.7034579643599428,-0.8006135630936726,0.2012276646434013,0.19508184755882585,-1.2105201863267772,1533.1232600986443,34.792928147418664,1.290632440196354,30.9210308268296,-0.9427026994458683,-0.7384451413042413,991.5531800349196
171,Jolanta Starr,23765935,2,01:09:38,2025-04-04,2025-04-06,1.0261266490177852,712,208,856,855,839,852,871,748,746,754,750,953,954,641,455,874,2,1.0032032147476775,1.0261266490177852,4178.5,0.641274331505439,0.5422988729396595,0.5422988729396595,0.6525392670157069,0.6507140967997884,0.33507853403141363,1.0032032147476775,0.641274331505439,0.5422988729396595,0.6525392670157069,0.6507140967997884,0.5422988729396595,1495.8079283921113,24.20922560412864,2.844637944922884,15.675311769359988,0.5422988729396595,0.7897862463549511,885.8857701891836
172,Samantha Saake,22477088,8,01:00:52,2025-04-04,2026-03-29,1.0281232463779586,510,80,507,192,149,143,87,479,194,483,198,656,269,95,107,410,8,0.7873801531369133,0.8716999143051163,3652.375,-0.4414301615967924,-0.555414131361293,-0.8670102709262371,0.3135379504272565,0.308568799585194,0.07482993197278912,0.9018758290651682,0.006884937480812869,-0.0666579239267776,0.49467185472189,0.4915956788300583,-1.2144633782429821,1519.9524499509032,32.652993564184435,1.4912957275889718,28.17910638141752,-0.7579516220785066,-0.43167044465364723,968.4663635392368
173,Karen Kavett,20722129,3,00:52:08,2025-11-15,2026-03-29,1.028471756516897,151,242,116,89,94,92,158,104,90,111,97,155,114,107,96,94,3,0.6930341825323048,1.0514444845495488,3128.0,-0.6880544237745494,-0.9024224129981393,-1.0325902552431518,0.19331501831501832,0.18901282971634728,0.054945054945054944,0.7611620757084899,-0.5750186047064166,-0.7163336128740176,0.24248626373626375,0.238493290628969,-0.9024224129981393,1517.692541661682,36.21492533839277,2.357220106509283,29.143265018864916,-0.9870315104573975,-0.7003498187817703,1036.357175954491
174,Valerie Thurston,21968585,1,01:00:59,2025-08-02,2025-08-02,1.028591464827982,565,210,431,451,518,479,490,335,354,343,364,413,427,360,466,321,1,0.9279736241440528,1.028591464827982,3659.0,-0.27272583958725577,-0.16908334627797222,-0.16908334627797222,0.41346153846153844,0.4096774193548387,0.41346153846153844,0.9279736241440528,-0.27272583958725577,-0.16908334627797222,0.41346153846153844,0.4096774193548387,-0.16908334627797222,1502.2979041093631,26.77111898404328,3.7653287157966364,15.475132836653371,-0.16908334627797222,0.18091665372202775,983.4536642715995
175,Sarah Hauge,22676681,5,01:08:12,2025-04-04,2026-03-29,1.0290418871878129,502,131,475,339,281,218,179,366,270,371,271,548,385,182,161,507,5,0.8355641986753881,0.9329188624108273,4091.8,-0.3174018326130038,-0.3237255122544568,-0.7082982714041133,0.36290666558161927,0.35801334344047914,0.08974358974358974,0.8983329696859425,-0.11896689190270157,-0.11008653447926686,0.4295370937853912,0.42562263950454904,-0.8159323417813771,1510.19475850148,31.062485096669015,1.8734825744393728,25.442037373350896,-0.5736978057017336,-0.16720075382947153,956.3117242811525
176,Katie Erickson,23742868,6,00:59:40,2025-04-04,2026-03-29,1.0292245621683245,323,232,247,136,123,135,114,190,119,196,126,335,162,87,94,237,6,0.7566554424739587,1.0465255576554624,3580.5,-0.5825001029889258,-0.7204702422744056,-0.8381839419079868,0.23753633429092147,0.23240969466189934,0.11009174311926606,0.8327557574553863,-0.36463725847130857,-0.43757262180565554,0.31533401677323697,0.3111748763053036,-1.086032245146316,1522.4864403478755,34.383935904122545,1.7089937759681348,29.256954576218142,-0.7969841470362333,-0.5775833406120535,996.9490575070059
177,Charese Gainor,22048522,9,01:07:21,2025-04-04,2026-03-29,1.0304298822983116,508,118,492,222,165,160,137,421,197,430,201,602,241,94,123,472,9,0.8114258939506495,0.9187172398081594,4041.3333333333335,-0.48099451608647276,-0.5121285586723564,-0.8214181945907452,0.3162981457809353,0.3113794059160958,0.1348314606741573,0.900990453295668,-0.06296827972524333,-0.08796767013789852,0.4651862517492831,0.46182602441175036,-0.9694342010101327,1520.085241596761,31.58334186604405,1.4037124143365012,27.37220462303455,-0.713166822019309,-0.39546189200568976,961.0009352060125
178,John Vullo,23767835,2,01:49:44,2025-04-04,2025-05-09,1.031292982635832,501,212,472,487,481,509,519,378,395,261,277,446,465,291,442,463,2,0.8983321138259551,1.0312929826358321,6583.5,-0.23606985378133147,-0.11549492453446836,-0.11549492453446836,0.4368421052631579,0.36044973544973546,0.4,0.8983321138259551,-0.23606985378133147,-0.11549492453446836,0.4368421052631579,0.36044973544973546,-0.11549492453446836,1504.2967513498268,25.834157288700673,3.3239807693701637,15.862214980590181,-0.11549492453446836,0.13199244888082323,962.8304862180801
179,Meri Cartee,20508154,4,01:08:14,2025-04-04,2026-03-29,1.0314873327580598,329,264,246,216,192,305,242,208,207,216,218,260,225,177,156,309,4,0.7943007398442703,1.0787762633412132,4094.25,-0.4996941898960141,-0.5174156957621575,-0.3974557160195491,0.3246291035353535,0.32044303685324793,0.115,0.8349747087005142,-0.44092713680564716,-0.4458413896983162,0.33043955176767675,0.32667880485878475,-0.6528347637614821,1510.6730871982081,31.956623950947943,2.0575372437840107,25.784012219595912,-0.439441708929462,-0.3424156957621575,985.4724780774546
180,Brooke Ouro-Djobo,22736994,7,01:05:39,2025-04-04,2026-03-29,1.031722315158176,476,165,439,282,219,190,165,349,242,355,248,527,327,149,143,488,7,0.8111765709930001,0.9710817193388664,3938.8571428571427,-0.3864294746119224,-0.4170900106433736,-0.7439824591831252,0.34409850469377407,0.33835862469599726,0.18090452261306533,0.8897849313772825,-0.14030228806126321,-0.16032830889644303,0.42010821607380167,0.41626217940483456,-0.8757198597970676,1512.726127571057,31.287004694631108,1.5901155030736156,26.51665818541026,-0.6295701021942122,-0.2848024450901441,958.8029877174549
181,Amanda Messinger,19369070,4,01:01:00,2025-04-04,2026-03-29,1.037385783843889,527,197,535,479,425,499,389,439,417,446,425,650,589,284,187,584,4,0.8730871803561935,1.0117826385822566,3660.0,-0.09540472609277677,-0.12827568007725482,-0.1373923100886207,0.44841623036649214,0.4456030150753769,0.23,0.911072259967072,-0.0015802929983977088,-0.022210550281013902,0.47420811518324607,0.47154522613065325,-0.3498502347586186,1504.4293102738036,30.166196795105193,2.049047516375764,24.0190542459779,-0.13420148958464265,0.04672431992274517,943.0213762736909
182,Tara Griffitts,23764995,3,00:59:09,2025-04-04,2026-03-27,1.0381515886548502,179,180,244,308,278,223,378,230,282,235,288,336,395,218,220,338,3,0.8002479638809449,0.9893239804104549,3549.3333333333335,-0.3097604686983478,-0.37390714718478174,-0.6674056264653477,0.3682984293193717,0.3650621528696112,0.2198952879581152,0.7721671804277019,-0.36389971594675796,-0.4472817670049233,0.3474738219895288,0.34414837344617827,-0.37390714718478174,1507.6325982105607,30.033725609013977,2.34778847659043,22.990360179242685,-0.5646811587171496,-0.1718345529684127,978.876925046216
183,Kimberly Kenne,18852026,8,01:01:34,2025-04-04,2026-03-29,1.0388268401396874,380,239,299,284,217,270,181,229,249,233,254,346,302,150,140,520,8,0.8237057354845191,1.0491626679349781,3693.875,-0.40663844606305966,-0.41280350488538575,-0.5452412960191515,0.3487912245713723,0.34455753192070765,0.18681318681318682,0.8571370850704904,-0.35623011309744435,-0.35876574216551094,0.34618242158281914,0.34231391379683407,-0.8003586501506518,1512.680018996444,31.07323209639344,1.479002345317387,26.636225060441276,-0.49888806912233347,-0.28905981817773996,954.3058065913156
184,Michelle Gonzalez,22758648,1,02:13:08,2025-04-04,2025-04-04,1.04118873826903,758,224,746,752,778,747,772,732,731,737,736,704,711,621,721,656,1,1.04118873826903,1.04118873826903,7988.0,0.08413930673627971,0.3222668710617215,0.3222668710617215,0.6394736842105263,0.6375661375661376,0.6394736842105263,1.04118873826903,0.08413930673627971,0.3222668710617215,0.6394736842105263,0.6375661375661376,0.3222668710617215,1496.135593220339,21.927114945484217,3.796009060815939,10.539087763036399,0.3222668710617215,0.6722668710617214,931.4686321925144
185,Carter Lennon,22700663,6,01:15:28,2025-04-12,2025-11-01,1.0422548428977845,307,207,240,331,267,363,294,162,271,168,272,215,304,185,197,514,6,0.8731935836427671,1.0241005614168885,4527.833333333333,-0.4063640960151537,-0.334336417514665,-0.35683397903233427,0.36339797539700297,0.35801523653954975,0.25,0.8262419900407931,-0.4946183945327231,-0.4537282540906527,0.3014802599224262,0.29526521312141896,-0.5305847504667662,1510.0718227645852,28.76718751359607,1.7021212456894939,23.66082377652759,-0.34895983250115004,-0.1914495158523129,955.3418327972505
186,Whitney Presley,20865039,5,01:03:56,2025-04-04,2026-03-29,1.0423445871360644,542,182,563,423,368,244,157,505,382,509,386,697,545,235,176,583,5,0.8574029908434924,0.9941780646562648,3835.6,-0.14179003532805606,-0.21074062687277695,-0.6954566244641659,0.42594856076597243,0.42138833865890196,0.07692307692307693,0.916710075190159,0.07333400453825206,0.013482174350807785,0.5115048713159029,0.5080111508139807,-0.908704450738905,1506.3041226919145,30.403258129259164,1.8818715878456385,24.75764336572225,-0.5258060253071798,-0.05421586844779169,943.062052205849
187,Sarah Eggerichs,21550393,7,01:19:19,2025-04-04,2025-11-01,1.044263894309241,509,237,428,592,513,647,325,375,527,383,535,445,649,524,269,786,7,0.945291765234412,1.0482407327980083,4759.0,-0.0054821588425911704,0.04492279976874802,0.13919693307165867,0.5199330265928254,0.5168289605353209,0.2925170068027211,0.9018600745690797,-0.2371302740898702,-0.17062481224446854,0.4352878627981405,0.4314422546978426,-0.48047459285839,1498.26050089913,25.719700661143726,1.5758007163772496,20.992298512011978,0.10620098641563995,0.17721036532197754,907.9037642038542
188,Su Ahn,22636200,1,02:13:32,2025-04-04,2025-04-04,1.0443169968717414,762,228,755,759,784,756,778,745,742,750,748,708,715,644,739,659,1,1.0443169968717414,1.0443169968717414,8012.0,0.09052963383017437,0.32921174912977297,0.32921174912977297,0.65,0.6481481481481481,0.65,1.0443169968717414,0.09052963383017437,0.32921174912977297,0.65,0.6481481481481481,0.32921174912977297,1495.7288135593221,21.581263805955672,3.7970310796140954,10.190170567113386,0.32921174912977297,0.6792117491297729,930.880497530478
189,Juli Logsdon,21552466,2,01:41:36,2025-04-04,2025-04-12,1.0449347646318254,718,231,710,717,713,715,737,711,710,717,714,699,704,708,546,701,2,1.0131844251691753,1.0449347646318254,6096.0,0.07573272212760554,0.2551632008185033,0.2551632008185033,0.6251160990712075,0.6227513227513228,0.6105263157894737,1.0131844251691753,0.07573272212760554,0.2551632008185033,0.6251160990712075,0.6227513227513228,0.2551632008185033,1494.4690947636648,22.303399729850323,2.83083915547914,13.810882263412903,0.2551632008185033,0.5026505742337949,924.4153281182778
190,Becky Guenther,23972699,1,01:00:50,2026-01-25,2026-01-25,1.0468386176083968,275,233,183,196,262,227,284,186,193,189,195,158,171,270,299,123,1,0.8123748052526152,1.0468386176083968,3650.0,-0.571424312627188,-0.5497325080947955,-0.5497325080947955,0.31313131313131315,0.30612244897959184,0.31313131313131315,0.8123748052526152,-0.571424312627188,-0.5497325080947955,0.31313131313131315,0.30612244897959184,-0.5497325080947955,1504.8311250610136,31.062687518404918,3.792379476402436,19.685549089197607,-0.5497325080947955,-0.19973250809479548,1025.2217133739298
191,Brian Wolfe,23764863,2,01:21:30,2025-04-04,2026-03-27,1.0486013463788249,196,238,281,299,298,338,370,322,333,327,339,228,245,340,392,250,2,0.7812849358852492,1.0486013463788249,4890.0,-0.4771070218598817,-0.3880148813127112,-0.3880148813127112,0.4035175879396985,0.4004329004329004,0.4,0.7812849358852492,-0.4771070218598817,-0.3880148813127112,0.4035175879396985,0.4004329004329004,-0.3880148813127112,1502.799170834086,25.61826269673322,2.822187706644977,17.151699576798286,-0.3880148813127112,-0.14052750789741963,994.1702812475779
192,Helen Hu,23764984,5,01:01:30,2025-04-04,2026-03-29,1.0506376712779049,334,221,316,169,142,141,134,245,156,249,162,425,232,125,116,278,5,0.7639642023665918,1.0393651204909102,3690.0,-0.48921008237469843,-0.6069578234306443,-0.8562061374739263,0.28485760073260075,0.2809661910611686,0.13,0.8381628548340454,-0.2566781819453326,-0.33903621726195876,0.35810110462454214,0.35469960989574767,-0.9741184388718679,1515.5404649224643,33.20377871360594,1.8517139816368808,27.648636768695297,-0.7689692275587776,-0.45043306500565905,989.6885682715423
193,Bethany Quinn,23786476,5,01:08:15,2025-05-03,2026-03-29,1.0520951591940928,559,147,573,243,201,177,167,509,206,516,213,689,260,119,137,359,5,0.8217219333129586,0.9530744008701071,4095.2,-0.45051149306921945,-0.48304389748788823,-0.7542876531480109,0.32295458409846994,0.3185484158380555,0.17218543046357615,0.924863120405962,0.0649179467686829,0.028288697550744257,0.5142886377027586,0.511423828118672,-0.8624710313699877,1516.0571493487012,32.25285110773243,1.8513756455656076,26.698724171035607,-0.659352338666968,-0.326519139062903,976.2821753973968
194,Carolyn Canterman,20814175,5,01:27:57,2025-04-12,2025-11-01,1.0536923240946956,478,240,402,491,424,460,366,393,469,392,470,386,496,430,303,620,5,0.9295539514157773,1.0496754706476634,5277.2,-0.2024626976749273,-0.11091677998532465,-0.24142447063270583,0.48312460336467355,0.47800928167312656,0.3382352941176471,0.8902235494572038,-0.29896239924545015,-0.20693686899057592,0.44655783987454645,0.44089526751274477,-0.39195736569218237,1500.3736753214962,25.104776513311325,1.8592986589734448,19.52688053639099,-0.1957467789061224,0.04560797843966061,936.8085541576834
195,Angela Kwon,24718500,2,00:57:31,2026-03-27,2026-03-29,1.0557895493417018,321,245,341,360,375,402,416,261,277,265,281,478,503,229,191,343,2,0.8323040684497977,1.0557895493417018,3451.0,-0.18822902634019797,-0.2889728935070376,-0.2889728935070376,0.365,0.36180904522613067,0.165,0.8323040684497977,-0.18822902634019797,-0.2889728935070376,0.365,0.36180904522613067,-0.2889728935070376,1507.1168040904286,32.338814609930594,2.808203772919895,23.91420329117091,-0.2889728935070376,-0.041485520091746,978.0804526499254
196,Margaret Long,21617866,7,01:00:55,2025-04-04,2026-03-29,1.0564763681130462,487,105,530,133,119,120,75,489,138,493,144,711,177,78,103,263,7,0.7558510712540888,0.9029442982209558,3655.1428571428573,-0.5591078876641074,-0.7267202499244053,-0.9639260004230663,0.2662180741861962,0.26073658874659567,0.052083333333333336,0.893173865172503,0.09475948556337899,-0.029826978196282494,0.5029532339430337,0.49922003511252594,-1.2607155565376595,1524.167403920164,33.64479531607612,1.59587740605419,28.85716309791355,-0.880903987748535,-0.5944326843711758,991.834041449179
197,Emily Lippe,24203272,1,01:18:42,2025-04-26,2025-04-26,1.056843597528759,191,246,126,146,195,168,219,128,141,125,142,102,112,308,462,86,1,0.77805239742956,1.056843597528759,4722.0,-0.6943084928249396,-0.6872631649323527,-0.6872631649323527,0.2692307692307692,0.2564102564102564,0.2692307692307692,0.77805239742956,-0.6943084928249396,-0.6872631649323527,0.2692307692307692,0.2564102564102564,-0.6872631649323527,1503.8197080541954,27.274600000709956,3.9128018231880373,15.536194531145844,-0.6872631649323527,-0.33726316493235275,1040.159728032238
198,Caitlyn McMahan,24719281,4,01:11:02,2025-04-04,2026-03-27,1.056927497034299,205,133,232,278,245,289,265,228,261,231,266,232,279,199,221,354,4,0.7997404977436118,0.9343966545689671,4262.5,-0.42707947595571416,-0.4215482951922134,-0.4963173043071284,0.3581285221654833,0.35362236869774555,0.22631578947368422,0.7841453818694863,-0.4717598914432948,-0.4666434520474827,0.34585977712448884,0.3413133488510373,-0.6005665294293192,1508.823613336367,29.12130458885053,2.06118065846051,22.937762613469,-0.47014815111690816,-0.24654829519221338,976.6740428013848
199,Stephanie Owen,19515336,2,01:23:17,2025-04-04,2025-04-06,1.0570160198429184,659,247,770,771,755,771,793,712,713,718,716,871,876,617,402,787,2,0.9663769266665275,1.0570160198429184,4997.0,0.3924569153523103,0.3537622354852216,0.3537622354852216,0.6255729166666667,0.6236220368860007,0.3411458333333333,0.9663769266665275,0.3924569153523103,0.3537622354852216,0.6255729166666667,0.6236220368860007,0.3537622354852216,1496.1936962974075,25.344695475770145,2.8274830012412826,16.862246472046298,0.3537622354852216,0.6012496089005133,907.6888294824823
200,Josh Nelson,22074241,5,01:07:51,2025-04-04,2026-03-29,1.0588419534199385,519,175,473,368,309,424,271,395,348,403,357,511,382,207,175,522,5,0.861043046475762,0.980401935153376,4071.2,-0.32138565834130695,-0.27889793968901594,-0.24270680003610548,0.4118639021796916,0.4084716857150454,0.245,0.9081189763419473,-0.15593948810928265,-0.11296632961550526,0.44940507044125466,0.44637753202900365,-0.581211613361261,1508.2741559640508,30.305324815031618,1.8484920084937606,24.759848789550336,-0.25537369891462414,-0.12237318126403068,954.261681641255
201,Kristin Blair,22819700,5,01:01:58,2025-04-04,2026-03-27,1.059455077664366,299,184,296,394,334,273,211,284,372,277,368,322,441,252,204,558,5,0.8613992107937906,0.9955473826490898,3718.4,-0.25690092062100833,-0.24457296426551273,-0.6351203194442634,0.4218312579139488,0.4114112623395882,0.19230769230769232,0.8232377115209915,-0.3787685662663086,-0.364965956551361,0.3809646144452292,0.3695819479970498,-0.712221608938525,1505.5353169592504,29.271941057231334,1.923656423484027,23.500971786779253,-0.49842874513170066,-0.08804820584052747,949.2604633137059
202,Karen Ni,21918754,6,01:03:05,2025-04-04,2026-03-29,1.0603902549296351,481,166,516,312,257,232,160,442,274,447,274,655,398,157,147,502,6,0.8009371834048472,0.9735591362462427,3785.0,-0.30357996189346065,-0.36640576904329397,-0.6395564111954544,0.3645316287669813,0.3586913626994986,0.1320754716981132,0.8917790514866843,0.004465788341607324,-0.05323913210001524,0.4757772282783144,0.47194746772995155,-0.8977783941095558,1512.3270569132555,31.46221052995389,1.7126037421601106,26.32439930347356,-0.5439536864421982,-0.2235188673809419,956.671317657005
203,Trish Doty,22861932,5,01:08:53,2025-04-04,2026-03-29,1.0613987809522702,537,191,577,557,495,401,235,460,458,464,460,698,690,382,205,728,5,0.8873149843840551,1.0090880869974526,4133.4,0.05787161893563751,0.003092798731758872,-0.45109364351910697,0.47340890688259113,0.4692249275477918,0.175,0.9139714170735282,0.07362535286482752,0.03143118531258818,0.4877720141700405,0.48424860330089603,-0.6619562533165624,1501.6426077693131,29.06347040977457,1.8602803946192417,23.482629225916845,-0.2921283887313039,0.15961755715674414,920.4327467228658
204,Brittany Houghton,24242286,2,00:58:12,2026-03-27,2026-03-29,1.061655822833612,364,250,355,378,387,417,433,287,306,293,312,436,458,236,211,362,2,0.8483604187165621,1.061655822833612,3492.5,-0.24447847010728138,-0.26767413223099223,-0.26767413223099223,0.38417713567839196,0.38107202680067,0.1708542713567839,0.8483604187165621,-0.24447847010728138,-0.26767413223099223,0.38417713567839196,0.38107202680067,-0.26767413223099223,1506.2811569378568,31.729617639296638,2.8081376107241027,23.30520480712433,-0.26767413223099223,-0.020186758815700645,975.748180530316
205,Sarah Proctor,22207268,9,01:17:40,2025-04-04,2025-11-01,1.0649158301243582,232,225,200,351,272,377,146,191,324,190,309,181,414,204,214,627,9,0.8616563174268232,1.041412643875976,4660.222222222223,-0.28935774269169845,-0.3005702277429495,-0.3530828526172186,0.39584435768252707,0.37801371385509064,0.125,0.797653295266773,-0.534843048735198,-0.5178301598642098,0.3161794481444634,0.306563099313606,-0.9445703299381852,1508.4168996572716,27.612126333159477,1.4584521866711564,23.23676977314601,-0.3347034339112244,-0.18390356107628286,936.4750979356477
206,Amber Whitear,22732244,10,01:06:40,2025-04-04,2026-03-29,1.0649160839013776,422,163,399,212,156,139,119,362,201,368,207,526,252,92,109,490,10,0.8032305202573266,0.9685108476598494,3999.9,-0.46370937906462634,-0.5263400693659412,-0.9191488467954574,0.31942673423481044,0.3145259164639792,0.105,0.8688537951775478,-0.14103577633373116,-0.209224043807206,0.42747590594486484,0.4238878084340314,-1.0652368019374523,1520.4753674421092,32.06856346522876,1.3405555438271788,28.046896833747226,-0.7816657746951268,-0.41566035126004797,958.7027734291403
207,Elizabeth Alvarez,22392412,6,01:01:28,2025-04-04,2026-03-29,1.0653002905684414,375,258,374,365,297,362,151,310,323,314,328,489,491,213,158,567,6,0.827993457975665,1.0729289657188976,3688.3333333333335,-0.20820427977780218,-0.285569154980518,-0.38631757037451425,0.39561533656094666,0.39015979081842406,0.08040201005025126,0.8546815391950959,-0.1737566026060938,-0.24949526098656577,0.39369165606250867,0.3889121434418521,-0.9219885538158682,1507.9016297621056,30.811464899888065,1.7152029521848942,25.665856043333385,-0.3510556249866156,-0.14268225331816592,946.3416378068285
208,Sarah Goodman,22704198,4,01:11:19,2025-04-04,2026-03-27,1.0656078163226057,201,160,214,352,307,290,183,213,342,203,325,237,443,242,251,481,4,0.8277559932782796,0.9662505178621373,4278.75,-0.25485726754360605,-0.3002461871885741,-0.5542772342570952,0.40852859220916615,0.3888163762535622,0.07142857142857142,0.7833728901794932,-0.4617468802466522,-0.5014581406749097,0.33568030471908417,0.3156203093389023,-0.7974768904502093,1505.8519558715154,28.335950946871577,2.175344758933084,21.809916670072326,-0.4653663677831128,-0.1252461871885741,959.6265560200638
209,Caroline Orsi,21936039,8,01:02:01,2025-04-04,2026-03-29,1.0662491460423766,428,148,413,221,169,129,96,370,238,378,240,530,306,108,95,450,8,0.8002354094043678,0.953257075139336,3721.0,-0.40412076791562535,-0.512216337554868,-1.0214380644249863,0.3403006985666983,0.3349743145359273,0.10416666666666667,0.8712964770596678,-0.13383774827706763,-0.19060363178498857,0.4331372870555732,0.4296439295952137,-1.1696670214990446,1517.5726662472139,33.70186076843003,1.5013706869988086,29.197748707433604,-0.8432104600204449,-0.38847265084722216,964.0853519453755
210,Scott Eng,21939662,7,01:06:25,2025-04-12,2026-03-29,1.0663420432117632,552,143,549,218,171,191,170,498,200,504,206,654,212,96,139,397,7,0.8256625753979427,0.9491780200018131,3985.285714285714,-0.5105116682560634,-0.5153735087114225,-0.6902098401433853,0.31868259840155605,0.3141750935647322,0.19205298013245034,0.9212048968359046,0.004132096532615259,-0.00476667178775253,0.5076499977812619,0.5048306770681045,-0.8543837211324194,1519.7564260356469,31.40541974280976,1.5763480040190776,26.676375730752525,-0.6290171241421983,-0.383085943158193,970.3285591456682
211,Michael Ha,23763793,5,01:03:45,2025-04-04,2026-03-29,1.0673929212500708,549,202,588,412,346,318,205,531,387,539,393,693,489,240,186,566,5,0.8521317300015336,1.0154693499909906,3825.4,-0.21008319153436164,-0.22823667494840222,-0.5223689548848651,0.43040593759507695,0.4264839958889152,0.16080402010050251,0.9197937970840627,0.06634547081152964,0.04473971958484302,0.5283385067032033,0.5253142253952225,-0.7216286212204768,1505.9558840124023,29.672452019706707,1.8530873149700386,24.11319007479659,-0.4194226569071031,-0.07171191652341696,946.7517165980944
212,Aly Krasny,17593435,2,00:55:34,2025-08-03,2026-01-25,1.0676218115861664,43,254,88,100,116,123,169,78,84,78,88,87,95,145,179,80,2,0.6754567671402291,1.0676218115861664,3334.5,-0.7451422854960674,-0.8562641572550449,-0.8562641572550449,0.18353344768439106,0.17111459968602827,0.09433962264150944,0.6754567671402291,-0.7451422854960674,-0.8562641572550449,0.18353344768439106,0.17111459968602827,-0.8562641572550449,1513.2836437445026,33.28565923150808,2.9115148233703656,24.55111476139698,-0.8562641572550449,-0.6087767838397533,1041.9057404337764
213,Alison Youngblood,21968530,3,00:57:24,2025-04-04,2025-11-15,1.0692300197632925,60,201,89,149,138,187,225,105,166,112,173,98,156,190,162,188,3,0.7515680137074967,1.015345438953174,3443.6666666666665,-0.5849979050205226,-0.6747774501595257,-0.6261222240895794,0.29425944038509483,0.29034608167112796,0.09340659340659341,0.7002426412202438,-0.7091055282107257,-0.8550512032560746,0.2440462286404695,0.23973758323136796,-0.6747774501595257,1509.599627650159,32.487689198722535,2.35618142270168,25.419144930617495,-0.6431515532140606,-0.4727048559431567,1010.9472359972812
214,Rebecca Maybury,22432007,1,00:59:33,2025-08-16,2025-08-16,1.069893921348477,6,256,44,45,66,51,81,44,45,48,51,47,49,206,233,24,1,0.566244057052298,1.069893921348477,3573.0,-0.9802595966515987,-1.235968970832893,-1.235968970832893,0.11688311688311688,0.10526315789473684,0.11688311688311688,0.566244057052298,-0.9802595966515987,-1.235968970832893,0.11688311688311688,0.10526315789473684,-1.235968970832893,1508.3141574864874,34.54865364047509,4.033945437972889,22.44681732655642,-1.235968970832893,-0.8859689708328929,1100.213942663847
215,Karina Krajec,24712137,2,00:58:29,2026-03-27,2026-03-29,1.0725564426517151,358,257,407,430,426,459,473,325,339,332,349,571,585,253,216,417,2,0.8473444139433532,1.0725564426517153,3509.0,-0.09814278298569015,-0.20050869344881694,-0.20050869344881694,0.4075,0.4045226130653266,0.18,0.8473444139433532,-0.09814278298569015,-0.20050869344881694,0.4075,0.4045226130653266,-0.20050869344881694,1505.5311152086194,31.473479265009352,2.807265292373665,23.051683387888357,-0.20050869344881694,0.046978679966474646,968.2070696432302
216,David Black,22641588,4,01:09:09,2025-04-04,2026-03-27,1.0730879133215547,236,209,265,407,363,328,290,273,394,271,401,280,453,380,263,508,4,0.8473199246502736,1.0268479570348283,4149.0,-0.250272186494342,-0.2341295172904344,-0.4868767307167172,0.4363038000905167,0.4313809008245115,0.2814070351758794,0.7990263619762463,-0.41222234827298787,-0.4120883337634651,0.37283684160699965,0.3676099260676865,-0.5376520702428915,1501.6920581166864,27.332593392687563,2.066478125969453,21.133159014779203,-0.39841520601751823,-0.05912951729043442,956.2227082567241
217,Melinda Whiting,17731966,5,00:54:55,2025-04-04,2026-03-29,1.0739360597925525,378,218,335,153,129,125,90,286,142,290,150,452,208,100,105,249,5,0.7669780534618493,1.0377360463341145,3295.4,-0.5194251104729998,-0.6667672650452989,-0.9426099642188795,0.27022634296528303,0.2651574154789128,0.03488372093023256,0.8568886257222084,-0.22603240594772023,-0.30134524253802886,0.3824064295589111,0.3784373064896705,-1.2014439257482425,1519.1758323562794,34.38114866825467,1.899214729924961,28.683504478479783,-0.8460650195081263,-0.5102425066203137,994.6643284758321
218,Megan Bailey,21942386,4,01:02:23,2025-08-02,2026-03-29,1.074074456856135,600,219,637,415,373,345,270,565,376,574,383,735,486,216,213,529,4,0.8729965070944055,1.0383070317723688,3742.75,-0.21301664835845188,-0.2211327336966899,-0.46133293481205867,0.42345023784542807,0.4200097769654568,0.20603015075376885,0.9446746954725181,0.13779298580930693,0.11379087573014918,0.5487288877669352,0.5461870619764597,-0.5876308125606857,1507.6795060686247,29.44021087505459,2.0476204585607634,23.2973494993723,-0.3772628644216796,-0.04613273369668991,953.2205404550012
219,Rita Loeffler,21552281,3,01:14:11,2025-04-04,2025-06-20,1.0761693590170145,144,214,191,294,266,193,364,196,283,195,279,253,384,245,236,331,3,0.7950455547332171,1.0331326581341889,4451.0,-0.3187859317929036,-0.39582813944197753,-0.7494961316901179,0.3691013071895424,0.36139522292187065,0.17647058823529413,0.758645789666149,-0.4478511858804255,-0.5328820699119607,0.32094362745098043,0.3107660433596273,-0.39582813944197753,1505.6818152734243,29.450022204835474,2.3655988254865306,22.353225728375882,-0.6257123344032688,-0.1937555452256085,980.529345161337
220,Marguerite Byrnes,22645517,4,01:13:32,2025-04-04,2026-03-27,1.077236389852883,99,167,130,156,133,183,191,141,160,146,165,109,128,171,198,223,4,0.7405126264735394,0.9739603984041807,4411.75,-0.6552983883176542,-0.6566526332545118,-0.6402579088226804,0.28752230316171773,0.2812907341620329,0.14606741573033707,0.7310343058762923,-0.6675068116395755,-0.6738678264551103,0.28354019198489927,0.27817613315629075,-0.7518993085531641,1511.0611622090364,29.874731305658795,2.0741776767598856,23.65219827537914,-0.6459960623738215,-0.48165263325451185,1002.106074203682
221,Amy Burgess,23971055,1,01:02:40,2026-01-25,2026-01-25,1.0783871786870058,333,263,242,260,326,298,338,311,322,311,322,213,227,338,364,162,1,0.8368573336300913,1.0783871786870058,3760.0,-0.4968612350601765,-0.4490963710184057,-0.4490963710184057,0.3939393939393939,0.3877551020408163,0.3939393939393939,0.8368573336300913,-0.4968612350601765,-0.4490963710184057,0.3939393939393939,0.3877551020408163,-0.4490963710184057,1502.8719413875442,29.30447506556608,3.788645249597594,17.938539316773298,-0.4490963710184057,-0.09909637101840574,1015.2647192263065
222,Andrew Bradburn,17732023,7,01:01:57,2025-04-04,2026-03-29,1.0786822376904488,473,216,432,234,174,147,105,376,229,384,231,512,282,113,125,432,7,0.7794197941801608,1.0350558282575522,3716.5714285714284,-0.42585124633635324,-0.4990275291241771,-0.8734108217839334,0.33422186741001697,0.3287985350337929,0.05789473684210526,0.8885584358106867,-0.15396140800249788,-0.16829144120858883,0.4353193913532056,0.43181470766942776,-1.1313480810728493,1516.598595566536,31.92957910123948,1.5965423585184553,27.139952025684114,-0.7423766693530186,-0.36673996357094757,965.7656066273281
223,Aly Krasny,17887918,5,01:04:04,2025-05-03,2025-11-15,1.0788330036528122,31,122,55,74,70,75,97,53,68,61,75,53,65,67,93,95,5,0.7058346867018839,0.9232910820338273,3844.2,-0.9029623984559253,-1.0059125926946655,-1.0821945637615287,0.15905950926366202,0.15336472600900353,0.12030075187969924,0.6563526102853383,-0.9178653302735016,-1.075067614340743,0.14897513118178607,0.14340112761373255,-1.1561066742491535,1525.2159484114495,34.86054524132695,1.860987842353965,29.277581714265057,-1.0554958738881266,-0.8493878342696802,1035.3743817744987
224,Doug Ellwanger,20720345,5,01:01:15,2025-04-04,2026-03-29,1.0802756548808734,429,222,427,171,144,122,125,392,171,398,178,556,224,120,118,280,5,0.7685444676738864,1.0398575758176865,3674.6,-0.5001757269580431,-0.604571242860182,-0.9977011592388408,0.2965454884311668,0.29270002684194063,0.1306532663316583,0.8714798874852934,-0.1146515233948075,-0.17289816724185608,0.44534446356093654,0.44237151978081757,-1.020561791101678,1516.0526182773615,33.077639638936915,1.853704797719019,27.51652524577986,-0.8601056885063102,-0.4480464844351968,989.4271768325723
225,Alexandra Michonski,24184814,5,01:08:05,2025-04-04,2026-03-29,1.0808270476036923,550,204,624,385,323,255,190,556,336,562,340,751,512,214,178,554,5,0.8359872272861875,1.0208290554742452,4084.8,-0.17676915003075722,-0.2570118916046173,-0.6458801388656514,0.40533974358974356,0.4009441031225346,0.1346153846153846,0.9199294916259267,0.16493676178242256,0.09165568700192478,0.5410196314102564,0.5378427546039164,-0.770233941876084,1507.695274376592,30.13855464610038,1.8559288163604406,24.57076819701906,-0.5097762523242895,-0.10048713317963204,949.5370938038569
226,Lena Nguyen-Vo,21249910,5,01:05:18,2025-04-04,2026-03-29,1.0813887629734529,662,176,745,471,410,322,168,653,399,662,404,883,617,258,193,631,5,0.8649430952436097,0.983961364536771,3918.0,-0.054186481106145566,-0.14259310894472094,-0.5533058349967089,0.44209441258885757,0.43768865563233617,0.11809045226130653,0.968188809860424,0.443431814532034,0.31974015017087865,0.5955843850813276,0.592560272601111,-0.8608181494158801,1505.3694661908487,29.458146831395865,1.8638618483823808,23.866561286248725,-0.40955638087851315,0.013931649480264319,936.0484351508871
227,Toni MacReynolds,22477087,7,01:08:35,2025-04-04,2026-03-27,1.0816719898670522,148,155,180,204,158,226,238,173,184,185,192,204,190,116,174,376,7,0.7893092292068203,0.9606734358023105,4114.571428571428,-0.5461888466318027,-0.5387779209421656,-0.5575891471800672,0.3078500981930582,0.3026977993975843,0.21794871794871795,0.7598409631902313,-0.5096486888849348,-0.5580036288380106,0.3057951007568449,0.30155069609073454,-0.6552747292089428,1516.2083970597823,29.551462761063828,1.5803816846819494,24.81031770701798,-0.5510052179968017,-0.4064903553889361,973.5379813085291
228,Heather Mueller,18846642,5,00:55:26,2025-04-12,2026-01-25,1.0826523830945731,96,179,78,73,68,91,84,82,70,87,77,77,70,70,88,101,5,0.7180694590124529,0.9886209394991766,3326.2,-0.8676168061267162,-1.0099716568359463,-0.9775579920634944,0.1617827186904359,0.15507994625158944,0.03669724770642202,0.7285376242233785,-0.7904751524734849,-0.9187860341415055,0.1901037787016605,0.18276817465828576,-1.2236445642768266,1525.0771106122663,35.41272949345901,1.8866175343619869,29.752876890373052,-0.9889027747338526,-0.853446898410961,1034.1691040672804
229,Natalie Schimmelbusch,21538991,4,01:04:08,2025-04-04,2026-03-29,1.083630175087915,614,241,676,583,531,599,444,620,542,627,556,764,685,443,235,697,4,0.9043423059909986,1.050213264434895,3847.5,0.047659420544172076,0.031165502075510138,0.046442035834936946,0.5272840314136126,0.524867759851891,0.23,0.9489931158223743,0.19143146367563443,0.18118127811515322,0.5773920157068063,0.5752479502777043,-0.2478311311923526,1499.9815707882724,28.534830684721918,2.050431814882971,22.383535240073005,0.04109524901913757,0.20616550207551013,924.6856403261229
230,Maria Grant,22438220,4,01:06:23,2025-04-04,2026-03-27,1.0839419220234057,88,206,142,231,202,154,149,140,223,147,228,194,355,179,180,316,4,0.7573805929237037,1.0239260666532939,3983.0,-0.3618231187512363,-0.5013734741855688,-0.8470357460869418,0.3326323106332528,0.3275385657072266,0.13541666666666666,0.7248022573459316,-0.5221210757108838,-0.6335270286309909,0.28352557905871345,0.27820309465584614,-0.930492745763436,1510.402826857762,30.745833865198712,2.0847274039173334,24.491651653446713,-0.7260539509214612,-0.3263734741855688,984.0359559294802
231,Laurie Marcey,21933468,4,01:12:17,2025-04-04,2026-03-27,1.084624992373262,190,220,233,353,310,250,243,237,346,241,355,273,455,287,247,457,4,0.8190863100597754,1.0393192822147146,4337.0,-0.2475140293912762,-0.29702820177325717,-0.6310973394206736,0.41139570045741525,0.4070177975239934,0.2864321608040201,0.777500892138457,-0.4186898097420882,-0.4635267891307532,0.35157144899175363,0.3469071671602651,-0.6488251236842792,1504.3855220752548,28.098219181956217,2.061153598667826,21.914758385952737,-0.5141731412440779,-0.12202820177325718,963.5565594848114
232,Emily Boudreaux,21926827,6,01:14:23,2025-04-12,2026-03-27,1.0877998311460968,296,213,298,505,427,440,252,258,413,254,408,368,558,248,222,684,6,0.9255133599203301,1.0322494538059948,4462.666666666667,-0.12472355013616787,-0.09423279780928435,-0.2995873881333786,0.4468367552962304,0.439628718850359,0.23943661971830985,0.8208806884264896,-0.3187080862904704,-0.3603472447517907,0.3645475180754632,0.35814066976835607,-0.63365311515245,1505.6638458273312,28.065451517951537,1.7384257865502437,22.850174158300806,-0.22771328151994563,0.04865410385306772,927.5186489254979
233,Andrea Reynolds,21892775,9,01:08:59,2025-04-04,2026-03-29,1.0898948640819088,612,106,690,280,212,256,133,599,254,608,258,825,324,105,133,550,9,0.8290682725810365,0.9064893580079322,4138.888888888889,-0.3870428645912897,-0.42018399167952286,-0.5571357109110624,0.35077056027683995,0.34664313002271296,0.1323529411764706,0.9481824088747444,0.3001365253681142,0.21364012794113624,0.5654756127437582,0.5629557496821764,-0.9786913021990292,1518.5579160908162,30.978751224266837,1.3994416738222133,26.780426202800196,-0.5092026091800236,-0.3035173250128562,950.3777396118829
234,Amy Paull,20737327,8,00:59:50,2025-04-04,2026-03-29,1.0899446167994131,451,217,451,124,110,97,85,417,124,424,132,596,145,63,90,265,8,0.7442422491635219,1.0357413600269307,3590.25,-0.6151368719567775,-0.761194327409719,-1.075136465302768,0.24987195074030316,0.24329163171925342,0.046511627906976744,0.8816404411406492,-0.06961737380274668,-0.14625897696368712,0.4636334597497936,0.4598257685153113,-1.2215270696289984,1526.2267780525658,34.020370109917415,1.5061809907014647,29.50182713781302,-0.9652567170402009,-0.6374506407020732,991.5647200034896
235,Lori Nussbaum,21927294,2,01:27:09,2025-04-04,2026-03-27,1.0903397754184996,327,271,385,411,412,437,456,411,434,417,440,352,364,406,429,355,2,0.8343617020832516,1.0903397754184996,5229.0,-0.3479868157405347,-0.22835179715173315,-0.22835179715173315,0.4596270827823327,0.4568302068302068,0.4368421052631579,0.8343617020832516,-0.3479868157405347,-0.22835179715173315,0.4596270827823327,0.4568302068302068,-0.22835179715173315,1500.8694219356555,24.676333275438562,2.821340236233456,16.212312566738195,-0.22835179715173315,0.01913557626355844,976.5458686743285
236,Betsey English,21925368,5,01:04:04,2025-04-04,2026-03-29,1.0905598427364946,388,255,325,255,214,188,175,239,203,243,210,366,281,141,144,377,5,0.8088770737006495,1.0676793741241082,3844.0,-0.4264197769993456,-0.4554232623385813,-0.7433913219563751,0.3208789664356052,0.31591465723755074,0.18604651162790697,0.8609131038109629,-0.3220894884793512,-0.3212980168041539,0.35208631514364974,0.34787064819494407,-0.8291100216548157,1513.5832981751596,31.987193231952883,1.8618505344043146,26.401641628739938,-0.6426025010901473,-0.29889850391359607,973.383023978513
237,Elizabeth Tashiro,21394027,14,01:05:54,2025-04-04,2026-03-29,1.0919388720934646,446,244,400,359,265,329,174,315,338,320,343,468,399,165,149,715,14,0.8579202519776332,1.0543574218901544,3954.3571428571427,-0.30282075892680227,-0.28900868289502435,-0.4566940239418115,0.4071714943071414,0.4020593931020654,0.19230769230769232,0.8801485652248497,-0.20082533841688432,-0.20907953010949348,0.3988711401067188,0.3952391117494891,-0.8391352117794608,1511.8832697149858,29.60886510264903,1.1477381343690345,26.165650699541928,-0.39800415457543603,-0.19546724822567582,922.3003953405043
238,Kara Bingham,21858254,11,01:06:36,2025-04-04,2026-03-27,1.0931323115960203,154,119,182,323,249,230,204,195,298,204,298,222,377,136,135,623,11,0.8473862049460004,0.9197225676193578,3995.818181818182,-0.32971909744427436,-0.34418722184230927,-0.6547518490980782,0.37802615854249505,0.37343639624109487,0.20408163265306123,0.7620358839331731,-0.4862602102062946,-0.5510219012649911,0.32092133870038286,0.31627765847229206,-0.7217577875840709,1514.2773529911447,30.590013129108318,1.287111430793703,26.72867883672721,-0.5460542295585591,-0.238658251240092,936.6914304223468
239,Cindy Todd,21411675,1,01:09:09,2025-05-09,2025-05-09,1.0932979567825116,4,273,32,33,53,39,63,112,125,1,1,28,25,168,1017,14,1,0.5499734888653235,1.0932979567825116,4149.0,-1.2139592539998034,-1.3426200374433404,-1.3426200374433404,0.25,0.0,0.25,0.5499734888653235,-1.2139592539998034,-1.3426200374433404,0.25,0.0,-1.3426200374433404,1511.6327477385942,26.68525324905436,7.43147898420167,4.390816296449348,-1.3426200374433404,-0.9926200374433404,1115.141152986386
240,Kirsty Weitzel,22060891,7,01:15:12,2025-04-04,2026-03-29,1.09589190576421,617,190,693,436,367,348,184,633,416,644,419,824,552,257,188,648,7,0.8604496817418994,1.0070734428067933,4511.857142857143,-0.13015628723197764,-0.18731511007953158,-0.46486904126064493,0.44777635849229364,0.44386060567987407,0.21,0.9500013767245676,0.2982793306251047,0.2207274111639057,0.5848654012705246,0.5822783959290116,-0.796883124464645,1505.4069119787225,28.741720607984558,1.5802691685505703,24.000913102332845,-0.3677251653472553,-0.05502754452630207,932.9607837003518
241,Claire Bailey,21992691,3,00:57:26,2025-11-15,2026-03-29,1.0964654051808551,268,321,197,148,137,140,224,166,133,179,143,220,150,158,153,179,3,0.7544714694072109,1.1383590633496445,3445.6666666666665,-0.5998659366148686,-0.6751639661970691,-0.8252426413243853,0.261468974911186,0.25734613423055636,0.14835164835164835,0.8100652889352318,-0.4895325252414906,-0.5267007336001898,0.3023517311833895,0.298537238863872,-0.6751639661970691,1512.280479175706,33.022005864493536,2.345774115260273,25.984683518712718,-0.7727151050298247,-0.47309137198070006,1012.0905864404997
242,Grace Byrnes,22871519,6,01:06:20,2025-04-04,2026-03-29,1.097295198325187,648,127,727,348,282,236,131,628,311,638,315,864,457,172,155,556,6,0.8299700344284027,0.9278245461860702,3980.1666666666665,-0.24510144410728718,-0.30993627488508085,-0.6618563251624872,0.3876403289197152,0.38283989506662525,0.0898876404494382,0.9618428674872554,0.3772089249216875,0.2831906279965297,0.5826150586023207,0.5796579619462342,-0.9842243194318995,1511.0333262571382,31.04093976449294,1.7118225247463184,25.905472190253985,-0.538684307565395,-0.16704937322272878,949.3335692038372
243,Carley Lauer,22871573,4,01:14:46,2025-04-04,2026-03-27,1.0982983040644916,172,200,234,404,359,275,233,240,393,237,396,266,480,374,274,506,4,0.8214808489096619,1.015152517224474,4486.5,-0.21716820350360083,-0.23719000727271727,-0.6347421390652043,0.4349174536251951,0.4273965050423276,0.26884422110552764,0.7684519700750909,-0.42810132250759325,-0.46285479623499615,0.3525890352173665,0.34467212677774833,-0.6635676962587055,1501.8749688728278,27.093280468816314,2.062859693764087,20.904701387524053,-0.4955988929378339,-0.062190007272717285,956.3234083232795
244,Rebecca Widmayer,23740970,5,01:11:54,2025-04-04,2026-03-29,1.0990605851696995,621,249,682,539,477,353,244,638,511,650,518,783,662,453,241,694,5,0.8874063838877639,1.0597285360621194,4313.6,0.021660666748940138,-0.02592824745023885,-0.5422103073283693,0.5097320255121762,0.5061931409349126,0.25125628140703515,0.9512492679872168,0.22823231273602426,0.19776816562844252,0.5867864261209895,0.5840450391543553,-0.6480109051145618,1499.710970976794,27.699107858572642,1.8529428128977605,22.14027941987936,-0.36151158637102365,0.1305965109747464,925.2952926619363
245,Melanie Buhlmann,24714504,2,01:02:18,2026-03-27,2026-03-29,1.0995503754100555,500,277,527,536,535,554,566,481,494,486,499,651,651,367,272,551,2,0.898202795974376,1.0995503754100557,3738.0,-0.0014410751129541044,-0.034092134256034745,-0.034092134256034745,0.49560301507537685,0.4930587279833511,0.24120603015075376,0.898202795974376,-0.0014410751129541044,-0.034092134256034745,0.49560301507537685,0.4930587279833511,-0.034092134256034745,1502.0918390427992,29.364820957075043,2.8046702598972897,20.950810177383175,-0.034092134256034745,0.21339523915925684,950.2932859390753
246,Tessa Melli,20696150,5,01:06:02,2025-04-04,2026-03-27,1.0995851014560487,160,248,166,193,162,234,245,155,174,159,181,141,170,147,207,310,5,0.7831307259970718,1.0581050925177558,3962.0,-0.5733926928385452,-0.5538923746614947,-0.5340773386406575,0.30119792675018797,0.2953497128658582,0.21794871794871795,0.7638593534238605,-0.5928554326828968,-0.5778489399674241,0.29295092605417905,0.28832843667238656,-0.6467093949656203,1512.9141185999508,28.967587001780103,1.8663286631294267,23.36860101239182,-0.5410126012479506,-0.3973676162365094,985.3450160220643
247,Allyson Longo,23758766,1,02:20:38,2025-04-04,2025-04-04,1.0998435870698644,826,278,812,813,845,811,829,797,792,800,795,772,787,696,798,749,1,1.0998435870698644,1.0998435870698644,8438.0,0.20395793974680462,0.4491378876329521,0.4491378876329521,0.6921052631578948,0.6904761904761905,0.6921052631578948,1.0998435870698644,0.20395793974680462,0.4491378876329521,0.6921052631578948,0.6904761904761905,0.4491378876329521,1494.6440677966102,20.618925970596255,3.800572929943457,9.217207180765882,0.44913788763295215,0.799137887632952,917.9310968657703
248,Kate McCrea,24673353,3,01:14:20,2025-04-04,2026-03-29,1.100576768346332,467,300,448,357,332,439,414,357,304,363,308,507,419,238,208,412,3,0.8392253086568315,1.126218477299383,4459.666666666667,-0.281383082969818,-0.2909524248580569,-0.1937916322396101,0.38090975711892794,0.3777511758910901,0.1708542713567839,0.8869300068509478,-0.15960868207192352,-0.15109669476005502,0.423182317839196,0.42024805528515174,-0.29095242485805695,1506.0221027869181,30.392019271977457,2.3446109766437395,23.35818634204624,-0.22779790965606647,-0.08887983064168786,968.3563116466161
249,Alison Filley,21187349,8,01:02:49,2025-04-04,2026-03-29,1.1013674560728364,639,183,714,393,312,304,147,619,353,620,330,862,492,174,173,646,8,0.871772558715266,0.994595748324899,3769.0,-0.2081253389310453,-0.24461543450805714,-0.5487261642328363,0.4128942586901857,0.3944103113535321,0.125,0.9585655917680107,0.3668709268768645,0.26098879902549466,0.576857127768546,0.570708154302636,-0.9412888320182149,1510.9146684894695,29.40024420217523,1.5292302224448164,24.81255353484078,-0.44228740882916356,-0.12087174780041135,933.7279147616589
250,Elizabeth Walters,17731998,6,01:03:03,2025-04-04,2026-03-29,1.1018639360137623,514,235,511,246,198,216,143,429,224,437,230,608,277,129,136,404,6,0.8049592903947204,1.047943039573191,3782.6666666666665,-0.4290917190179897,-0.47495820099519936,-0.628176655691693,0.33267112397214255,0.32811272572579103,0.12844036697247707,0.9062503398220625,-0.05931868223732717,-0.06405010424859214,0.47008634801211846,0.4667688566086807,-0.9558876848859411,1515.2889316995584,31.843720929408065,1.7050309363069491,26.728628120487215,-0.5745501965479203,-0.3320712993328473,969.0821452369614
251,Katie Wren,23765316,3,01:04:11,2025-06-20,2026-03-29,1.102236790447047,368,293,376,237,215,132,316,334,216,339,220,474,285,187,182,267,3,0.7759760505356167,1.1151922104494894,3851.0,-0.42187466062738704,-0.4963882698809103,-0.9767402278565706,0.3290196078431373,0.3216706585888946,0.14705882352941177,0.8494847942412935,-0.1965631325395149,-0.24239791284806816,0.41301470588235295,0.40708213967031415,-0.4963882698809103,1510.0149330680317,31.343560392820212,2.3602759404320315,24.26273257152412,-0.8086170425650895,-0.29431567566454125,991.5055248676967
252,Ben Scofield,20543806,2,01:24:20,2025-04-04,2025-04-12,1.1043476318670131,349,283,320,332,336,379,397,323,335,328,342,312,326,336,349,289,2,0.843432551147736,1.1043476318670131,5060.0,-0.3866423750981146,-0.33171261407715846,-0.33171261407715846,0.4053308823529412,0.4015706806282723,0.40441176470588236,0.843432551147736,-0.3866423750981146,-0.33171261407715846,0.4053308823529412,0.4015706806282723,-0.33171261407715846,1502.895714749623,26.709210376361284,2.8286443560140118,18.223277308319247,-0.33171261407715846,-0.08422524066186687,987.7837558096071
253,Sara Pierce,24699469,2,01:01:42,2026-03-27,2026-03-29,1.1056433162312844,398,284,442,461,453,488,499,420,443,432,452,553,566,318,252,458,2,0.8630645362630196,1.1056433162312844,3702.5,-0.11505761759991529,-0.1550503092161053,-0.1550503092161053,0.46499999999999997,0.4623115577889447,0.2,0.8630645362630196,-0.11505761759991529,-0.1550503092161053,0.46499999999999997,0.4623115577889447,-0.1550503092161053,1503.4591603559886,30.156269862467195,2.8079065087868686,21.732550336106588,-0.1550503092161053,0.09243706419918629,963.3793554564683
254,Chelsea Suedkamp,22858691,6,01:01:12,2025-04-04,2026-03-29,1.1072386303513704,465,189,457,209,170,142,127,402,192,407,199,575,253,115,121,369,6,0.7959590597187809,1.0030173490955112,3672.1666666666665,-0.46030123865626843,-0.5284298673688037,-0.8941795548084503,0.3130307559912004,0.3087176574478676,0.10091743119266056,0.886436368831605,-0.09162173610225371,-0.14119961601628006,0.4511742435492565,0.44785810784047936,-1.0137281362445318,1516.315724584762,32.518795267981346,1.7058758465023365,27.401167728474338,-0.766167164204574,-0.38554296570645163,974.6809281543295
255,Noelle Marshall,17731882,4,01:25:50,2025-04-12,2025-11-01,1.1076711677384037,643,269,556,573,526,562,548,508,535,513,541,540,581,491,343,667,4,0.9700919553488773,1.0891986795961917,5150.5,-0.1022496646688405,0.02563683085475753,-0.03678431812302603,0.523448859931135,0.520184776026579,0.4423076923076923,0.9593273003556748,-0.12724033486977515,0.005675731659106896,0.5134414629326005,0.5101365771427636,-0.06402398825441684,1498.8354997729614,24.54471935035662,2.049874513783729,18.395095809005433,-0.014936915980801784,0.20063683085475753,929.5675913626632
256,Marisa Martin,23766473,3,01:04:37,2025-04-04,2026-03-29,1.1078485613515934,472,319,454,369,344,397,424,371,329,380,336,477,386,259,232,416,3,0.8422266706967263,1.137009894794744,3876.6666666666665,-0.31383418866401974,-0.2751373376420803,-0.30815521287189296,0.40128272251308905,0.3982279820153398,0.255,0.8883541265065579,-0.18960887888262323,-0.14453927819361204,0.43346204188481674,0.4305805342501983,-0.2751373376420803,1505.3402926791848,29.526273542935893,2.343222233168055,22.496606843431728,-0.2965989565414585,-0.07306474342571129,968.220491189643
257,Terri Gomez-Ferree,22200681,2,01:02:54,2026-03-27,2026-03-29,1.1090444012155194,523,288,579,585,573,593,612,526,540,535,553,701,707,395,285,586,2,0.9087671460211167,1.1090444012155192,3774.0,0.0788034554623947,0.03243853621716608,0.03243853621716608,0.5255904522613065,0.5231967920410131,0.23618090452261306,0.9087671460211167,0.0788034554623947,0.03243853621716608,0.5255904522613065,0.5231967920410131,0.03243853621716608,1501.1839728865589,28.836707687585523,2.8061597290169913,20.41822850053455,0.03243853621716608,0.27992590963245767,942.5417563220944
258,Nicole Kennedy,21178496,1,02:21:57,2025-04-04,2025-04-04,1.110140771637122,839,289,822,822,853,821,836,810,806,815,810,782,796,705,805,757,1,1.110140771637122,1.110140771637122,8517.0,0.22499276643087454,0.4707106361355751,0.4707106361355751,0.7,0.6984126984126984,0.7,1.110140771637122,0.22499276643087454,0.4707106361355751,0.7,0.6984126984126984,0.4707106361355751,1494.5084745762713,20.4936784758346,3.801115014564824,9.090333432140127,0.4707106361355751,0.8207106361355752,915.6081255248108
259,Carmen Dueñas,22195550,5,01:06:50,2025-04-04,2026-03-29,1.1106635496677346,579,230,664,350,295,197,163,577,318,582,323,785,487,192,170,510,5,0.8221752732053063,1.0445068088639364,4010.2,-0.2123780324269747,-0.3024818421827343,-0.7831100812746598,0.3922238111553438,0.3878220300071911,0.19270833333333334,0.9331643220605689,0.22982704247313807,0.15702647325299224,0.5524525520935304,0.5493694502969574,-0.8773007286069312,1509.5230164900697,30.480428788243852,1.8640616641628298,24.888243795755365,-0.6148901975924859,-0.14595708375774902,955.9279970946992
260,Dakota Scully,23984023,3,01:01:08,2026-01-25,2026-03-29,1.1109209476983004,590,275,668,478,440,280,511,580,411,584,414,792,619,239,212,542,3,0.8661040120429945,1.0965482080642859,3667.6666666666665,-0.047052176394717225,-0.13516072047085004,-0.677469460443841,0.4458080808080808,0.4417153796191844,0.22,0.939889475404903,0.24072691028132365,0.1634570031726107,0.5531060606060606,0.5498794995385089,-0.13516072047085004,1505.9703189772656,30.34387109953276,2.348208236065166,23.29924639133726,-0.4876614014532942,0.06691187374551899,951.4231802149516
261,Agnes Roche,20701996,4,01:13:46,2025-04-04,2025-08-09,1.1119561113323024,240,177,231,264,226,271,280,178,231,177,229,199,236,220,202,332,4,0.807060827641314,0.9866048765390233,4425.75,-0.4834755629635842,-0.4446178381150925,-0.5277977194253398,0.3345892741888165,0.3275662555991129,0.27692307692307694,0.7999622469968288,-0.5173856895208944,-0.4753854557515075,0.30737267499853316,0.29831897338779173,-0.5625748170335361,1507.5537553378842,29.785008200732022,2.085689134700204,23.527940796631412,-0.49868476096675324,-0.2696178381150925,980.3391859865037
262,Kristen Born,21863873,2,01:30:03,2025-04-04,2026-03-27,1.1131617790758386,359,291,405,427,421,456,468,433,456,443,461,358,369,464,446,380,2,0.8473444664744014,1.1131617790758386,5403.0,-0.3428388368308257,-0.2047778638073903,-0.2047778638073903,0.47217667283787357,0.46945646945646946,0.3969849246231156,0.8473444664744014,-0.3428388368308257,-0.2047778638073903,0.47217667283787357,0.46945646945646946,-0.2047778638073903,1499.547733509097,24.252554464043012,2.822141656994898,15.786129493058318,-0.20477786380739033,0.04270950960790129,973.0377227269283
263,Isabel Urrutia,19573602,12,01:13:23,2025-04-04,2026-03-29,1.113283759718799,599,274,635,310,225,340,144,581,287,586,286,723,321,133,160,634,12,0.8350653406066882,1.0953550833483245,4402.916666666667,-0.3889513103105848,-0.3711252158346649,-0.3861647346344611,0.37008746607949483,0.3641059027975529,0.12745098039215685,0.9446616006225315,0.11949447253640283,0.10944365355787106,0.5535879153581464,0.5506680692930923,-0.9549466537658793,1514.5578745947248,29.268919569633557,1.2316263981527884,25.57404037517519,-0.3809009030545324,-0.2700889187264804,935.4551919176757
264,Tanya Smith,23764858,1,02:22:24,2025-04-04,2025-04-04,1.113660062565172,841,292,829,830,859,829,845,817,812,825,819,786,798,714,812,761,1,1.113660062565172,1.113660062565172,8544.0,0.23218188441150603,0.47803774567365487,0.47803774567365487,0.7052631578947368,0.7037037037037037,0.7052631578947368,1.113660062565172,0.23218188441150603,0.47803774567365487,0.7052631578947368,0.7037037037037037,0.47803774567365487,1494.3728813559321,20.367144419843257,3.8016829041184588,8.96209570748788,0.47803774567365487,0.8280377456736548,914.8707710858263
265,Jessica Bradley,23742686,4,01:08:52,2025-04-04,2026-03-29,1.1147321393170766,546,318,550,391,347,361,300,471,361,478,365,627,417,288,239,503,4,0.8551433738702061,1.1356987497774602,4132.5,-0.2850227754756755,-0.24662564305740506,-0.4079595228112182,0.41543385810783007,0.41014005022865113,0.22613065326633167,0.9187015612877927,-0.03253762289062989,-0.0033126063565115937,0.49098326071220655,0.4872447878167265,-0.5172650654073253,1504.3838247395677,28.418156320297992,2.0735012286972276,22.19765263420631,-0.3514926648973836,-0.07162564305740507,956.5542350817346
266,Melanie Palmiero,22690548,2,01:02:21,2026-03-27,2026-03-29,1.1159509598342123,439,294,493,508,497,527,537,483,497,488,502,623,628,355,261,513,2,0.8740869974572347,1.1159509598342123,3741.0,-0.035829945915625216,-0.08739924043028374,-0.08739924043028374,0.49750000000000005,0.4949748743718593,0.195,0.8740869974572347,-0.035829945915625216,-0.08739924043028374,0.49750000000000005,0.4949748743718593,-0.08739924043028374,1502.4672119859183,29.62000639638608,2.8094105648346894,21.19177470188201,-0.08739924043028374,0.16008813298500785,955.4994825460988
267,Nicole Zern,24495053,3,01:10:50,2025-07-12,2026-03-29,1.1162447512029037,623,282,700,533,498,429,563,669,515,677,519,817,660,551,292,599,3,0.8828289859083173,1.1039205361091766,4250.0,0.02042770723557652,-0.038164963935652274,-0.3579692902880578,0.5114794007490636,0.5062014190804208,0.215,0.9522264803353173,0.2899213561190318,0.23502913041785617,0.6011095505617977,0.596987747727401,-0.038164963935652274,1497.669608176595,27.05038049855533,2.364217357825901,19.957728425077626,-0.24603777606471589,0.16390763028071675,940.1686682134037
268,Meagan Brucker-Hahn,2368819,2,01:01:24,2026-03-27,2026-03-29,1.1170774700277426,504,295,646,654,632,661,678,532,546,541,559,832,844,385,277,662,2,0.8995417268594217,1.1170774700277426,3684.5,0.3113576456163156,0.1261115964127681,0.1261115964127681,0.53,0.5276381909547738,0.155,0.8995417268594217,0.3113576456163156,0.1261115964127681,0.53,0.5276381909547738,0.1261115964127681,1501.5981954809536,29.198601684909665,2.816372071779382,20.749485469571518,0.1261115964127681,0.3735989698280597,930.1457363091479
269,Gabrielle Kolakowski,22862245,1,01:23:12,2025-04-26,2025-04-26,1.1172730281371377,297,296,216,232,290,267,311,270,290,257,275,167,179,392,549,143,1,0.8225407810182896,1.1172730281371377,4992.0,-0.5551375254435486,-0.5011639910998363,-0.5011639910998363,0.3717948717948718,0.358974358974359,0.3717948717948718,0.8225407810182896,-0.5551375254435486,-0.5011639910998363,0.3717948717948718,0.358974358974359,-0.5011639910998363,1501.2933922647217,25.46800567051773,3.908772125001762,13.741689295512444,-0.5011639910998363,-0.15116399109983636,1020.8096050927807
270,Aimee Seligstein,20850953,6,01:00:35,2025-04-04,2026-03-29,1.1181416678932703,415,276,378,248,200,169,126,313,213,317,221,473,330,130,138,408,6,0.7971626958313213,1.0970027840630436,3634.8333333333335,-0.3851421249719332,-0.47169048382194023,-0.7996300568043888,0.32802054029075617,0.3224231813315543,0.1256544502617801,0.8658075655740364,-0.19694991062751907,-0.24094418650246943,0.39682811232151294,0.3924993184355902,-1.0181007267715263,1515.0554555207502,31.839301370885035,1.7146109967366623,26.69546838067505,-0.6848512062605318,-0.32880358215958816,968.6506394278229
271,Maggie Kirkland,23766491,6,01:24:07,2025-04-04,2026-03-29,1.1197041026513967,666,199,735,619,536,542,253,701,588,709,595,842,691,666,268,785,6,0.9202779888042006,1.0143072058927396,5047.0,0.058267280077168325,0.07409825558800535,-0.1331340524542526,0.5519189306326311,0.5481740788838073,0.235,0.9710200778482987,0.31649804586418917,0.2948085940063178,0.6220384376921451,0.6190765390623529,-0.6330094237936291,1495.212726607949,26.119365167016998,1.7029171798453837,21.010613627480847,-0.06060274463946233,0.21698515725035744,908.0718453904435
272,Ashley Tucker,22729973,11,01:12:20,2025-04-04,2026-03-29,1.1207173233125116,644,187,707,309,230,331,142,662,305,669,297,839,335,135,163,610,11,0.8474572536087396,1.0005438218953417,4339.727272727273,-0.3805182410957324,-0.3715529638216745,-0.4086189926702453,0.3825942446390947,0.37335779331161,0.14705882352941177,0.9596340284364688,0.3156682984064154,0.24881759047050866,0.597650316626364,0.5950073942022287,-0.9593517611482284,1514.4455698919123,29.139148686255336,1.2919289206878055,25.26336192419192,-0.3956458825732455,-0.26602399321945724,938.6980345675009
273,Katie Motondo,24575932,2,01:01:44,2026-03-27,2026-03-29,1.121242259293301,513,298,596,605,585,610,630,510,520,517,528,722,736,377,276,612,2,0.9048588388044999,1.1212422592933007,3704.0,0.11944177224067887,0.060847946504840544,0.060847946504840544,0.5154522613065327,0.5130069539617278,0.18090452261306533,0.9048588388044999,0.11944177224067887,0.060847946504840544,0.5154522613065327,0.5130069539617278,0.060847946504840544,1501.8013527382848,29.24326140792398,2.8113774756462866,20.809128980985122,0.060847946504840544,0.30833531992013213,938.1691465008208
274,Meredith Yeager,21926468,8,01:09:35,2025-04-04,2026-03-29,1.124532862539643,672,259,739,550,468,539,156,664,485,673,484,861,656,388,223,792,8,0.9059322770708335,1.0772086309416793,4174.75,0.011367293243854437,-0.008014066780815982,-0.0947610184055206,0.4895656505255841,0.4847114599671509,0.1407035175879397,0.9728342134768182,0.3589175603859465,0.3063351362325856,0.5986293808973342,0.5959248428505627,-0.9090044861550676,1501.5302384968445,27.28078439117751,1.4835869025688142,22.830023683471065,-0.064399585336874,0.11572961992682981,906.832827824785
275,Toryn Schafer,22489562,1,01:06:50,2025-04-04,2025-04-04,1.1258690027379954,194,299,258,277,345,316,352,269,289,274,292,235,250,342,450,182,1,0.779852197588487,1.1258690027379954,4010.0,-0.46799335094049677,-0.4229732125481398,-0.4229732125481398,0.3717277486910995,0.3684210526315789,0.3717277486910995,0.779852197588487,-0.46799335094049677,-0.4229732125481398,0.3717277486910995,0.3684210526315789,-0.4229732125481398,1502.7272727272727,27.137606854004385,3.794221301756815,15.754942948733941,-0.4229732125481398,-0.07297321254813982,1011.8163230972601
276,AJ Lowery,22496708,1,01:08:32,2025-06-20,2025-06-20,1.1263884423564785,15,302,50,60,79,67,108,38,42,41,47,51,57,205,283,29,1,0.6069372693726938,1.1263884423564785,4112.0,-0.936307378065173,-1.1229792999052335,-1.1229792999052335,0.10784313725490197,0.09345794392523364,0.10784313725490197,0.6069372693726938,-0.936307378065173,-1.1229792999052335,0.10784313725490197,0.09345794392523364,-1.1229792999052335,1508.3323703787403,32.10512901906973,3.8831392167563816,20.455711368800586,-1.1229792999052335,-0.7729792999052335,1087.039330914602
277,Jennifer Hancock,22862692,4,01:12:10,2025-04-04,2026-03-29,1.1267585445212456,485,329,526,330,285,288,234,496,334,503,341,624,371,265,224,424,4,0.8041632221077026,1.1520850027108585,4329.75,-0.33841256112634766,-0.33437390661821753,-0.5452679784892003,0.4047419028340081,0.40125484974731207,0.215,0.8926373042089599,-0.03532901910691749,-0.03494141989250649,0.5067459514170041,0.5040193846726511,-0.6633191982955047,1504.9972364337123,28.93112872378501,2.055229854997635,22.765439158792105,-0.47145505333435633,-0.15937390661821754,966.4226723259015
278,Felisa Lewis,20866417,8,01:14:25,2025-04-04,2026-03-29,1.128414611847196,720,281,802,682,584,638,376,737,596,741,601,884,747,586,256,871,8,0.9822010799233921,1.103748947436931,4465.25,0.1315054865007001,0.18433726689538532,0.04900857374400676,0.5548061050720547,0.5511727150520445,0.24623115577889448,1.016502896547685,0.4460626051024791,0.42614262907502004,0.6433793623774265,0.6409576317793697,-0.37775410982235097,1496.8281539124494,25.964941158256085,1.5180540528497777,21.41077899970675,0.09637361634698927,0.3080809536030311,886.822977215841
279,Lindsay Cooper,23741580,3,01:22:14,2025-04-04,2026-03-27,1.1298714224161523,170,252,225,249,229,260,331,253,284,256,287,184,210,277,305,268,3,0.7722985226639943,1.062670558100932,4934.333333333333,-0.5144416318677917,-0.46890339975135703,-0.5268676017438767,0.3695434098065677,0.3644239314256064,0.28205128205128205,0.7669889666799061,-0.5302634531311654,-0.48339445024948696,0.36340755735492575,0.35874508424759677,-0.46890339975135703,1504.5818009740053,26.54584164665582,2.3610751752833736,19.4626161208057,-0.5065801310464948,-0.266830805534988,991.0446139732355
280,Micaela Newman,22695388,2,01:12:22,2025-07-12,2026-03-27,1.130376891747093,186,308,192,208,220,241,293,206,219,209,222,153,168,301,362,198,2,0.7753799880720682,1.130376891747093,4341.5,-0.5766902670417732,-0.5319218983942532,-0.5319218983942532,0.3301479306645587,0.32296277380547045,0.2808988764044944,0.7753799880720682,-0.5766902670417732,-0.5319218983942532,0.3301479306645587,0.32296277380547045,-0.5319218983942532,1504.0098082618126,26.547439552838878,2.848639506170096,18.00152103432859,-0.5319218983942532,-0.2844345249789616,1008.3375657400452
281,Emily Howard,24179977,4,01:04:30,2025-09-12,2026-03-29,1.130995948883347,669,261,723,465,417,344,262,734,558,705,496,838,538,332,275,571,4,0.8848304076528795,1.0779908595818053,3870.0,-0.14690934043706283,-0.14953036014593535,-0.5014257261150624,0.5349621212121212,0.49091973472806205,0.24,0.9721101375695865,0.3145361872973873,0.27819124538444184,0.6406060606060606,0.6179473045499606,-0.6025273788633959,1503.0043445086794,27.667988655907433,2.2562940736171635,20.89910643505594,-0.378262348025868,0.02546963985406464,945.665664481589
282,Emily Knauer,22554875,1,01:35:49,2025-07-12,2025-07-12,1.1309969992940174,530,310,476,492,545,511,522,552,567,543,561,435,456,662,762,337,1,0.9113823715916296,1.1309969992940174,5749.0,-0.24551915106744895,-0.11008148760738398,-0.11008148760738398,0.5393258426966292,0.5280898876404494,0.5393258426966292,0.9113823715916296,-0.24551915106744895,-0.11008148760738398,0.5393258426966292,0.5280898876404494,-0.11008148760738398,1495.294880717407,21.40885730408354,3.8938952828742597,9.727171455460761,-0.11008148760738398,0.239918512392616,979.1857366091836
283,Angela Morford,22557667,8,01:13:12,2025-04-12,2026-03-27,1.131379849922412,247,211,278,434,353,414,277,312,426,316,431,338,471,219,196,664,8,0.8957390272687549,1.029533191403541,4392.375,-0.22985376676468677,-0.18983929689557258,-0.31508582234614957,0.4523560172447703,0.4484872565908343,0.25,0.8026955709213115,-0.362088288022945,-0.39179661636812163,0.393964238849137,0.3899486559040197,-0.5698386931650438,1507.5964688212684,28.358260922537177,1.553653302850324,23.697301013986205,-0.2712495384384476,-0.06609561018792678,929.9286589362232
284,Ashley Ward,22831658,1,01:07:11,2025-04-04,2025-04-04,1.1317650748221595,204,311,267,285,360,321,357,278,295,280,301,238,254,349,456,190,1,0.7839362115908207,1.1317650748221595,4031.0,-0.4593114954901872,-0.40960555873953414,-0.40960555873953414,0.3769633507853403,0.3736842105263158,0.3769633507853403,0.7839362115908207,-0.4593114954901872,-0.40960555873953414,0.3769633507853403,0.3736842105263158,-0.40960555873953414,1502.590909090909,27.02797317880083,3.7940215960066594,15.645908390780853,-0.4096055587395342,-0.05960555873953416,1010.3837549511551
285,Nancy Siner,22402963,2,00:46:20,2025-07-12,2025-10-25,1.1327078518955418,3,313,14,11,17,11,27,6,4,10,9,25,20,97,63,6,2,0.5455436870900082,1.1327078518955418,2780.5,-1.2583452477660155,-1.7206754702876657,-1.7206754702876657,0.022011420151040708,0.00819672131147541,0.011235955056179775,0.5455436870900082,-1.2583452477660155,-1.7206754702876657,0.022011420151040708,0.00819672131147541,-1.7206754702876657,1519.7515343844254,43.6317827832248,4.002816927137138,31.623332001813388,-1.7206754702876657,-1.473188096872374,1139.6509680808213
286,Michelle Kaufman,18282851,6,01:15:46,2025-04-04,2026-03-27,1.132747786145868,202,266,187,263,213,302,240,209,297,210,290,148,220,327,250,405,6,0.8263133795648733,1.0811198396737838,4546.0,-0.5028589694269485,-0.4451938481758098,-0.44568436278283885,0.37735150853758764,0.3658458354103245,0.2980132450331126,0.7835572268201565,-0.5836260194119802,-0.5410897967640126,0.33071001760780616,0.32393222262569,-0.653893860633167,1503.1160090754377,27.135738711830804,1.7684482481355643,21.83039396742411,-0.4455126826703787,-0.30230694651345774,969.0507022239443
287,Ieva Veya,21886298,4,01:17:24,2025-04-12,2025-09-27,1.1339435778723117,737,306,696,730,687,739,705,660,683,667,690,710,754,817,406,816,4,1.040560197633176,1.1291660558730587,4643.75,0.14499465230970465,0.27827059047181507,0.3073557139067583,0.6078767895936387,0.6051119465069362,0.46794871794871795,1.0271579888272757,0.09383982254535743,0.22963643092672076,0.5974671958080148,0.5946630425739897,0.18099386374362839,1492.2769448945203,22.91136053830029,2.053844435580899,16.749827231557592,0.2971759207045282,0.45327059047181506,901.0275295195221
288,Stephanie McIntyre,20491289,2,01:24:45,2025-04-04,2025-11-01,1.134086038758348,277,315,303,317,318,357,384,260,276,262,278,302,313,286,320,279,2,0.8136839162728663,1.134086038758348,5085.0,-0.397125779090919,-0.35663059411141607,-0.35663059411141607,0.364875637755102,0.3610234526285591,0.3469387755102041,0.8136839162728663,-0.397125779090919,-0.35663059411141607,0.364875637755102,0.3610234526285591,-0.35663059411141607,1504.3953663345399,27.51516299746213,2.822308918549939,19.048236241812315,-0.35663059411141607,-0.10914322069612448,989.4998637296331
289,Kelsey Booth,23879114,1,01:20:42,2025-05-24,2025-05-24,1.1342737808259706,280,316,277,295,374,335,367,329,345,329,344,261,271,426,552,194,1,0.8148771457421744,1.1342737808259706,4842.0,-0.43455829160089177,-0.3919257879090927,-0.3919257879090927,0.41025641025641024,0.4025974025974026,0.41025641025641024,0.8148771457421744,-0.43455829160089177,-0.3919257879090927,0.41025641025641024,0.4025974025974026,-0.3919257879090927,1500.4478081926527,25.10438118384633,3.8253982577118766,13.628186410710699,-0.3919257879090927,-0.04192578790909274,1009.0164424950757
290,Kallen O'Connor,24826347,2,01:03:04,2026-03-27,2026-03-29,1.1349128548709504,437,317,456,473,463,496,508,396,419,406,429,520,537,314,255,462,2,0.8739429287767546,1.1349128548709504,3784.5,-0.147825330526677,-0.14190176742246347,-0.14190176742246347,0.45,0.44723618090452266,0.25,0.8739429287767546,-0.147825330526677,-0.14190176742246347,0.45,0.44723618090452266,-0.14190176742246347,1503.5581103765317,29.930335544537787,2.8048951992164963,21.515649946888296,-0.14190176742246347,0.10558560599282812,962.8672731501995
291,Jamie Ambabo,20620378,3,01:16:40,2025-04-04,2026-03-27,1.1359049262659695,410,286,495,598,553,406,623,437,530,445,539,590,700,505,315,653,3,0.8971240145221016,1.108196804191217,4599.666666666667,0.06878191421306556,0.051122313972782864,-0.46713859419047343,0.5209347082635399,0.5184754665140889,0.3316582914572864,0.8651968939980613,-0.07512807320920095,-0.08523442404704934,0.47361560406197656,0.4709273069562738,0.05112231397278285,1498.608234090962,26.23366652486203,2.3483125843023966,19.188728771954843,-0.28574727633333374,0.2531949081891519,932.2337970830795
292,Stephanie Thompson,20866882,5,01:07:20,2025-04-12,2026-03-27,1.1369572482557144,338,260,318,422,366,471,372,289,386,294,391,305,411,281,262,563,5,0.894046373069083,1.077647183209103,4039.6,-0.292556284646774,-0.21196998888464172,-0.16339619247173692,0.42879523216702964,0.4250638722700851,0.30985915492957744,0.8388919432626347,-0.39343151082789274,-0.33677676324530226,0.38484737567955746,0.38120210450293845,-0.38546454096033383,1504.472229459435,26.67800637719162,1.8452325847536468,21.142308622930678,-0.18039702121625362,-0.055445230459656464,947.8621503973434
293,Kori Klustaitis,21410956,4,01:28:20,2025-04-04,2026-03-27,1.14110005001173,337,236,333,405,361,452,420,333,390,342,399,301,370,319,291,495,4,0.8626831452674518,1.0481485260622307,5299.5,-0.34179704301564434,-0.23454600946288515,-0.20277732782160449,0.43214438563047786,0.4287421325719198,0.37185929648241206,0.8387050543774077,-0.39764728034869445,-0.30430171587024324,0.4127377388552984,0.40936623069601796,-0.2866545350740355,1503.4373241921128,26.132475042579276,2.0524782184539045,19.97504038721756,-0.2138963663960527,-0.05954600946288516,958.0796500826865
294,Tiffany Jiamachello,21978123,3,01:18:30,2025-04-12,2025-06-20,1.1411691037558302,328,297,283,429,402,427,470,297,428,289,423,318,464,402,345,485,3,0.8955331044402195,1.1181554215503386,4710.0,-0.23660882589015966,-0.20456244226389408,-0.2782456556643416,0.4530750896849968,0.44482415012010024,0.19607843137254902,0.8346756585884673,-0.38463616223583347,-0.3867349786693816,0.38882592510688485,0.3780106359545612,-0.20456244226389408,1501.0283646564192,25.463319092738672,2.3649932984662576,18.3683391973399,-0.25245653097418497,-0.002489848047525056,958.9259468486026
295,Natasha Oerter,23763341,1,01:07:49,2025-04-04,2025-04-04,1.142434157641123,220,323,285,300,379,339,371,294,310,300,316,257,267,358,469,201,1,0.7913263321664722,1.142434157641123,4069.0,-0.443601471342008,-0.38559254144317595,-0.38559254144317595,0.387434554973822,0.38421052631578945,0.387434554973822,0.7913263321664722,-0.443601471342008,-0.38559254144317595,0.387434554973822,0.38421052631578945,-0.38559254144317595,1502.3181818181818,26.809991068231852,3.7936574833660903,15.42901861813358,-0.385592541443176,-0.03559254144317597,1007.8316820458436
296,Karen Wells,22654912,7,01:22:32,2025-04-04,2026-03-27,1.143041893895298,263,251,293,409,327,524,256,280,377,283,380,324,403,261,254,621,7,0.876836485801325,1.0625656757787445,4952.285714285715,-0.3004390468678948,-0.2304194867516042,-0.020716436013386828,0.42384105019490054,0.4191879367875952,0.15384615384615385,0.808708952651553,-0.37451264452261557,-0.3736115823090717,0.37915987813676866,0.375414933773256,-0.619744507390562,1505.2314163616513,26.357243073346876,1.5858982296290967,21.599548384459585,-0.0941125037717629,-0.09813192119837469,936.7947100945634
297,Zoe Beckett,22860134,2,01:12:44,2025-07-12,2026-03-27,1.1445843523180077,178,325,213,230,239,266,310,241,258,245,261,203,214,330,377,213,2,0.7720188398958743,1.1445843523180073,4363.5,-0.5099434818972574,-0.5014620374522281,-0.5014620374522281,0.35606741573033707,0.34899215177008636,0.29213483146067415,0.7720188398958743,-0.5099434818972574,-0.5014620374522281,0.35606741573033707,0.34899215177008636,-0.5014620374522281,1503.0594730755377,26.128849303456256,2.848391215999881,17.583675655456613,-0.5014620374522281,-0.25397466403693647,1005.059400832836
298,Aurali Dade,22816373,3,01:18:52,2025-04-12,2025-09-27,1.1460047448276536,692,326,649,641,590,679,664,597,607,604,610,670,667,704,426,695,3,0.9796772887569106,1.1463724965659186,4731.666666666667,0.02713257162384078,0.11293437785270699,0.19465054997209752,0.5610558777501611,0.5566096629926417,0.3333333333333333,0.9885449759778275,0.03331916833213354,0.13336342088255462,0.5633975421154378,0.559301218875687,0.11293437785270699,1494.5286790585521,23.343343973530576,2.3632302230212963,16.253653304466688,0.16604988973031085,0.315006972069076,925.1589105744091
299,Maria Seitz,21922205,8,01:14:20,2025-04-04,2026-03-27,1.1461051404616716,377,267,356,584,493,627,330,352,529,358,536,377,634,503,265,808,8,0.9436030917022892,1.0839221871116338,4460.25,-0.026826353916957688,0.0317409453074942,0.1088201798556222,0.5202278372276907,0.517243884381048,0.265625,0.8567563596260152,-0.31089818753191856,-0.26751157706957573,0.4213502064006562,0.41804257059287003,-0.46894958954541016,1498.6384322177714,25.51887668500701,1.4774786737763868,21.086440663677852,0.0818424477637774,0.15548463201514,904.7594310828704
300,Darya Leylian,21935409,7,01:02:59,2025-04-04,2026-03-29,1.147985047440307,553,287,609,516,430,279,164,529,460,537,464,707,638,351,181,747,7,0.8593467334855885,1.1082501029198648,3778.5714285714284,-0.022632408056611597,-0.07497144550908807,-0.7177372894400247,0.4772571160062908,0.4725888813771838,0.11320754716981132,0.9221661812220018,0.08853835673127708,0.07933734424680058,0.5277732233178285,0.5248125091044458,-0.8770494459823733,1502.4969836706628,29.345494577299128,1.6458014632285405,24.408090187613507,-0.49276924406419687,0.05731612004414144,918.1054132181471
301,Jennifer Morrow,21968495,9,01:18:53,2025-04-04,2026-03-27,1.1479918593399892,276,265,274,629,529,532,278,249,496,252,500,247,689,495,260,842,9,0.9439183446651386,1.0806780962248155,4733.444444444444,0.05729630977574881,0.08822111090388601,-0.16895383502561273,0.497416682758629,0.49376858517236005,0.25263157894736843,0.8133619013828045,-0.45096014719415445,-0.40111992066354796,0.3603725841504986,0.3563855283816949,-0.5691107703133323,1498.754114084836,25.46487669726911,1.410087514780494,21.234614152927627,-0.07894260395028818,0.20488777757055265,894.3167255702089
302,Jeremy Seidling,21113122,8,01:03:31,2025-04-04,2026-03-29,1.1510453558011493,503,234,510,254,196,175,140,484,243,489,249,645,315,127,132,484,8,0.8171751424077911,1.0479115545300748,3811.0,-0.39577046774537006,-0.45865249918717593,-0.7837625580697394,0.3442088363156318,0.33987867593936294,0.155,0.8990430663280369,-0.007122573432066626,-0.06535709438776316,0.49893940708208273,0.4958202085583009,-0.9635940366552038,1515.321982639181,31.28423870992995,1.4845546535530059,26.830574749270934,-0.6699740374608423,-0.33490881247953014,958.9421771997576
303,Greta Block,22226725,2,01:26:20,2025-07-12,2025-11-01,1.152219829187541,591,330,518,525,524,544,555,511,521,512,524,495,518,584,517,523,2,0.9406932711763696,1.152219829187541,5179.5,-0.17111689993799176,-0.05008579686953707,-0.05008579686953707,0.5154781013529007,0.5088117592735109,0.33707865168539325,0.9406932711763696,-0.17111689993799176,-0.05008579686953707,0.5154781013529007,0.5088117592735109,-0.05008579686953707,1496.8484990313711,22.96133812701875,2.85017114902058,14.41082467995701,-0.05008579686953707,0.19740157654575452,954.0500095703208
304,Jessica Henderson,22251076,7,01:13:20,2025-04-04,2026-03-29,1.1552301400985754,676,290,754,560,485,352,207,682,489,688,493,866,675,457,227,775,7,0.9009173768195239,1.1115847102073428,4399.571428571428,0.038189213300602355,0.006124966796075342,-0.5599624375965189,0.4928852410623551,0.4871150438552017,0.20100502512562815,0.974596170801316,0.38373159392694867,0.328673581977068,0.606874210412222,0.6033060669415466,-0.7175573130225338,1499.6660894637494,27.33790513525737,1.5838204655650652,22.586443738562174,-0.3618318460591109,0.13841253234930487,910.5352753621696
305,Amy Mueggenberg,24004413,2,01:41:55,2025-04-18,2025-07-05,1.1569661578481163,710,332,657,666,651,672,692,571,586,531,550,671,672,600,509,643,2,1.002360163049365,1.1569661578481163,6115.0,0.03758507148468826,0.14828477835153991,0.14828477835153991,0.5509105960264901,0.5223809523809524,0.4768211920529801,1.002360163049365,0.03758507148468826,0.14828477835153991,0.5509105960264901,0.5223809523809524,0.14828477835153991,1496.6148291210927,24.105621297884717,3.1752617156938343,14.579836150803214,0.14828477835153991,0.3957721517668315,934.0322442272486
306,Andrea Howard,21914148,1,00:53:49,2025-08-03,2025-08-03,1.1572236067174746,11,333,61,78,108,89,130,54,60,58,65,71,86,224,321,40,1,0.5801293568091987,1.1572236067174746,3229.0,-0.8159564676553351,-0.9926295670521474,-0.9926295670521474,0.1509433962264151,0.1346153846153846,0.1509433962264151,0.5801293568091987,-0.8159564676553351,-0.9926295670521474,0.1509433962264151,0.1346153846153846,-0.9926295670521474,1507.4064579898695,30.859094629174933,3.94745170539423,19.016739512992242,-0.9926295670521474,-0.6426295670521475,1072.9111168159272
307,Lulu Zhong,22862329,2,01:59:08,2025-04-04,2025-07-12,1.1579737629372036,739,334,731,738,729,735,755,749,747,747,744,706,713,855,680,724,2,1.0277673864328396,1.1579737629372036,7148.0,0.08608485130668392,0.2877952540124936,0.2877952540124936,0.6530455351862803,0.6464389750906605,0.6263157894736842,1.0277673864328396,0.08608485130668392,0.2877952540124936,0.6530455351862803,0.6464389750906605,0.2877952540124936,1491.4721183834658,20.008156166645797,2.8930236923628523,11.32908508955724,0.2877952540124936,0.5352826274277852,920.978431474653
308,Alyson Anderson,24174392,1,02:12:29,2025-07-05,2025-07-05,1.15831644900993,760,335,733,740,769,737,758,727,726,732,730,738,757,583,692,638,1,1.0433127707048169,1.15831644900993,7949.0,0.14586412461989792,0.29283595801136425,0.29283595801136425,0.6357615894039735,0.6333333333333333,0.6357615894039735,1.0433127707048169,0.14586412461989792,0.29283595801136425,0.6357615894039735,0.6333333333333333,0.29283595801136425,1496.8499846002824,22.422095192339757,3.769170692145407,11.114583115903535,0.29283595801136425,0.6428359580113643,934.7789452971745
309,Matthew Swanson,23820090,5,01:07:06,2025-04-04,2026-03-29,1.1588768750374945,562,322,661,475,411,238,180,598,432,606,437,784,625,316,200,617,5,0.8475172409221283,1.1398623694066714,4025.8,-0.03979044184291756,-0.1393554412382767,-0.7518271596925198,0.45773717948717946,0.4546526719091112,0.19791666666666666,0.926960538910534,0.22966288170497023,0.1535507157850668,0.5649659455128205,0.5625656654771469,-0.8155139354224273,1503.4970972806536,29.155140714325714,1.8509505105356965,23.602289182718625,-0.5374620582335348,0.017169317186708555,937.2726276527533
310,Tyler Heathcote,23764010,3,01:23:08,2025-04-04,2025-07-26,1.16005910035667,395,301,489,618,570,394,643,438,541,440,545,598,728,616,351,671,3,0.9000326608691213,1.1263553270311997,4988.0,0.11150106925808789,0.07364903313083866,-0.5028070180762673,0.5257246376811594,0.5210965256422756,0.3188405797101449,0.8628656114796154,-0.06887405739464908,-0.0941224914866031,0.4740036231884058,0.4680282765846479,0.07364903313083866,1496.2099035149195,25.321031394958638,2.3800513937702923,18.18087721364776,-0.30104740015378023,0.2757216273472077,929.3868701449602
311,Jaclyn Frishcosy,22859013,1,00:56:15,2026-03-27,2026-03-27,1.1619125676212207,41,337,117,138,175,159,210,115,128,121,138,171,185,244,363,77,1,0.6747301079568173,1.1619125676212207,3375.0,-0.5485704699967106,-0.7143759679309916,-0.7143759679309916,0.255,0.25125628140703515,0.255,0.6747301079568173,-0.5485704699967106,-0.7143759679309916,0.255,0.25125628140703515,-0.7143759679309916,1505.698499600054,29.265555964381914,3.770649697158018,17.95360687290786,-0.7143759679309916,-0.3643759679309916,1042.993084992466
312,Kelsey Mills,22456986,1,00:56:19,2026-03-27,2026-03-27,1.163289649182846,44,339,118,140,177,161,212,118,131,124,141,174,188,251,369,78,1,0.675529788084766,1.163289649182846,3379.0,-0.5472218025843031,-0.7115032381582527,-0.7115032381582527,0.26,0.2562814070351759,0.26,0.675529788084766,-0.5472218025843031,-0.7115032381582527,0.26,0.2562814070351759,-0.7115032381582527,1505.5687698703243,29.121058173834047,3.7704258697974358,17.809780564441738,-0.7115032381582527,-0.3615032381582527,1042.7627210686012
313,Shayne Welsh,24738511,1,00:56:24,2026-03-27,2026-03-27,1.165011001134877,45,340,119,141,180,163,213,123,136,128,145,175,191,255,373,79,1,0.6765293882447021,1.165011001134877,3384.0,-0.5455359683187939,-0.707917104387804,-0.707917104387804,0.265,0.2613065326633166,0.265,0.6765293882447021,-0.5455359683187939,-0.707917104387804,0.265,0.2613065326633166,-0.707917104387804,1505.4390401405944,28.97807481127718,3.770155604610322,17.667607997446215,-0.707917104387804,-0.357917104387804,1042.4503156849994
314,Melissa Mason,22483314,1,01:09:15,2025-08-02,2025-08-02,1.1680233769773885,771,341,758,761,787,759,782,672,670,681,680,771,786,552,674,673,1,1.0537661678924677,1.1680233769773885,4155.0,0.20358407743837403,0.33469622112634784,0.33469622112634784,0.6025641025641025,0.6,0.6025641025641025,1.0537661678924677,0.20358407743837403,0.33469622112634784,0.6025641025641025,0.6,0.33469622112634784,1497.6527428190407,22.771433330188334,3.7647669331031413,11.47713253087891,0.33469622112634784,0.6846962211263479,929.301065302154
315,Megan Wickmann,23983919,1,01:07:53,2026-01-25,2026-01-25,1.168157175210685,515,342,424,446,509,474,485,493,502,494,505,401,418,435,452,299,1,0.9065212552860004,1.168157175210685,4073.0,-0.28469538707404385,-0.17808026678502023,-0.17808026678502023,0.5050505050505051,0.5,0.5050505050505051,0.9065212552860004,-0.28469538707404385,-0.17808026678502023,0.5050505050505051,0.5,-0.17808026678502023,1500.1780638365237,27.08588333148212,3.7906429682879406,15.713954426618297,-0.17808026678502023,0.17191973321497975,986.3200894616892
316,Chelsea Fedie,22871012,2,01:05:32,2026-03-27,2026-03-29,1.168195368946639,564,343,691,697,691,696,720,616,623,624,632,851,862,450,335,725,2,0.9272358371516151,1.168195368946639,3932.5,0.331423299394061,0.21438715204763026,0.21438715204763026,0.575,0.5728643216080402,0.19,0.9272358371516151,0.331423299394061,0.21438715204763026,0.575,0.5728643216080402,0.21438715204763026,1499.8385087460304,27.220650755054248,2.825768813415014,18.743344314809207,0.21438715204763026,0.46187452546292185,920.6940474111386
317,Hiromi Kimura,21900482,6,01:10:17,2025-04-04,2026-03-27,1.1689260526216316,266,253,291,302,250,332,304,304,293,309,294,294,276,200,234,473,6,0.8280611482019024,1.0646977794494445,4217.333333333333,-0.4304693774652783,-0.38091380289466475,-0.4021913612389117,0.37646221509779315,0.3714243108770097,0.25842696629213485,0.8096642013638913,-0.4016765182376804,-0.37404732963871634,0.3912395326753528,0.3872364496369596,-0.5123655254140296,1508.8204326702942,27.52799426794877,1.7027897794874602,22.41962492948639,-0.3947442158184253,-0.23802690123231268,960.8667714417932
318,Jennifer Knight,22227286,2,01:04:22,2026-03-27,2026-03-29,1.1706380623825088,595,344,703,709,703,707,731,603,612,614,623,819,832,455,318,743,2,0.9420374745393729,1.1706380623825088,3862.5,0.2910031696770914,0.23720234208764174,0.23720234208764174,0.5680402010050252,0.5658596010354804,0.21608040201005024,0.9420374745393729,0.2910031696770914,0.23720234208764174,0.5680402010050252,0.5658596010354804,0.23720234208764174,1499.6898709347213,27.561236904566844,2.814884181492537,19.116584360089234,0.23720234208764174,0.4846897155029333,918.5919085967383
319,Kristen Sweeney,21085430,3,01:15:29,2025-04-04,2026-03-27,1.1708083466338102,416,303,561,672,623,442,697,488,573,492,584,714,819,531,353,741,3,0.902194655753807,1.1267233196158137,4529.0,0.26627544965692734,0.1616807675269334,-0.4363137490672113,0.543888888888889,0.541547177422891,0.2916666666666667,0.8658203220832481,0.09712357218645748,0.012182138378397211,0.5016666666666667,0.4991252071877713,0.1616807675269334,1498.1161035579764,25.22691210332375,2.358821862347132,18.15044651628235,-0.22701566825926067,0.3637533617433024,918.7197424285398
320,Elena Oberg,20596000,3,01:41:59,2025-05-03,2025-08-02,1.1725024411425575,794,366,782,812,773,813,828,728,759,733,765,797,853,859,524,855,3,1.091452835266019,1.1889881412566898,6118.666666666667,0.31738522587822643,0.4458111607871444,0.45340756400635734,0.6619219342293584,0.6595927012056044,0.5576923076923077,1.0718866084429204,0.2505228486855513,0.37912735944293396,0.6358645275950957,0.6334042033235581,0.4458111607871444,1491.4024788686777,21.378495042302383,2.3454949525650166,14.342010184607332,0.4507488228796328,0.6478837550035135,891.3652600241284
321,Mallory Alemi,24578717,1,00:56:52,2026-03-27,2026-03-27,1.1746505720662537,50,349,125,145,194,167,218,130,145,136,155,178,194,262,384,85,1,0.6821271491403439,1.1746505720662537,3412.0,-0.5360952964319421,-0.6879321616537747,-0.6879321616537747,0.275,0.271356783919598,0.275,0.6821271491403439,-0.5360952964319421,-0.6879321616537747,0.275,0.271356783919598,-0.6879321616537747,1505.1795806811351,28.69711408401333,3.7695387685616577,17.388497778328357,-0.6879321616537747,-0.3379321616537747,1040.3520472705861
322,Kayla Berkowitz,21907911,2,01:25:53,2025-04-04,2025-07-26,1.174898040856544,80,350,139,161,163,185,247,179,183,183,190,139,152,276,324,142,2,0.7217349025455997,1.1748980408565441,5153.0,-0.5944909344596605,-0.644798777556719,-0.644798777556719,0.307518115942029,0.30039267015706805,0.2608695652173913,0.7217349025455997,-0.5944909344596605,-0.644798777556719,0.307518115942029,0.30039267015706805,-0.644798777556719,1504.5978305932572,27.601772776811707,2.873259131615047,18.981995381966566,-0.644798777556719,-0.3973114041414274,1020.9178206199866
323,Emmie Lee,21916024,7,01:08:49,2025-04-04,2026-03-29,1.176356819067307,735,198,868,474,394,259,195,694,366,699,374,984,588,203,168,687,7,0.8838238329697773,1.012598305044314,4129.0,-0.09603501705896011,-0.1418097118595967,-0.7045767325971846,0.41819369715100335,0.41420360682417473,0.17880794701986755,1.0264613398536695,0.7087366161068179,0.5743555036453801,0.6155888090303538,0.612997475689094,-0.7439966635209472,1508.5560640053275,29.746105717637533,1.584868473888262,24.99150029597275,-0.5076082753390287,-0.00952214630636719,927.1038218454567
324,Courtney Buhler,22229044,2,01:35:00,2025-04-04,2026-03-27,1.1771362010826096,494,351,504,520,515,535,546,514,523,519,530,443,463,548,506,492,2,0.8948969524809297,1.1771362010826096,5700.0,-0.23828860080255562,-0.06932253507917605,-0.06932253507917605,0.5169201269505422,0.5144300144300145,0.45226130653266333,0.8948969524809297,-0.23828860080255562,-0.06932253507917605,0.5169201269505422,0.5144300144300145,-0.06932253507917605,1497.7227663943806,23.172971028505387,2.8223532585416726,14.70591125288037,-0.06932253507917605,0.17816483833611554,958.5658875613748
325,Lori Eich,23149275,3,01:15:46,2025-04-04,2026-03-27,1.1773347896896742,381,309,508,597,551,428,622,491,563,501,572,621,708,527,333,650,3,0.8880893481193555,1.1308349718182156,4545.666666666667,0.08123655832160635,0.04910971547120713,-0.4108175686422961,0.5377083333333333,0.5353381216729372,0.328125,0.8572405416772815,-0.03828392778401471,-0.06587210555716869,0.50453125,0.5020061038175169,0.04910971547120713,1498.1626957648073,25.812818351321727,2.348423759077925,18.76754707408795,-0.24984301920257002,0.25118230968757616,932.394580081615
326,Kamila Lin,21890972,2,01:04:38,2026-03-27,2026-03-29,1.1799653986004093,596,355,741,750,740,745,767,655,656,665,667,885,890,504,342,774,2,0.9422390911331168,1.1799653986004093,3878.0,0.45875591501798135,0.3127262132633127,0.3127262132633127,0.59625,0.5942211055276382,0.25,0.9422390911331168,0.45875591501798135,0.3127262132633127,0.59625,0.5942211055276382,0.3127262132633127,1498.6310727915427,26.857903889302595,2.818363695092322,18.40281280402563,0.3127262132633127,0.5602135866786042,910.5850553713352
327,Elizabeth Forsyth,21088908,3,01:14:13,2025-04-04,2025-11-15,1.1810985808995114,261,243,339,476,439,300,509,321,441,325,446,409,556,427,279,538,3,0.8450675105164268,1.0530075093080142,4452.666666666667,-0.12792643260430814,-0.13767545416555946,-0.6139056427226418,0.46202139965297856,0.45872354582572333,0.22527472527472528,0.8074787322085062,-0.2778504476627096,-0.29391717488389757,0.4028347310584152,0.3989877143143475,-0.13767545416555946,1500.4434681365042,27.76418976498228,2.35396788744104,20.70228610265916,-0.447225076727663,0.06439714005080957,951.8178690953376
328,Jason Pipkin,22607906,4,01:16:16,2025-04-04,2026-03-27,1.1813918795718696,244,268,334,540,491,382,221,277,415,270,405,412,692,345,296,668,4,0.8608456656517383,1.085371820379212,4575.5,0.05912977141097153,-0.025309608053412563,-0.48983443642815133,0.447710028470526,0.43884583648825415,0.14210526315789473,0.8015524095728486,-0.27341116484030425,-0.3027928218824141,0.3752923479627238,0.3660881688813403,-0.6801754693987561,1502.692507607128,26.027920368508425,2.087723605452325,19.76474955215145,-0.32725074649699276,0.14969039194658743,929.4223832541069
329,Ann Marie Greenleaf,20321851,6,01:20:32,2025-04-04,2025-11-01,1.1832966675688628,664,421,603,693,611,684,601,557,661,565,668,594,687,999,372,828,6,1.0106745658329792,1.2446439537060032,4832.0,0.05009938378245423,0.20470443655151738,0.168332283454561,0.5977827714884197,0.5943839793406375,0.4965986394557823,0.969539879616768,-0.07166502634708691,0.06989249916530667,0.5436091185740881,0.5399752276087096,0.024013014425701192,1488.8723998781202,22.851571343524988,1.7053214935802892,17.73560686278412,0.18106253703849573,0.34759133821386945,898.2841073687551
330,Annie Hansen,23764632,4,01:31:24,2025-04-04,2025-05-09,1.183910622266079,540,272,372,518,459,529,400,494,565,425,532,371,521,637,439,603,4,0.9389344120979295,1.091715182033331,5484.0,-0.16744952158068194,-0.0737278556846665,-0.09080219624816549,0.5390009951348961,0.5147005772005772,0.375,0.9148526668466903,-0.3160342405138179,-0.2505601306699612,0.5059901592215834,0.4601370851370851,-0.3265785628952251,1495.9027107545173,22.480351556955707,2.188019083867212,15.916294305354072,-0.08482617705094084,0.10127214431533349,939.6483764685431
331,Kelli Barnes,20720526,1,01:28:12,2025-04-26,2025-04-26,1.1844168399242252,432,358,332,349,423,393,411,356,375,344,366,296,308,440,596,229,1,0.8719723183391004,1.1844168399242252,5292.0,-0.400503117242003,-0.3058428165317585,-0.3058428165317585,0.4230769230769231,0.41025641025641024,0.4230769230769231,0.8719723183391004,-0.400503117242003,-0.3058428165317585,0.4230769230769231,0.41025641025641024,-0.3058428165317585,1500.0302343699848,24.592082551529987,3.9157513141219478,12.844828609164145,-0.3058428165317585,0.04415718346824149,999.3733110430926
332,Rushing Smith III,22608003,6,01:23:34,2025-04-04,2026-03-27,1.1856778128210144,469,227,423,459,390,465,422,407,435,414,439,403,435,321,280,613,6,0.8992756187025727,1.0442993784140069,5013.666666666667,-0.2671891112443738,-0.1581384799225233,-0.19807154141026742,0.459700061390301,0.4562829579141636,0.40384615384615385,0.887725713135484,-0.2843366621359802,-0.17959999775530672,0.45569092971260383,0.45248104461535316,-0.2857971706801017,1503.382943683271,25.780121109166863,1.6943593311756429,20.697043115639936,-0.18409496988955698,-0.015251578260171234,938.1559930510773
333,Lauren Kester,24808255,1,01:08:56,2026-01-25,2026-01-25,1.1862258965557064,551,360,466,482,539,503,514,525,539,527,542,439,460,456,478,329,1,0.9205430669931004,1.1862258965557064,4136.0,-0.24199107901293726,-0.1260559486733786,-0.1260559486733786,0.5252525252525253,0.5204081632653061,0.5252525252525253,0.9205430669931004,-0.24199107901293726,-0.1260559486733786,0.5252525252525253,0.5204081632653061,-0.1260559486733786,1499.6882679181565,26.687781818072448,3.7917255107362924,15.31260528586357,-0.1260559486733786,0.22394405132662137,980.7413332828909
334,Jessica Walters,21178624,1,01:10:20,2025-08-02,2025-08-02,1.1862957041743871,790,361,786,787,814,786,806,742,739,746,743,807,818,604,720,709,1,1.0702510778594978,1.1862957041743871,4220.0,0.26600372382278115,0.3962118171847637,0.3962118171847637,0.6474358974358975,0.6451612903225806,0.6474358974358975,1.0702510778594978,0.26600372382278115,0.3962118171847637,0.6474358974358975,0.6451612903225806,0.3962118171847637,1496.5688718512986,21.840291825341673,3.7660693591330983,10.542083747942378,0.3962118171847637,0.7462118171847637,923.124207652872
335,Lea Campbell,24117467,2,01:19:36,2025-07-12,2026-03-27,1.1863086355594723,347,362,337,355,371,399,413,387,407,387,403,316,331,518,463,317,2,0.8424947313589617,1.1863086355594725,4776.5,-0.38487546963160457,-0.29625435127379907,-0.29625435127379907,0.44449776974761446,0.4374077857223925,0.41708542713567837,0.8424947313589617,-0.38487546963160457,-0.29625435127379907,0.44449776974761446,0.4374077857223925,-0.29625435127379907,1498.346706930132,24.085452052381207,2.8533701779872294,15.52534151841952,-0.29625435127379907,-0.048766977858507476,983.9595288358167
336,Libby Bacon,24549140,1,01:02:22,2026-03-27,2026-03-27,1.1866825214616117,123,363,175,186,260,222,279,163,175,173,184,170,183,282,415,119,1,0.7489991993594876,1.1866825214616117,3742.0,-0.551736090700438,-0.5661279593339725,-0.5661279593339725,0.3015075376884422,0.29797979797979796,0.3015075376884422,0.7489991993594876,-0.551736090700438,-0.5661279593339725,0.3015075376884422,0.29797979797979796,-0.5661279593339725,1504.4717975794053,27.776849992197903,3.76442967883405,16.48356095569575,-0.5661279593339725,-0.21612795933397255,1026.8747147575777
337,Kara Taylor,17731928,10,01:04:56,2025-04-04,2026-03-27,1.187156458925324,124,226,136,202,151,184,122,129,228,133,215,126,215,128,154,474,10,0.8094072043263374,1.0437233308835108,3895.9,-0.5095140962494419,-0.5412757942134041,-0.701016419246605,0.334077726230747,0.3192173930288126,0.12582781456953643,0.749817218915622,-0.6351839350973051,-0.6564056190750832,0.27397348346327355,0.2682402264873775,-1.0351199790389063,1515.3151613541945,30.02117380049428,1.3630880697015448,25.931909591389648,-0.6451072004849847,-0.43059607610751083,960.8369380779892
338,Leesa Webster,23764612,2,01:50:30,2025-04-04,2025-08-02,1.1877206802456637,862,364,849,849,835,847,866,840,835,846,843,855,865,919,695,841,2,1.12872216229339,1.1877206802456637,6630.5,0.3398976870238657,0.5265037518528368,0.5265037518528368,0.7172064777327936,0.7155316606929509,0.6923076923076923,1.12872216229339,0.3398976870238657,0.5265037518528368,0.7172064777327936,0.7155316606929509,0.5265037518528368,1490.2602304970633,19.575322000974815,2.828649170542652,11.08937448934686,0.5265037518528368,0.7739911252681284,894.8467922796938
339,Tazia Statucki,22389912,8,01:14:19,2025-04-04,2026-03-29,1.1885716508523465,748,304,855,659,560,570,246,786,593,789,598,934,755,633,258,853,8,0.9441916681253417,1.126834087522823,4458.875,0.14519073175887964,0.13811624447099827,-0.08288883908622431,0.5535164976379854,0.5502214843719667,0.21608040201005024,1.0309840624287732,0.5926938355995158,0.5369508493864211,0.6781938397010097,0.6762031044117092,-0.6454300896018655,1495.9951362995273,25.72167502947673,1.485457113666275,21.265303688477907,-0.005537059841196415,0.26185993117864403,891.5353797192686
340,Doreen Chiu,24506322,1,00:55:17,2025-08-03,2025-08-03,1.1887614442495704,14,365,74,85,122,104,148,67,75,68,76,78,88,232,340,48,1,0.5959396334890406,1.1887614442495704,3317.0,-0.7852315343418266,-0.9318932388390705,-0.9318932388390705,0.16981132075471697,0.15384615384615385,0.16981132075471697,0.5959396334890406,-0.7852315343418266,-0.9318932388390705,0.16981132075471697,0.15384615384615385,-0.9318932388390705,1506.7397913232028,30.318684816720904,3.9430666341444804,18.489484914287463,-0.9318932388390704,-0.5818932388390705,1066.3037975619895
341,Melissa Reilly,24208744,2,01:20:30,2025-07-12,2026-03-27,1.1895115390742386,365,367,350,372,383,410,427,405,427,401,424,341,357,550,473,330,2,0.8483988839771881,1.1895115390742386,4829.5,-0.3616434417987135,-0.27451615025134624,-0.27451615025134624,0.45248715487550106,0.44529565316082176,0.3768844221105528,0.8483988839771881,-0.3616434417987135,-0.27451615025134624,0.45248715487550106,0.44529565316082176,-0.27451615025134624,1497.6719302355882,23.925108050457993,2.8590995132594212,15.34780951067973,-0.27451615025134624,-0.027028776836054647,980.6556156177321
342,Ashlyn Koga,21410220,5,01:11:25,2025-04-04,2026-03-27,1.191737047848299,156,223,194,290,244,214,189,189,266,193,267,176,305,227,210,423,5,0.7969488863925193,1.040124768286487,4285.0,-0.4061017698682942,-0.4033827713936736,-0.6699644523733617,0.36052349938391126,0.3543356224399307,0.17391304347826086,0.7628020150982358,-0.5440710230585764,-0.5300392070433967,0.31526392800563285,0.30914007405726107,-0.7722363261084978,1507.239549604159,28.940980227844083,1.871096571325167,23.327690513868582,-0.5766608640304709,-0.24685801296868837,967.1556981568558
343,Bonnie Smith,22838801,6,01:06:10,2025-04-12,2026-03-27,1.1939017348821932,125,336,135,228,176,245,202,125,208,130,216,120,201,173,192,374,6,0.8144466823125162,1.1592485961178776,3970.3333333333335,-0.528714339283159,-0.5044250188420675,-0.5332130051651687,0.3248190286918215,0.31954022095900764,0.20202020202020202,0.7503539095907066,-0.6480831241588194,-0.659979530932415,0.2672012928119393,0.2619245731709039,-0.7224720308471984,1510.988197018685,29.0099618654415,1.7038054093596575,23.898545637362528,-0.5231372099520832,-0.3615381171797154,973.9424259903058
344,Ari Cotter,23742220,2,01:42:04,2025-04-04,2025-06-20,1.1953780141096584,356,370,401,425,419,455,467,386,405,377,400,355,368,462,451,379,2,0.8459611988194959,1.1953780141096586,6124.0,-0.34579261599727673,-0.20907022953489596,-0.20907022953489596,0.44416924664602686,0.42951095287543883,0.37254901960784315,0.8459611988194959,-0.34579261599727673,-0.20907022953489596,0.44416924664602686,0.42951095287543883,-0.20907022953489596,1499.5495664802995,24.270483001501038,2.8469435898583804,15.729652231925897,-0.20907022953489596,0.03841714388039563,973.0426266852861
345,Dever Kucera,23764807,1,01:36:09,2025-04-04,2025-04-04,1.195863405301197,136,371,245,262,328,301,339,233,251,238,256,270,286,341,449,170,1,0.7558962264150944,1.195863405301197,5769.0,-0.4212390559133356,-0.4463235084446308,-0.4463235084446308,0.3489583333333333,0.34554973821989526,0.3489583333333333,0.7558962264150944,-0.4212390559133356,-0.4463235084446308,0.3489583333333333,0.34554973821989526,-0.4463235084446308,1502.7368421052631,27.14487551147832,3.796167348903136,15.756373464768911,-0.44632350844463087,-0.09632350844463083,1014.0462188182013
346,Micaela Castro,23878251,1,01:10:56,2025-08-02,2025-08-02,1.1964157623142635,805,373,804,805,837,802,822,778,775,782,778,826,838,636,748,733,1,1.0793811818412375,1.1964157623142635,4256.0,0.30057460489722204,0.4298755397884279,0.4298755397884279,0.6730769230769231,0.6709677419354839,0.6730769230769231,1.0793811818412375,0.30057460489722204,0.4298755397884279,0.6730769230769231,0.6709677419354839,0.4298755397884279,1495.949517012589,21.325118625291015,3.7670167474073226,10.024068383069046,0.42987553978842796,0.7798755397884278,919.7657000662712
347,Lindsey Anderson,22324939,7,01:07:39,2025-04-04,2026-03-29,1.198463411858146,683,307,767,602,521,464,199,719,548,721,555,875,705,535,219,802,7,0.9239004562944364,1.1302659522746705,4058.8571428571427,0.07617714883773699,0.05653269248274205,-0.319111540354449,0.5303343100527923,0.5243756322822751,0.225,0.9827695356316344,0.4080808524436932,0.3521661457339525,0.6302148744173683,0.6270547099893687,-0.7330545310578308,1498.0365083245745,27.86103259281272,1.6222806849451792,22.994190537977182,-0.18763605886143214,0.18882025803597158,905.2182864056904
348,Susi Windeler,22862495,1,01:29:17,2025-04-26,2025-04-26,1.1989646658114277,453,374,360,381,448,419,435,457,476,450,467,333,348,529,678,243,1,0.8826824847586093,1.1989646658114277,5357.0,-0.3669989954650014,-0.2649848426401988,-0.2649848426401988,0.48717948717948717,0.47435897435897434,0.48717948717948717,0.8826824847586093,-0.3669989954650014,-0.2649848426401988,0.48717948717948717,0.47435897435897434,-0.2649848426401988,1498.1354975278796,23.227987724246496,3.9297576886782952,11.43871465821161,-0.2649848426401988,0.0850151573598012,995.9566953276144
349,Veronica Yang,24242728,1,01:14:57,2025-09-12,2025-09-12,1.1990132070934136,717,375,759,762,788,760,783,771,767,494,505,850,861,438,901,661,1,1.0116985376827896,1.1990132070934136,4497.0,0.33118779824724387,0.33630604863255353,0.33630604863255353,0.6666666666666666,0.5,0.6666666666666666,1.0116985376827896,0.33118779824724387,0.33630604863255353,0.6666666666666666,0.5,0.33630604863255353,1500.042387793104,24.17758700105334,5.743661293059497,6.946603121874848,0.33630604863255353,0.6863060486325535,930.3979864209916
350,Kimberly Valentine,24739094,1,01:29:17,2025-09-12,2025-09-12,1.1995073891625616,912,377,924,921,939,919,928,887,882,776,773,994,991,630,975,885,1,1.1995073891625616,1.1995073891625616,5357.0,0.7300785676440169,0.7579243008715276,0.7579243008715276,0.75,0.6666666666666666,0.75,1.1995073891625616,0.7300785676440169,0.7579243008715276,0.75,0.6666666666666666,0.7579243008715276,1496.0,22.783254814984236,5.827451454111259,5.30090045265046,0.7579243008715276,1.1079243008715276,883.5785540801762
351,Jessica Stewart,22314271,2,01:17:44,2025-04-04,2025-04-12,1.1998993854757103,674,378,650,658,641,664,683,630,637,641,647,647,648,589,500,629,2,0.9729176086234819,1.1998993854757103,4663.5,-0.005536797603550997,0.1351134434038012,0.1351134434038012,0.5837503849707422,0.5811890838206628,0.5130890052356021,0.9729176086234819,-0.005536797603550997,0.1351134434038012,0.5837503849707422,0.5811890838206628,0.1351134434038012,1496.792960157895,23.285679401606746,2.830451537529268,14.794324789018942,0.1351134434038012,0.38260081681909275,936.2723040098911
352,Samantha Bailye,22463335,1,01:11:09,2025-08-02,2025-08-02,1.2000702277536637,808,379,808,809,841,805,825,792,787,796,791,836,847,647,760,742,1,1.0826781638346437,1.2000702277536637,4269.0,0.31305853417410345,0.4419619485097293,0.4419619485097293,0.6858974358974359,0.6838709677419355,0.6858974358974359,1.0826781638346437,0.31305853417410345,0.4419619485097293,0.6858974358974359,0.6838709677419355,0.4419619485097293,1495.6398395932342,21.05911053270006,3.7675377920649895,9.756497156505091,0.4419619485097293,0.7919619485097293,918.6321733197318
353,Nhi Nguyen,9989280,1,00:58:50,2026-03-27,2026-03-27,1.2001615322570771,78,380,138,158,211,180,241,138,153,145,160,114,124,274,413,93,1,0.7190873905072316,1.2001615322570771,3530.0,-0.6586550947661742,-0.6537619198683772,-0.6537619198683772,0.2814070351758794,0.2777777777777778,0.2814070351758794,0.7190873905072316,-0.6586550947661742,-0.6537619198683772,0.2814070351758794,0.2777777777777778,-0.6537619198683772,1504.7483061103035,27.80241474670939,3.7684764531564663,16.496985387239988,-0.6537619198683772,-0.3037619198683772,1036.550610168783
354,Melynda Owens,17915498,21,01:06:16,2025-04-04,2026-03-29,1.2004266146994564,462,285,499,195,136,174,103,475,176,481,179,635,243,59,108,628,21,0.7879604431389682,1.107351523582552,3975.6666666666665,-0.48012639458493245,-0.5501461119261796,-0.7374036540339871,0.3016643344089968,0.2940810487483724,0.06557377049180328,0.8858157170986822,-0.021142521063887698,-0.07842712590686313,0.49367180693994,0.49040661753089554,-1.1419138725920304,1527.8907043208196,30.961400323588713,0.9691222506058991,28.054033571771015,-0.6718635142962545,-0.4737698503435822,936.3917924138057
355,Elizabeth Beetschen,21857678,2,01:33:36,2025-04-04,2026-03-27,1.201099192325275,390,381,453,468,460,494,504,497,504,505,515,385,402,493,495,413,2,0.8610163701432338,1.201099192325275,5616.0,-0.3005717783422727,-0.1457657380241043,-0.1457657380241043,0.5075000000000001,0.5049586557124246,0.5,0.8610163701432338,-0.3005717783422727,-0.1457657380241043,0.5075000000000001,0.5049586557124246,-0.1457657380241043,1498.7857224305485,23.338458480706983,2.82196405930228,14.872566302800143,-0.1457657380241043,0.10172163539118728,968.3116297693882
356,Sarah Hosley,22862335,2,01:35:30,2025-04-04,2026-03-27,1.2032472951710766,433,384,470,485,476,506,517,507,517,515,526,406,420,519,499,439,2,0.8724271519925271,1.2032472951710766,5730.5,-0.2805940344339142,-0.11840767004290849,-0.11840767004290849,0.513421052631579,0.5109143601605913,0.49,0.8724271519925271,-0.2805940344339142,-0.11840767004290849,0.513421052631579,0.5109143601605913,-0.11840767004290849,1498.3235232361828,23.26838541183187,2.8216843266664924,14.803332431832391,-0.11840767004290849,0.12907970337238311,964.9654519515506
357,Alexandra Wright,23970677,1,01:03:16,2026-03-27,2026-03-27,1.2038072825944086,147,385,196,211,275,243,297,182,188,191,196,188,202,296,427,134,1,0.7598078462770216,1.2038072825944086,3796.0,-0.5279771202875005,-0.5278633721558568,-0.5278633721558568,0.31155778894472363,0.30808080808080807,0.31155778894472363,0.7598078462770216,-0.5279771202875005,-0.5278633721558568,0.31155778894472363,0.30808080808080807,-0.5278633721558568,1504.2137330632763,27.542623636913408,3.764234483173577,16.24992018739268,-0.5278633721558568,-0.1778633721558568,1022.6752922572201
358,Shannon Anderson,22488537,2,01:56:28,2025-04-04,2025-05-24,1.203918532820862,724,386,698,705,699,704,727,741,738,745,741,667,668,818,627,688,2,1.017834702260889,1.203918532820862,6987.5,0.028742180500840674,0.23265113423483227,0.23265113423483227,0.6471659919028341,0.6438191438191438,0.6153846153846154,1.017834702260889,0.028742180500840674,0.23265113423483227,0.6471659919028341,0.6438191438191438,0.23265113423483227,1492.2718203713962,20.811107505137603,2.8587184295092056,12.234952216609987,0.23265113423483225,0.4801385076501239,927.1013817673028
359,Cindy Skroch,21627384,1,01:09:59,2026-01-25,2026-01-25,1.204294617900728,582,387,501,517,569,534,545,558,574,566,583,472,499,477,494,365,1,0.9345648787002004,1.204294617900728,4199.0,-0.19928677095183067,-0.0748181111465533,-0.0748181111465533,0.5454545454545454,0.5408163265306123,0.5454545454545454,0.9345648787002004,-0.19928677095183067,-0.0748181111465533,0.5454545454545454,0.5408163265306123,-0.0748181111465533,1499.198471999789,26.297415324070744,3.7925833716698216,14.919665209061279,-0.0748181111465533,0.2751818888534467,975.2530223713464
360,Joyce Yoo,20723938,3,01:06:52,2025-04-04,2026-03-27,1.2082493185797758,262,359,147,151,140,229,228,243,259,135,133,135,120,152,298,165,3,0.8303724024858274,1.1849071049135194,4012.0,-0.6684513958188202,-0.6675793304525173,-0.4828933967300687,0.35684409540430484,0.24356872079696731,0.3333333333333333,0.8083550715564938,-0.6099905652761864,-0.6214078470219051,0.3563830715532286,0.2706162390901878,-0.6675793304525173,1512.5290361990658,27.893740551233304,2.723385073762844,19.723585329944772,-0.5475334735329257,-0.46550673623614824,1014.9179870295098
361,Amber Spires,23750482,3,01:22:01,2025-04-04,2025-06-20,1.2083644257755315,403,328,531,669,614,384,695,418,519,412,516,687,829,515,380,740,3,0.9028088780010223,1.1483069926111347,4921.0,0.28527668575174825,0.15178952165241763,-0.5699196042026698,0.5145057189542483,0.5051606485396269,0.24479166666666666,0.8641546289804715,0.06400066236308033,-0.028637759811354246,0.46431066176470587,0.45130039294677626,0.15178952165241766,1498.39267650833,24.710603037466363,2.38709489437697,17.549318354335455,-0.31732141015338927,0.3538621158687867,918.9197357041091
362,Michelle Gauthier,21858315,1,00:59:15,2026-03-27,2026-03-27,1.208661259822637,83,389,141,163,218,189,251,153,163,158,171,121,133,280,428,99,1,0.7241800774088409,1.208661259822637,3555.0,-0.6467142844912255,-0.6354566457635438,-0.6354566457635438,0.2914572864321608,0.2878787878787879,0.2914572864321608,0.7241800774088409,-0.6467142844912255,-0.6354566457635438,0.2914572864321608,0.2878787878787879,-0.6354566457635438,1504.4831127401378,27.524736129868458,3.7680722067465986,16.220519509628662,-0.6354566457635438,-0.2854566457635438,1034.6465086718529
363,Lisa George,20720304,5,01:20:42,2025-04-12,2025-11-01,1.2138378150595222,759,279,720,568,514,670,452,707,538,715,546,719,587,408,322,732,5,0.975932689752905,1.1000674554348822,4842.2,-0.09628727189783902,0.02124535551157475,0.21167670396231836,0.5250564087358519,0.5217850486132657,0.2582781456953642,1.0419127358068967,0.1128200518935581,0.272542013196699,0.6241820856312075,0.6215986697296105,-0.2370906047778983,1500.7930561417036,24.544065550805893,1.846800712146118,19.003663414367537,0.1450257320045581,0.17777011393656,920.0107656070943
364,Melanie Armstrong,24584236,1,00:58:50,2026-03-27,2026-03-27,1.215274478134195,64,394,154,170,238,201,261,188,196,197,202,214,228,294,418,105,1,0.7057177129148341,1.215274478134195,3530.0,-0.49630960776592375,-0.6054737395714926,-0.6054737395714926,0.315,0.31155778894472363,0.315,0.7057177129148341,-0.49630960776592375,-0.6054737395714926,0.315,0.31155778894472363,-0.6054737395714926,1504.271472573027,27.722787678264204,3.767945461703533,16.418951293153604,-0.6054737395714926,-0.25547373957149266,1031.6693287311236
365,Jensy Nandar,23749493,2,01:45:00,2025-04-04,2025-07-26,1.216951182744768,475,395,498,513,503,531,542,520,533,525,538,447,467,688,569,479,2,0.8889101825544726,1.2169511827447679,6299.5,-0.23371690830723646,-0.07939126092807598,-0.07939126092807598,0.5227498093058733,0.5182461873638344,0.46578947368421053,0.8889101825544726,-0.23371690830723646,-0.07939126092807598,0.5227498093058733,0.5182461873638344,-0.07939126092807598,1494.7778364869316,22.014907986091234,2.90512466847583,13.299533980663744,-0.07939126092807598,0.16809611248721562,959.9943543770291
366,Julie Tejeda,21926581,1,01:16:10,2025-09-12,2025-09-12,1.2184768415425618,740,396,933,931,947,930,937,1220,1220,1220,1220,1014,1012,1055,1153,877,1,1.0281214848143982,1.2184768415425618,4570.0,0.7961245150174132,0.7884940794998706,0.7884940794998706,1.0,1.0,1.0,1.0281214848143982,0.7961245150174132,0.7884940794998706,1.0,1.0,0.7884940794998706,1488.042387793104,18.255412125171333,6.459585317466772,-1.1233438272289824,0.7884940794998707,1.1384940794998706,885.0630295379168
367,Jessica Graber,17731931,3,01:37:03,2025-04-04,2025-09-27,1.2198494996405864,733,402,719,707,678,757,729,740,721,744,724,731,716,741,496,764,3,1.010806482185237,1.2249868653608127,5823.333333333333,0.09226884594914725,0.23424795795973655,0.3826571060517802,0.6328288025019155,0.6305760856040811,0.4869109947643979,1.0250890250541216,0.12736895151972216,0.27135024498274746,0.6453962497637606,0.6431448301605076,0.23424795795973655,1493.8009703689092,21.917922508483457,2.349839960362182,14.868402627396911,0.3307139042195649,0.43632055217610555,914.2794020907221
368,Sarah Barcousky,22815809,2,01:35:43,2025-04-04,2026-03-27,1.2230976591247005,539,397,551,554,548,571,583,568,582,579,594,480,506,591,540,534,2,0.9146241974105997,1.2230976591247003,5743.0,-0.18615077420783557,-0.002744502169968656,-0.002744502169968656,0.5501851362073527,0.5478595478595478,0.5477386934673367,0.9146241974105997,-0.18615077420783557,-0.002744502169968656,0.5501851362073527,0.5478595478595478,-0.002744502169968656,1496.790185318576,22.385158522145446,2.8225089177315565,13.917631768950777,-0.002744502169968656,0.24474287124532293,952.8189615155093
369,Lindsay Steenstra,19548766,12,01:11:40,2025-04-04,2026-03-27,1.2238245074683585,146,262,168,335,252,291,153,198,308,206,310,144,396,178,171,670,12,0.8385035088028628,1.078179429422745,4300.416666666667,-0.3082881378997088,-0.3274477399400883,-0.5365815205220068,0.3845528649249037,0.37938419164557313,0.07547169811320754,0.7592707307506219,-0.5874820057595074,-0.5752531541339051,0.32143614479831234,0.3168166523023288,-0.9179709848283334,1510.5893842090168,28.569303440330263,1.2315871606767321,24.874541958300068,-0.46338469731833537,-0.2264114428319038,929.3926965442204
370,Cindy Koster,21927214,2,01:07:38,2026-01-25,2026-03-27,1.2245559498074248,385,401,357,380,388,418,434,401,423,404,427,353,365,387,360,333,2,0.8583212886801763,1.2245559498074248,4058.0,-0.3473602364750368,-0.2655869901595229,-0.2655869901595229,0.45104309425917466,0.4470212327355184,0.3869346733668342,0.8583212886801763,-0.3473602364750368,-0.2655869901595229,0.45104309425917466,0.4470212327355184,-0.2655869901595229,1501.5457703987188,26.4820625883494,2.820280930174814,18.02121979782496,-0.2655869901595229,-0.01809961674423133,979.8297672322981
371,Jennifer Fong,24718041,3,01:01:12,2025-11-15,2026-03-29,1.224678536625742,447,424,592,374,349,178,429,513,332,514,331,752,553,234,225,429,3,0.7902534014005362,1.2508729192310442,3671.6666666666665,-0.12935626622373345,-0.27332172723042075,-0.8630256503709834,0.40327846716576077,0.39607866774952205,0.1507537688442211,0.8810031712268079,0.16531599635444433,0.048445705089108504,0.5162088503743205,0.5106268400081214,-0.27332172723042075,1506.4963589029828,29.917498604003637,2.392798651611548,22.73910264916899,-0.6566292772717864,-0.07124913301405172,965.9267713691866
372,Lisa Filemyr,24729002,1,01:00:06,2026-03-27,2026-03-27,1.2260007040563796,105,403,158,174,242,204,266,182,188,191,196,132,144,303,453,106,1,0.7345691586881239,1.2260007040563796,3606.0,-0.62235503153033,-0.5985097355555484,-0.5985097355555484,0.31155778894472363,0.30808080808080807,0.31155778894472363,0.7345691586881239,-0.62235503153033,-0.5985097355555484,0.31155778894472363,0.30808080808080807,-0.5985097355555484,1503.9527259998063,27.00491182727721,3.7673800757432647,15.702771600047415,-0.5985097355555484,-0.24850973555554845,1030.7996240481846
373,Mary Hansen,22829038,3,01:28:47,2025-04-12,2025-05-09,1.2273983140250548,619,388,443,607,563,724,632,440,579,362,527,453,636,635,514,674,3,1.0011037953259645,1.2055582887741307,5327.333333333333,-0.025658603872453483,0.06380134968007752,0.3777023780971617,0.5496461742591774,0.5124338624338625,0.25,0.9506753188942408,-0.22412680258216056,-0.15427900639891046,0.47473463069438304,0.4200396825396825,0.06380134968007752,1495.9915769561712,22.083939446512325,2.5366575724059284,14.47396672929454,0.2678370181511822,0.26587394389644653,929.1425421475949
374,Stefanie Haney,24101904,5,01:33:46,2025-05-03,2025-11-01,1.228424006257432,779,390,771,794,741,751,724,763,766,769,766,768,817,1007,464,891,5,1.0778704875711713,1.2088229706039162,5626.0,0.2657804359770526,0.4078884558617367,0.2799545701480389,0.6652283467555371,0.662897837068896,0.5488721804511278,1.058684028160381,0.1970695340058928,0.3548996084660975,0.6615586313580615,0.6592279384845152,0.2222241641926468,1488.7959745833402,21.063414031337082,1.8474281900330856,15.521129461237825,0.3247314301478331,0.564413214286722,881.3586897619409
375,Andrew McConvey,23741630,1,02:37:21,2025-04-04,2025-04-04,1.2305787278415017,931,405,912,909,922,905,917,903,895,908,900,890,896,777,875,862,1,1.2305787278415017,1.2305787278415017,9441.0,0.471020359545819,0.7091460405395565,0.7091460405395565,0.7631578947368421,0.7619047619047619,0.7631578947368421,1.2305787278415017,0.471020359545819,0.7091460405395565,0.7631578947368421,0.7619047619047619,0.7091460405395565,1493.0169491525423,19.01485472354489,3.8091522415585795,7.58739799886915,0.7091460405395565,1.0591460405395565,889.4512119130898
376,Abigail Ricketts-Savit,22870921,3,01:07:46,2025-04-04,2026-03-29,1.2307359596255771,754,368,911,721,692,491,740,733,531,738,540,1036,872,407,327,803,3,0.9331537765486143,1.1938470284649374,4066.3333333333335,0.38308376973123925,0.2599750288108069,-0.3699164950603484,0.5211831846843292,0.5187219100998525,0.17587939698492464,1.03731020561984,0.8860553196585521,0.7079076205145606,0.6396373885132469,0.6377851511678542,0.2599750288108069,1500.8424857088003,26.08430778056752,2.3941995247307992,18.901709206375124,-0.14945446170544405,0.46204762302717595,905.1001569872595
377,Ashley Wilson,24718992,1,00:59:35,2026-03-27,2026-03-27,1.2307666457024782,74,406,169,183,254,215,274,194,202,205,211,226,240,298,422,111,1,0.7147141143542582,1.2307666457024782,3575.0,-0.48113709937634047,-0.5747517011239722,-0.5747517011239722,0.32,0.3165829145728643,0.32,0.7147141143542582,-0.48113709937634047,-0.5747517011239722,0.32,0.3165829145728643,-0.5747517011239722,1504.1417428432972,27.586440758337517,3.7677660545366467,16.28314259472758,-0.5747517011239722,-0.22475170112397225,1028.236294309659
378,Genesis Thomas,22077504,1,00:59:36,2026-03-27,2026-03-27,1.2311109160928846,76,407,171,184,256,217,275,199,209,208,219,227,242,300,431,110,1,0.7149140343862455,1.2311109160928846,3576.0,-0.4807999325232386,-0.5740733898827781,-0.5740733898827781,0.325,0.32160804020100503,0.325,0.7149140343862455,-0.4807999325232386,-0.5740733898827781,0.325,0.32160804020100503,-0.5740733898827781,1504.0120131135675,27.450945259954736,3.7675445903308904,16.148311488962065,-0.5740733898827781,-0.22407338988277814,1028.2582885169215
379,Catherine Kieu,23741740,2,01:41:23,2025-04-04,2025-07-12,1.2315642759112464,436,408,438,457,447,483,495,427,451,433,454,407,421,538,479,402,2,0.8735619821224654,1.2315642759112464,6083.0,-0.27972565381369774,-0.163062037869549,-0.163062037869549,0.46984726123595505,0.46277722218954054,0.4453125,0.8735619821224654,-0.27972565381369774,-0.163062037869549,0.46984726123595505,0.46277722218954054,-0.163062037869549,1498.0333566075199,23.87904597492827,2.869782386860104,15.26969881434796,-0.163062037869549,0.08442533554574258,969.2069542516143
380,Krystal Cotriss,21832826,4,01:18:38,2025-04-04,2026-03-27,1.2337905151026671,234,393,282,313,268,351,329,301,321,306,324,295,312,272,273,394,4,0.8143421657697926,1.2147812949708283,4718.0,-0.397393973927079,-0.36514414671590784,-0.3613395513975679,0.39328780594405593,0.38805107236832054,0.2692307692307692,0.7987388882132436,-0.40126799321524076,-0.3877798987590362,0.3903370847902098,0.3858263771235511,-0.4699125000810924,1504.8120895818797,27.14575728752271,2.0661172244461343,20.947405614184305,-0.3626711597589869,-0.19014414671590785,971.0458653217513
381,Julie Theismann,23971357,1,01:11:44,2026-01-25,2026-01-25,1.2344091534757642,638,409,558,563,617,576,590,618,624,621,628,538,555,513,525,425,1,0.9579345648787002,1.2344091534757642,4304.0,-0.1281129241833197,0.00889370660817869,0.00889370660817869,0.5757575757575758,0.5714285714285714,0.5757575757575758,0.9579345648787002,-0.1281129241833197,0.00889370660817869,0.5757575757575758,0.5714285714285714,0.00889370660817869,1498.463778122238,25.707919574783162,3.7941310259351724,14.325526496977645,0.00889370660817869,0.35889370660817865,966.2322239356129
382,Daniela Delaurentis,23740728,1,01:19:31,2025-09-27,2025-09-27,1.2349819142986544,822,410,828,829,856,828,844,805,800,807,802,846,856,657,745,759,1,1.0950195088363552,1.2349819142986544,4771.0,0.32542255759398325,0.47553579576109994,0.47553579576109994,0.6971830985915493,0.6950354609929078,0.6971830985915493,1.0950195088363552,0.32542255759398325,0.47553579576109994,0.6971830985915493,0.6950354609929078,0.47553579576109994,1495.3916723873367,21.39041400309616,3.7710954271879755,10.077127721532236,0.47553579576109994,0.8255357957610999,914.9968941397065
383,Joey Marshall,21906792,2,01:32:52,2025-04-12,2025-10-17,1.2357900096608772,926,411,888,887,883,884,899,1010,1005,1013,1008,941,942,1067,717,893,2,1.223384879754967,1.2357900096608772,5572.5,0.611500444972068,0.6430094551348421,0.6430094551348421,0.8382352941176471,0.837037037037037,0.6764705882352942,1.223384879754967,0.611500444972068,0.6430094551348421,0.8382352941176471,0.837037037037037,0.6430094551348421,1487.908556895092,21.274226132814963,3.5521611660937302,10.617742634533773,0.6430094551348421,0.8904968285501337,881.1318943208151
384,Irene Ho,22814478,6,01:14:47,2025-05-03,2026-03-27,1.236983196652849,164,314,178,296,246,299,249,177,260,187,265,166,266,191,215,468,6,0.8396068035106997,1.1329003008552845,4486.666666666667,-0.44370589551222456,-0.3893906472671982,-0.4793946899229965,0.35775085328321304,0.35347370089526525,0.2613065326633166,0.7652342665279188,-0.5553540292597196,-0.5587483277506715,0.3071988331132145,0.3029724891031784,-0.6395602407009153,1509.5888604076313,28.185505853480816,1.6947130634031107,23.101366663271484,-0.4478932749934671,-0.24650374560484611,961.899199872058
385,Sarah Rundell,22676399,1,01:27:43,2025-04-12,2025-04-12,1.2380032671499417,896,414,919,917,933,915,923,967,964,968,965,943,944,793,870,873,1,1.1679982245894365,1.2380032671499417,5263.0,0.618865594556678,0.7468223165944646,0.7468223165944646,0.8088235294117647,0.8074074074074075,0.8088235294117647,1.1679982245894365,0.618865594556678,0.7468223165944646,0.8088235294117647,0.8074074074074075,0.7468223165944646,1492.671747310022,19.0727308473801,3.8092782181604843,7.644896192898647,0.7468223165944646,1.0968223165944646,886.0317528602737
386,Jessa Crisp,24559406,1,01:00:42,2026-03-27,2026-03-27,1.238240311750786,112,415,172,185,258,219,276,192,198,199,205,136,149,307,460,113,1,0.7419026278264412,1.238240311750786,3642.0,-0.6051602647344038,-0.5727428358300568,-0.5727428358300568,0.3165829145728643,0.31313131313131315,0.3165829145728643,0.7419026278264412,-0.6051602647344038,-0.5727428358300568,0.3165829145728643,0.31313131313131315,-0.5727428358300568,1503.8201293147233,26.885029531274007,3.7672587302048304,15.583253340659516,-0.5727428358300568,-0.22274283583005683,1027.9369330923157
387,Evan Hernandez,24249278,1,01:45:05,2025-07-12,2025-07-12,1.2403785146197217,706,417,671,678,723,681,701,652,654,651,655,652,652,685,794,561,1,0.9995244134432468,1.2403785146197217,6305.0,-0.001317634084440692,0.16938586176755258,0.16938586176755258,0.5955056179775281,0.5842696629213483,0.5955056179775281,0.9995244134432468,-0.001317634084440692,0.16938586176755258,0.5955056179775281,0.5842696629213483,0.16938586176755258,1494.8148807174073,20.926803229708593,3.8998581651571835,9.227228734237043,0.16938586176755258,0.5193858617675525,948.1705869366839
388,Robin Patrick,21606421,6,01:12:20,2025-04-04,2026-03-27,1.242753469334775,419,320,362,448,380,507,361,373,433,381,436,357,432,399,271,636,6,0.9034726830263321,1.1381122569468685,4339.666666666667,-0.26914659217865317,-0.17363573821864442,-0.08811035941178,0.4582057745132014,0.4546019939363397,0.17006802721088435,0.8676194170596127,-0.34471529056363864,-0.2618688298650309,0.4346584532048162,0.4311681673988294,-0.4058856484539691,1501.1371635147989,26.048279186236194,1.6975148422382673,20.95573465952139,-0.11804424199418254,-0.030748836556292347,935.2626152224259
389,Liz Dukette,23854845,1,01:13:47,2025-04-04,2025-04-04,1.2429481484092533,389,419,430,450,517,478,489,431,454,442,459,392,410,433,545,314,1,0.8609490470633995,1.2429481484092533,4427.0,-0.2955965069986353,-0.16978295607310173,-0.16978295607310173,0.4712041884816754,0.46842105263157896,0.4712041884816754,0.8609490470633995,-0.2955965069986353,-0.16978295607310173,0.4712041884816754,0.46842105263157896,-0.16978295607310173,1500.2727272727273,25.210892457897668,3.79227178105093,13.834077114744877,-0.16978295607310173,0.18021704392689825,984.6889723984422
390,Nicole Dominguez,22818396,5,01:31:52,2025-04-04,2026-03-27,1.2437058041313411,454,517,434,677,595,740,472,414,634,420,643,442,682,979,412,810,5,0.9975969275657389,1.3301308377177778,5512.2,0.04624744906293767,0.16862188816233656,0.3669926869581127,0.5830568218478163,0.5798440907738324,0.3065326633165829,0.8833045414584099,-0.2405668653611378,-0.16466423240452716,0.4607443867720374,0.4572966211960364,-0.20113033331504648,1489.2324255254764,22.10088460074166,1.8597511603555283,16.521631119675078,0.29756290737959107,0.32514664658732184,904.027554704681
391,Mike Helland,19573599,1,01:12:17,2026-01-25,2026-01-25,1.243873721799347,654,420,580,586,643,594,613,654,655,661,663,564,575,540,541,456,1,0.965279323391943,1.243873721799347,4337.0,-0.10574400091321629,0.03478177351367418,0.03478177351367418,0.5959595959595959,0.5918367346938775,0.5959595959595959,0.965279323391943,-0.10574400091321629,0.03478177351367418,0.5959595959595959,0.5918367346938775,0.03478177351367418,1497.9739822038707,25.29267592704824,3.7951483568384727,13.907230856532822,0.03478177351367418,0.38478177351367415,963.6591366455212
392,Danielle Woodward,24173066,4,01:33:15,2025-04-12,2025-09-27,1.2466504342267353,851,404,864,857,806,854,812,862,840,867,847,878,881,1099,553,926,4,1.1149209254746562,1.2267739419698596,5595.0,0.4179942227839471,0.5465185811728377,0.5578637175741917,0.7204112741686401,0.7185107653982054,0.5562913907284768,1.1213157107281053,0.432137089456751,0.5668813119974155,0.731718367311839,0.7298799537354788,0.4039656993917043,1485.2997538563159,19.8042227710814,2.059213853947612,13.626581209238562,0.5538929198337178,0.7215185811728377,871.9458640444997
393,Amanda VanStraten,22344218,4,01:19:43,2025-07-05,2026-03-27,1.247553496916619,384,305,359,356,314,407,356,365,328,370,334,329,328,209,267,470,4,0.868847003836078,1.127374782278176,4782.75,-0.3863866023412136,-0.29282654215182813,-0.2744089729142601,0.400963408168976,0.397123868638832,0.2052980132450331,0.8582856554609888,-0.37116749733247334,-0.2653053043908864,0.42873425510489616,0.4253465422907796,-0.41239171630701493,1508.1972323057255,27.163780973310505,2.0498228818908317,21.01431232763801,-0.28085512214740893,-0.11782654215182814,961.4506856771674
394,Sara Feyereisen,24004029,5,01:34:14,2025-04-12,2025-11-01,1.2480971931059988,804,353,775,744,686,806,585,735,685,739,694,774,774,725,407,856,5,1.0605386284615956,1.1779501448472687,5654.0,0.17724135510406036,0.2955186148641669,0.5209051778417881,0.6102051896716538,0.6074711468790126,0.375,1.0785976324854953,0.20965261513802375,0.36273768644924403,0.6418226667594136,0.639393762711814,-0.0012256613402754635,1494.079647287728,22.29773138831424,1.8503686864520934,16.74662532895796,0.44201988079962073,0.4520433732891522,890.8037778676389
395,Stephanie Klenzing,24098367,4,01:26:06,2025-04-12,2025-11-01,1.2483411699602154,820,418,818,866,816,859,847,793,844,797,852,828,885,1106,550,932,4,1.1232360730257158,1.2406681467948601,5166.25,0.4379485695227527,0.5726966386346747,0.5535218209466577,0.7222805620223798,0.7203494939823928,0.6410256410256411,1.0908265722853367,0.3056344717368792,0.46152474673996335,0.6861664453230685,0.6840203059836842,0.4809121273093773,1484.9218497443878,19.860993943994494,2.0587785736451845,13.68465822305894,0.5602330071374637,0.7476966386346746,870.6300724423318
396,Yuewen Chun,21178749,6,01:05:52,2025-04-04,2026-03-29,1.2490065542602156,708,280,876,464,393,210,154,688,357,697,362,1026,642,221,195,649,6,0.823986092535426,1.1034939144893492,3951.8333333333335,-0.012489997565784764,-0.15252506675521973,-0.8265787923973791,0.4145239459315924,0.4093620490186654,0.1736842105263158,1.0005698594358305,0.8300313476390018,0.5985602011600937,0.6120363618816635,0.6091628714901327,-0.9127968721340912,1507.5452534167885,28.8856471458094,1.723710296302155,23.714516256902936,-0.5906599884226232,-0.009638165092867662,932.9072116704407
397,Mandi Schalon,20503559,4,01:03:14,2025-08-03,2026-03-27,1.250288653137182,182,464,215,178,157,195,216,218,186,221,194,198,163,194,230,246,4,0.7429907634369342,1.290834598343994,3793.75,-0.5814265615080925,-0.5884969374226723,-0.633577091893577,0.31143043007791277,0.3041799470370899,0.21428571428571427,0.7738114812038868,-0.5181205557928863,-0.5013854392709295,0.3394114741120998,0.33383085168799453,-0.6920876482400309,1509.3025479633982,28.76733262946997,2.0833481229881827,22.51728826050542,-0.6177990378287603,-0.4134969374226723,995.6325351541282
398,Rebecca Young,22686729,5,01:29:41,2025-04-04,2026-03-27,1.250482266687527,401,356,404,437,382,500,403,408,418,413,420,399,425,390,300,579,5,0.8811148935973362,1.1812694426442154,5381.4,-0.2755512410382357,-0.18400657817146082,-0.10540020756536597,0.4485329939317448,0.4439322448105636,0.2696629213483146,0.8641104374472313,-0.2873985320206997,-0.2049659652433936,0.4559628008802476,0.4520437474290608,-0.3220711066545316,1501.3473290284398,25.228644036595046,1.8579388113693724,19.65482760248693,-0.13291243727749916,-0.027481819746475566,943.8424334937024
399,JD Armstrong,22817937,8,01:22:53,2025-04-04,2026-03-27,1.2508339615700763,466,372,477,595,506,625,461,477,568,482,574,485,597,758,319,801,8,0.9580907723145227,1.1959637870352526,4972.625,-0.08144527714093258,0.04604164898003016,0.09462821330100538,0.5393534277637257,0.5353676483208498,0.385,0.8865509098821476,-0.17749202759375238,-0.10968851127237705,0.49428053453342297,0.49113094443435773,-0.21842730406601915,1493.4095452790857,23.51183386494014,1.4847484938104576,19.057588383508765,0.07762291578866405,0.16978533568767595,905.502350160529
400,Nikki Hall,23848898,6,01:23:53,2025-04-26,2026-03-27,1.25091472985085,544,348,509,541,469,563,455,490,518,500,525,482,534,545,326,710,6,0.9474116298083947,1.1740065358294716,5033.333333333333,-0.14945079320226645,-0.023652414933636217,-0.010102598516367446,0.5140955068103736,0.5094645680956452,0.4221105527638191,0.9185661144873127,-0.18280581650627525,-0.06581864666120155,0.5045220230265397,0.5013677597171723,-0.2286848649050951,1497.832955989767,24.072748353958268,1.7042193996988213,18.960090154861803,-0.014845034262411516,0.11923448672871585,923.0553835557085
401,Maddie Bouchie,21108114,4,01:07:32,2025-04-04,2026-03-27,1.251993386575161,77,331,157,215,191,182,187,167,212,169,217,201,301,186,203,295,4,0.7429944020240683,1.1569248608150293,4051.75,-0.40764872102015903,-0.5179274089208546,-0.7232530518656031,0.3269600340136054,0.3203111982249818,0.1836734693877551,0.7160097516587385,-0.5147052413176169,-0.5985331742414686,0.3026892006802721,0.2959386811895428,-0.786404246266471,1510.066187436125,29.767502875845647,2.088131224986837,23.503109200885135,-0.6513890768349412,-0.34292740892085466,986.9047944784597
402,Michelle McCrea,24211524,2,01:23:22,2025-04-04,2026-03-27,1.2521516719130097,217,426,288,304,303,342,374,259,275,264,280,281,294,297,347,260,2,0.7909023759888414,1.2521516719130097,5001.5,-0.41161645368549593,-0.3792253509052925,-0.3792253509052925,0.3647730841708543,0.3615077476334021,0.34673366834170855,0.7909023759888414,-0.41161645368549593,-0.3792253509052925,0.3647730841708543,0.3615077476334021,-0.3792253509052925,1504.1891502789947,26.782186147287536,2.8218614363466643,18.316601838247543,-0.3792253509052925,-0.13173797749000093,992.094158617559
403,Catherine Hoffman,21186533,2,01:58:33,2025-04-04,2025-07-05,1.252400692216771,578,427,544,548,543,566,577,482,495,487,501,506,527,484,421,535,2,0.9328031484650395,1.2524006922167712,7113.0,-0.15970893866455718,-0.010704458373043284,-0.010704458373043284,0.49741307947019864,0.4943979057591623,0.46357615894039733,0.9328031484650395,-0.15970893866455718,-0.010704458373043284,0.49741307947019864,0.4943979057591623,-0.010704458373043284,1499.0028632157798,24.7673689677576,2.823024451320237,16.29829561379689,-0.010704458373043284,0.2367829150422483,952.0511057883241
404,Manja Wurschke,22630517,4,01:20:10,2025-04-04,2026-03-29,1.2539267970690189,747,473,874,684,619,597,423,776,598,777,603,968,779,655,323,790,4,0.9437456463588496,1.2946789672564283,4810.25,0.1868050546361798,0.18589005271486683,-0.04032271966339325,0.5558177908774642,0.5524504868314681,0.23115577889447236,1.030536595432067,0.6716469139157905,0.5924027638696793,0.6705533678005412,0.6683278016615084,-0.28072263803212977,1495.4303155384544,25.20585775428381,2.0734109128092415,18.985625015856083,0.03885175066899778,0.36089005271486685,906.9154325804863
405,Sarah Cabrera,24716406,1,01:05:55,2026-03-27,2026-03-27,1.2542301903743114,221,428,260,281,352,319,354,251,269,255,273,239,255,335,487,187,1,0.7916333066453163,1.2542301903743114,3955.0,-0.45802015184940675,-0.4182780743353239,-0.4182780743353239,0.36180904522613067,0.35858585858585856,0.36180904522613067,0.7916333066453163,-0.45802015184940675,-0.4182780743353239,0.36180904522613067,0.35858585858585856,-0.4182780743353239,1502.923410482631,26.371291572773323,3.7636572285375265,15.080319887160744,-0.41827807433532393,-0.0682780743353239,1011.0780081334868
406,Mackenzie Burnett,22875083,1,01:14:28,2025-04-04,2025-04-04,1.25445952724024,423,429,452,467,528,493,503,480,492,485,498,408,422,452,562,324,1,0.868922598210813,1.25445952724024,4468.0,-0.2786462177861262,-0.14618980493528885,-0.14618980493528885,0.49476439790575916,0.4921052631578947,0.49476439790575916,0.868922598210813,-0.2786462177861262,-0.14618980493528885,0.49476439790575916,0.4921052631578947,-0.14618980493528885,1499.7272727272727,24.78910754210348,3.792271781050649,13.412292198951533,-0.14618980493528885,0.20381019506471112,982.4469642060753
407,Kevin Erickson,22447425,5,01:13:24,2025-04-04,2026-03-27,1.260187219117424,231,392,266,503,434,392,250,296,462,304,469,275,595,480,282,647,5,0.8706507827367591,1.2135031292321092,4403.6,-0.08699696999762148,-0.09606284633089462,-0.41915308573600124,0.47954873700793554,0.47589990770177415,0.2578947368421053,0.79719771877817,-0.41750386185569177,-0.4097464435137112,0.38864373149652,0.38463718820861675,-0.6355654697337813,1499.1512439424407,26.124071894708166,1.8645923445357186,20.530294861101012,-0.30607150194421395,0.06046191209409063,933.493540641913
408,Arabella Etzold-Erickson,24718378,3,01:03:00,2025-11-15,2026-03-29,1.2604086485041948,609,435,756,511,470,208,540,613,404,622,412,904,719,299,253,577,3,0.8449276786808477,1.2646378780542864,3779.6666666666665,0.09579563200199208,-0.08271193976897728,-0.8686507674816031,0.44377289377289375,0.440517606346752,0.1813186813186813,0.947573928801154,0.5092259914702362,0.3315043373449458,0.5740796703296703,0.5715942349108178,-0.08271193976897728,1504.101522951111,28.76984049790387,2.357981847909593,21.695894954175092,-0.5935721777821841,0.11936065444739175,944.6179440606098
409,Jennifer Hill,21213018,2,01:10:39,2025-04-04,2026-03-27,1.2630658019767558,330,432,361,382,389,420,436,385,403,391,410,345,360,389,401,335,2,0.8357823559508828,1.2630658019767558,4239.0,-0.35623370914451125,-0.2637920341155282,-0.2637920341155282,0.443362098450367,0.44049707602339183,0.39195979899497485,0.8357823559508828,-0.35623370914451125,-0.2637920341155282,0.443362098450367,0.44049707602339183,-0.2637920341155282,1501.3867064667334,25.328820959096564,2.8207115494153623,16.866686310850476,-0.2637920341155282,-0.016304660700236617,979.7238497998014
410,Destiny Crenshaw,24194895,1,01:01:58,2026-03-27,2026-03-27,1.2640794835500884,138,434,198,213,279,247,298,238,255,244,260,160,172,337,505,136,1,0.7573843960073334,1.2640794835500884,3718.0,-0.5688602014985595,-0.5191723611593557,-0.5191723611593557,0.35175879396984927,0.3484848484848485,0.35175879396984927,0.7573843960073334,-0.5688602014985595,-0.5191723611593557,0.35175879396984927,0.3484848484848485,-0.5191723611593557,1502.8919525191434,26.030934920566864,3.7667159060001443,14.73078720256643,-0.5191723611593557,-0.16917236115935574,1022.4798460931249
411,Cami Pottle,23999262,2,01:20:46,2025-07-12,2026-03-27,1.264951736774925,316,436,307,320,320,359,387,330,347,335,351,255,264,414,445,286,2,0.8300994870131457,1.264951736774925,4845.5,-0.4444248957606376,-0.3529890031900152,-0.3529890031900152,0.411685393258427,0.4048613855795833,0.30337078651685395,0.8300994870131457,-0.4444248957606376,-0.3529890031900152,0.411685393258427,0.4048613855795833,-0.3529890031900152,1500.653162757006,24.34437440931202,2.849348020230313,15.796330348621082,-0.3529890031900152,-0.1055016297747236,988.2097209938049
412,Kinsey Keltz,21594891,21,01:09:29,2025-04-04,2026-03-29,1.2654972233177109,583,357,675,301,208,246,124,593,262,599,263,796,353,126,151,750,21,0.8260583698592766,1.1831963602777338,4169.476190476191,-0.36226312206584055,-0.38493942614201143,-0.5968607693845954,0.3583818268437315,0.3493607965059098,0.08196721311475409,0.9346713766446012,0.24815347662712284,0.17750435517538965,0.5601635315552811,0.557141323828497,-1.0247216389957614,1515.5065248363114,28.950244090045278,0.9636206400242241,26.059382169972604,-0.5226882992496911,-0.3085631645594141,917.7208924010854
413,Miranda Mann,22737556,5,01:22:48,2025-04-12,2025-11-01,1.2656065303291824,685,471,619,582,520,596,562,611,599,592,568,613,590,599,355,706,5,0.975375946488698,1.2942791855758642,4967.8,-0.09306570477332585,0.03105449073884812,0.0381891016622395,0.5567291664500746,0.5319270061046464,0.4966887417218543,0.9841840380404097,-0.054396056041937334,0.08578394588150437,0.5719574890577729,0.5554567028362875,-0.04021344150564691,1496.6354295204171,23.98612928894693,1.9675478844315566,18.08348563565226,0.035691987839052516,0.18757924916383337,923.6509269764875
414,Alexander Wang,24694739,1,01:04:35,2026-03-27,2026-03-27,1.2667473139030274,73,439,137,157,209,179,239,144,157,151,166,110,121,269,414,92,1,0.714549142541029,1.2667473139030274,3875.0,-0.6624624914030752,-0.654102164124276,-0.654102164124276,0.285,0.2814070351758794,0.285,0.714549142541029,-0.6624624914030752,-0.654102164124276,0.285,0.2814070351758794,-0.654102164124276,1504.83908416243,27.791394775710344,3.767883247639444,16.487745032792013,-0.654102164124276,-0.30410216412427604,1036.6615975546938
415,Julia Winer,19883351,2,01:07:40,2025-04-04,2026-03-27,1.2667903656292057,241,440,322,334,341,381,399,353,371,359,378,320,336,344,391,292,2,0.8004515035681565,1.2667903656292057,4060.0,-0.3800265663582103,-0.3279885751879324,-0.3279885751879324,0.42145287958115185,0.41847394869082255,0.39790575916230364,0.8004515035681565,-0.3800265663582103,-0.3279885751879324,0.42145287958115185,0.41847394869082255,-0.3279885751879324,1502.7223661169792,25.624404014419753,2.8218452815581165,17.158868169745404,-0.3279885751879324,-0.0805012017726408,987.2253712264745
416,Meagan Brucker-Hahn,22344740,2,01:23:05,2025-04-04,2025-11-08,1.267283203197401,131,441,155,172,184,202,263,171,180,176,186,142,154,279,312,167,2,0.7526860927452345,1.267283203197401,4985.0,-0.589031350794607,-0.6015717852284912,-0.6015717852284912,0.30358522452921294,0.29828042328042326,0.1834862385321101,0.7526860927452345,-0.589031350794607,-0.6015717852284912,0.30358522452921294,0.29828042328042326,-0.6015717852284912,1504.544025997603,27.795343501511347,2.8549326131545114,19.230545662047813,-0.6015717852284912,-0.3540844118131996,1014.3990499685349
417,Michelle Rockafellow,22196509,1,01:57:02,2025-05-09,2025-05-09,1.2691298458027465,704,442,615,625,675,631,649,667,665,494,505,642,643,442,900,494,1,0.9974431818181818,1.2691298458027465,7022.0,-0.011341986135256289,0.08339301136854145,0.08339301136854145,0.6,0.5,0.6,0.9974431818181818,-0.011341986135256289,0.08339301136854145,0.6,0.5,0.08339301136854145,1499.9835712569688,22.356806933310274,5.136276712159251,6.947976796832521,0.08339301136854145,0.4333930113685414,958.1496523730196
418,Cassiday Van Dyke,24137527,5,01:28:05,2025-04-12,2025-11-01,1.2703933155006557,817,354,799,742,685,721,690,767,689,770,698,794,750,833,400,846,5,1.0478828696091294,1.1797049726523166,5285.4,0.14230856295675756,0.29427998704797825,0.242967068904731,0.6142289923797434,0.6115846737195163,0.5128205128205128,1.0897156093984017,0.24440411597742961,0.4182241944389552,0.6636147100438621,0.6613038892353679,0.14523872809419802,1491.9584231678994,22.426423961958385,1.8471555184420452,16.88495740663225,0.26092659025486753,0.4508047454729635,893.7026303229109
419,Alyssa Graham,22489256,9,01:19:42,2025-04-04,2026-03-27,1.2709688906113508,176,347,181,435,348,486,227,159,389,166,394,159,428,361,242,705,9,0.8980833406444932,1.1730061921433494,4782.333333333333,-0.27263676819353083,-0.18811805447762914,-0.14309193422683036,0.43176424497845695,0.4268793924303246,0.13114754098360656,0.77147475695719,-0.5692273753547392,-0.5538382194164904,0.29927110816462893,0.2937990838373815,-0.6740895159483163,1502.2775713336202,26.348608532971305,1.4066901130443665,22.128538193838203,-0.15885107631460993,-0.07145138781096248,923.6660488298079
420,Emily Bell,22745538,1,01:15:33,2025-04-04,2025-04-04,1.2727092741674146,450,445,478,493,546,512,523,515,524,522,534,431,448,478,588,339,1,0.8815635939323221,1.2727092741674146,4533.0,-0.25177380805897753,-0.1092261323899568,-0.1092261323899568,0.518324607329843,0.5157894736842106,0.518324607329843,0.8815635939323221,-0.25177380805897753,-0.1092261323899568,0.518324607329843,0.5157894736842106,-0.1092261323899568,1499.1818181818182,24.366645215246475,3.79242311284801,12.989375876702445,-0.10922613238995682,0.24077386761004316,978.6673460518439
421,Melissa McCarthy,22797552,7,01:30:08,2025-04-12,2025-11-01,1.2728661399557768,725,412,695,714,638,714,569,665,664,672,672,688,727,982,375,870,7,1.0267409413050579,1.2368568814350553,5408.142857142857,0.1076308058326814,0.24669490652012233,0.256600924354549,0.5990248123505835,0.5957280213569099,0.41346153846153844,1.0195558083386482,0.06447247451785657,0.22915311870092755,0.5988580216659452,0.5956451166098009,-0.026117483254443297,1489.2116127358252,22.38747873493816,1.5829195683720256,17.638720029822082,0.2531338181124997,0.37898247207335184,887.1188625606223
422,Jen McGuire,22439893,3,01:24:14,2025-04-04,2025-08-09,1.2731233790217291,267,438,264,265,248,350,340,223,234,219,235,236,239,293,281,297,3,0.796879099948559,1.2660422721489113,5054.333333333333,-0.48182468818530194,-0.44363331521182764,-0.32197944991473126,0.33749129041248604,0.3292686839133559,0.2028985507246377,0.8099156501376947,-0.46537664511644783,-0.41321984888755353,0.341580006270903,0.33288901293501694,-0.44363331521182764,1504.2744710991017,27.743204310786428,2.39730647540187,20.551284884580816,-0.364558302768715,-0.2415607209954586,986.5554996246567
423,Alex Babcock,24617008,2,01:07:38,2026-01-25,2026-03-27,1.2732115449831911,386,446,406,428,422,457,469,461,479,465,483,419,437,447,387,382,2,0.8600828086303871,1.2732115449831913,4058.0,-0.2636487017674661,-0.20463974054131442,-0.20463974054131442,0.48792929292929293,0.4842836632140293,0.39,0.8600828086303871,-0.2636487017674661,-0.20463974054131442,0.48792929292929293,0.4842836632140293,-0.20463974054131442,1499.90694839913,25.71887517465422,2.8225391362798606,17.251257765814636,-0.20463974054131442,0.042847632873977165,972.8821400588673
424,Emilee Frost,21446122,3,01:33:17,2025-04-04,2026-03-27,1.2752989773997516,568,423,541,634,579,687,656,560,644,570,653,500,605,749,448,677,3,0.9691542786428338,1.2491197676522015,5597.0,-0.07204646961667499,0.09691303885193454,0.25416090354476273,0.5856534132651562,0.5829611305801782,0.4271356783919598,0.9296565014042071,-0.16472616346128138,-0.012624934170886587,0.5460239795468571,0.5432814539957397,0.09691303885193454,1493.5876438547555,22.839306378425988,2.3570742454561446,15.768083642057555,0.19912415090227287,0.29898563306830356,928.8774114606705
425,Ann Mortimer,23839230,2,01:12:36,2025-06-20,2026-03-27,1.2783194675362486,118,450,165,182,199,213,273,180,185,175,185,145,158,260,352,173,2,0.746576449351363,1.2783194675362488,4355.5,-0.5843466987083946,-0.5788785248422688,-0.5788785248422688,0.3107449009754656,0.2982630038704805,0.2647058823529412,0.746576449351363,-0.5843466987083946,-0.5788785248422688,0.3107449009754656,0.2982630038704805,-0.5788785248422688,1505.2439655160463,26.666644331155773,2.8349925348830527,18.161666726506617,-0.5788785248422688,-0.33139115142697717,1013.4137179005359
426,Raquel Pozsgai,24718658,1,01:01:54,2026-03-27,2026-03-27,1.2786202299689522,113,451,227,244,302,283,324,248,265,253,269,263,273,328,481,155,1,0.7425029988004798,1.2786202299689522,3714.0,-0.43427090679518326,-0.4822402926929781,-0.4822402926929781,0.36,0.35678391959798994,0.36,0.7425029988004798,-0.43427090679518326,-0.4822402926929781,0.36,0.35678391959798994,-0.4822402926929781,1503.1039050054594,26.537974224427142,3.766355859116505,15.238906647077627,-0.4822402926929781,-0.1322402926929781,1018.3974823400945
427,Lisa Weaver,18619443,2,01:46:02,2025-04-04,2026-03-27,1.2786884350060497,689,452,658,667,652,673,693,659,659,670,670,616,620,716,592,640,2,0.9865687684789126,1.2786884350060497,6362.5,-0.04656470994696042,0.14966632321830203,0.14966632321830203,0.5973089129859825,0.5952380952380952,0.5025125628140703,0.9865687684789126,-0.04656470994696042,0.14966632321830203,0.5973089129859825,0.5952380952380952,0.14966632321830203,1494.327321430713,21.40125565897446,2.824985292118687,12.926299782618399,0.14966632321830203,0.3971536966335936,934.3871939827928
428,Hali Simmons,24718537,2,01:10:50,2026-03-27,2026-03-29,1.2789683683986768,763,453,927,924,909,922,931,713,714,719,718,1057,1055,563,533,977,2,1.0467537293403673,1.2789683683986768,4250.5,0.9795720116837923,0.7654928300266779,0.7654928300266779,0.6256281407035176,0.6237373737373737,0.25125628140703515,1.0467537293403673,0.9795720116837923,0.7654928300266779,0.6256281407035176,0.6237373737373737,0.7654928300266779,1497.4060945455012,23.23240273647962,3.0098187132446137,14.202946596745779,0.7654928300266779,1.0129802034419695,858.542020071689
429,Gwendolyn Adams,24717966,2,01:16:26,2025-05-24,2026-03-27,1.2791064434954107,341,454,351,373,385,412,428,426,450,434,455,325,340,507,482,328,2,0.840390872890306,1.2791064434954107,4586.0,-0.37438183623279153,-0.2736139130180064,-0.2736139130180064,0.46910836232444275,0.46464646464646464,0.3869346733668342,0.840390872890306,-0.37438183623279153,-0.2736139130180064,0.46910836232444275,0.46464646464646464,-0.2736139130180064,1498.5962675366584,23.754259447756386,2.8409675129943373,15.231356908773375,-0.2736139130180064,-0.026126539602714827,980.7528633610236
430,Claire Kennedy,23751399,1,02:43:38,2025-04-04,2025-04-04,1.279718456725756,967,455,939,939,954,937,945,921,916,926,922,929,931,782,881,899,1,1.279718456725756,1.279718456725756,9818.0,0.5714017476457477,0.7997894304901708,0.7997894304901708,0.7763157894736842,0.7751322751322751,0.7763157894736842,1.279718456725756,0.5714017476457477,0.7997894304901708,0.7763157894736842,0.7751322751322751,0.7997894304901708,1492.8813559322034,18.8689439177994,3.8101278044303974,7.438560504508207,0.7997894304901708,1.1497894304901708,879.2903799635059
431,Madeleine Pedrow,20505809,3,01:19:29,2025-04-04,2026-03-27,1.2805642487010074,287,461,319,342,316,386,405,293,319,298,321,304,338,331,307,368,3,0.8242524654007428,1.2877566421124251,4768.666666666667,-0.3769914206232133,-0.31207079325035586,-0.31218374929609016,0.39262297062234247,0.3874571412202303,0.37185929648241206,0.8168482761922704,-0.39559867492886325,-0.33609515235417153,0.38743205208735987,0.3827645730868898,-0.31207079325035586,1503.0490986697491,26.49788363060536,2.365411120512121,19.401650269069,-0.31214421468008313,-0.10999819903398683,974.8050245142429
432,Jamie Lim,21974544,6,01:28:25,2025-05-03,2026-03-27,1.282545920430891,575,376,583,688,603,718,471,588,682,596,688,629,718,1068,408,832,6,1.000390323203003,1.1994798622086673,5304.833333333333,0.09395567712506613,0.19529817337123864,0.2947970151346038,0.6075767390854483,0.6038557568459463,0.4157303370786517,0.931692239536519,-0.03160707310381869,0.03766334484813455,0.5592871100412652,0.5563403999000645,-0.20334992325640852,1487.8980993311804,21.73719721115673,1.7032923951219627,16.62732002579084,0.25997242051742603,0.33818507503359074,897.7484615869446
433,Lindsay Wyatt,22343204,1,01:07:25,2026-03-27,2026-03-27,1.2827714589289734,265,457,301,316,396,356,383,331,349,340,360,274,288,383,539,212,1,0.8096477181745396,1.2827714589289734,4045.0,-0.4184218678278442,-0.35818522158460925,-0.35818522158460925,0.4120603015075377,0.4090909090909091,0.4120603015075377,0.8096477181745396,-0.4184218678278442,-0.35818522158460925,0.4120603015075377,0.4090909090909091,-0.35818522158460925,1501.6330879019858,25.231097449183572,3.7639711583631814,13.939183974094028,-0.35818522158460925,-0.00818522158460927,1005.1723551927827
434,Jessie O'Neill,23764721,2,01:23:54,2025-04-04,2026-03-27,1.2840729611006114,195,458,290,306,305,346,377,268,288,272,291,328,343,309,341,269,2,0.7805702928472218,1.2840729611006114,5033.5,-0.37283736182384997,-0.3759350247526971,-0.3759350247526971,0.37114583333333334,0.3679260175221658,0.31,0.7805702928472218,-0.37283736182384997,-0.3759350247526971,0.37114583333333334,0.3679260175221658,-0.3759350247526971,1503.728212188255,26.888067919225815,2.8233941313717725,18.4178855251105,-0.3759350247526971,-0.1284476513374055,990.9810977431763
435,Jasmine Wyatt,24730322,1,01:05:29,2026-03-27,2026-03-27,1.2844000506645148,87,459,148,164,227,194,257,160,172,171,182,124,136,283,433,102,1,0.7245067305919233,1.2844000506645148,3929.0,-0.6393533347262238,-0.6187682838348335,-0.6187682838348335,0.3,0.2964824120603015,0.3,0.7245067305919233,-0.6393533347262238,-0.6187682838348335,0.3,0.2964824120603015,-0.6187682838348335,1504.445641539479,27.391546295474193,3.7672432798303426,16.089816455983165,-0.6187682838348335,-0.26876828383483353,1032.898201321408
436,Linda Hirschfeld,19892655,3,01:13:03,2025-04-04,2026-03-27,1.284817814549155,184,466,236,267,251,295,341,242,264,242,262,197,223,289,329,283,3,0.7812633054501673,1.2918439212497177,4382.666666666667,-0.5015596019209574,-0.43884034030747654,-0.4621208009288087,0.3595466811523999,0.3492543072966093,0.3235294117647059,0.7752426512204427,-0.5185041599181075,-0.459097780395428,0.35634342794972707,0.34779931633104283,-0.43884034030747654,1504.3529942884725,25.9643009671425,2.361600784438798,18.879498613826105,-0.45397263971134244,-0.2367677460911075,988.4169247314578
437,Lauren Turner,22639397,3,01:25:18,2025-04-04,2026-03-27,1.2858144438866952,248,400,284,274,259,367,349,298,281,302,283,241,246,292,314,311,3,0.7940084879935901,1.2237385570527692,5117.666666666667,-0.47636282310322425,-0.4246672302250258,-0.30139771944828386,0.3677442259675406,0.3620407072915808,0.24719101123595505,0.8030944168895315,-0.45570000687697076,-0.38615599586043026,0.38955816947565547,0.3845958571018514,-0.4246672302250258,1504.2959303335545,26.310274440333973,2.369031113105892,19.2031811010163,-0.34454204822014356,-0.22259463600865675,985.2602490614008
438,Alisandra Jezek,21973597,2,01:56:33,2025-04-04,2025-04-18,1.2887000202827958,755,462,685,691,681,690,714,636,643,607,616,663,663,1097,853,690,2,1.0391882149080205,1.2887000202827958,6993.0,0.022257393364600503,0.20131171112758817,0.20131171112758817,0.5853383458646616,0.5626780626780626,0.42857142857142855,1.0391882149080205,0.022257393364600503,0.20131171112758817,0.5853383458646616,0.5626780626780626,0.20131171112758817,1485.3520466291993,18.398446596038195,3.461089847043636,8.015177054907287,0.20131171112758817,0.44879908454287976,926.9691516883721
439,Tracey Wehking,21653788,2,01:36:29,2025-07-05,2025-08-09,1.289018183415494,641,463,522,529,527,550,559,506,516,510,522,501,523,497,440,530,2,0.9587820027307357,1.289018183415494,5789.0,-0.16451259395140297,-0.04488582180829584,-0.04488582180829584,0.5127865511971472,0.5082291666666667,0.31788079470198677,0.9587820027307357,-0.16451259395140297,-0.04488582180829584,0.5127865511971472,0.5082291666666667,-0.04488582180829584,1498.7275159867088,24.515518904438125,2.8678368792826587,15.91200826659015,-0.04488582180829584,0.20260155160699575,953.06805529861
440,Carrie Campbell,20755407,4,01:26:18,2025-04-04,2026-03-27,1.2905682360573785,606,324,622,632,566,651,581,609,614,617,622,612,624,645,405,716,4,0.9535578875363193,1.1438283853390696,5178.5,-0.0422088434776997,0.09491752124210415,0.12015070775454635,0.5684022556390977,0.5657372510701657,0.46578947368421053,0.9464932788081561,-0.054621095800847466,0.08603377511075953,0.5708035714285715,0.5682800576958869,-0.005397896421008648,1495.7215652884586,22.977824696288305,2.0565797094667304,16.808085567888114,0.11131909247519159,0.2699175212421041,922.0699475956487
441,Alex Sepela,24184546,2,01:10:46,2025-06-20,2026-03-27,1.291896875902907,81,467,153,168,179,200,260,184,190,181,188,161,173,266,354,158,2,0.7225419795181558,1.291896875902907,4245.5,-0.568036205004422,-0.6070542033514668,-0.6070542033514668,0.312156862745098,0.2991828300380407,0.28431372549019607,0.7225419795181558,-0.568036205004422,-0.6070542033514668,0.312156862745098,0.2991828300380407,-0.6070542033514668,1504.9269461617068,26.656728994489487,2.8360013017863244,18.148725089130515,-0.6070542033514668,-0.35956682993617517,1017.0460777918387
442,Angelina Grosso,24719781,1,01:03:20,2026-03-27,2026-03-27,1.2919585899651254,183,468,235,251,315,292,333,264,279,268,285,186,199,352,519,159,1,0.774088409044612,1.2919585899651254,3800.0,-0.5296943437967275,-0.46258713788401895,-0.46258713788401895,0.36683417085427134,0.36363636363636365,0.36683417085427134,0.774088409044612,-0.5296943437967275,-0.46258713788401895,0.36683417085427134,0.36363636363636365,-0.46258713788401895,1502.4941624638948,25.66477074855325,3.7666528663647547,14.364812149458984,-0.46258713788401895,-0.11258713788401897,1016.2740529541495
443,Erin Sweeney,21906042,2,01:27:30,2025-04-04,2026-03-27,1.294217837979715,289,470,328,343,356,387,406,308,320,315,327,327,342,348,368,319,2,0.8175172213242292,1.2942178379797147,5250.0,-0.3738217145615962,-0.3117621054377931,-0.3117621054377931,0.39284966499162477,0.38973504680310966,0.3065326633165829,0.8175172213242292,-0.3738217145615962,-0.3117621054377931,0.39284966499162477,0.38973504680310966,-0.3117621054377931,1502.5916177121812,26.299290522271573,2.821768118121125,17.833986167908197,-0.3117621054377931,-0.0642747320225015,983.5318652882941
444,Jodie Morse,22065952,11,01:24:45,2025-04-04,2026-03-27,1.295082327874535,444,369,463,531,438,558,342,465,508,471,514,467,528,700,288,807,11,0.9266376696547746,1.195370694628852,5084.636363636364,-0.15933695054253103,-0.04181009282977309,-0.01158071465756705,0.5090627548252704,0.5046286585661658,0.34782608695652173,0.8794688212800558,-0.20384512161627466,-0.1286046744374373,0.4892601297647673,0.4858727238111213,-0.4352468734622447,1494.5959834537414,24.141540470059056,1.2810242354358283,20.29846776375157,-0.022160997017839162,0.06371887777244417,904.7929496719743
445,Claire Sole,24197396,2,01:09:57,2025-04-04,2026-03-27,1.2960152316239646,309,474,367,387,397,423,439,403,424,409,430,375,390,410,404,345,2,0.8263028510882695,1.2960152316239646,4197.0,-0.3122927165934603,-0.25537854276506894,-0.25537854276506894,0.4512369109947644,0.44842634223750333,0.3475,0.8263028510882695,-0.3122927165934603,-0.25537854276506894,0.4512369109947644,0.44842634223750333,-0.25537854276506894,1500.7820175188574,25.32010748486524,2.8222290445395535,16.85342035124658,-0.25537854276506894,-0.00789116934977735,977.8671023145993
446,Kathy Robbins,24190185,1,01:16:57,2025-04-04,2025-04-04,1.296293562504071,499,475,512,522,575,541,549,551,566,559,577,458,481,494,605,375,1,0.8978996499416569,1.296293562504071,4617.0,-0.21704638625773923,-0.06223505928901195,-0.06223505928901195,0.5392670157068062,0.5368421052631579,0.5392670157068062,0.8978996499416569,-0.21704638625773923,-0.06223505928901195,0.5392670157068062,0.5368421052631579,-0.06223505928901195,1498.7727272727273,24.048531137456138,3.7926377005624894,12.670618035768669,-0.06223505928901195,0.287764940710988,973.6822208127744
447,Audrey Talish,21968785,2,01:28:12,2025-04-04,2026-03-27,1.2978778995870348,293,476,327,341,354,385,404,317,327,323,335,326,341,365,371,322,2,0.8198438730019655,1.2978778995870348,5291.5,-0.37406252144811364,-0.313323970150626,-0.313323970150626,0.40093697654941374,0.39786609551007457,0.2914572864321608,0.8198438730019655,-0.37406252144811364,-0.313323970150626,0.40093697654941374,0.39786609551007457,-0.313323970150626,1502.1807915375966,26.20400123074264,2.8220171395951072,17.73794981195732,-0.313323970150626,-0.06583659673533443,983.4099721925814
448,Jordan Gower,24693363,1,01:12:19,2025-08-16,2025-08-16,1.2992638468320856,52,477,107,129,166,146,194,111,123,110,129,100,109,304,416,72,1,0.6876386687797147,1.2992638468320856,4339.0,-0.7059158439898798,-0.7442604416462678,-0.7442604416462678,0.24675324675324675,0.23684210526315788,0.24675324675324675,0.6876386687797147,-0.7059158439898798,-0.7442604416462678,0.24675324675324675,0.23684210526315788,-0.7442604416462678,1503.950521122851,28.11378025221345,3.891554334525792,16.439117248636073,-0.7442604416462678,-0.39426044164626783,1046.2648644047877
449,Curt Schieler,23767732,2,01:12:50,2025-04-04,2026-03-27,1.2994097427425848,391,478,411,431,429,462,474,449,465,459,475,383,400,469,436,392,2,0.8611906250009731,1.299409742742585,4370.0,-0.3023941789476592,-0.19241273774825254,-0.19241273774825254,0.4815306900997132,0.4788676236044657,0.38190954773869346,0.8611906250009731,-0.3023941789476592,-0.19241273774825254,0.4815306900997132,0.4788676236044657,-0.19241273774825254,1499.4408718873135,24.525164591664282,2.8212615882469905,16.06137982692331,-0.19241273774825254,0.055074635667039046,971.3142256924391
450,Shalise Hassing,22757315,6,01:10:38,2025-04-04,2026-03-27,1.3010695614899026,141,338,143,200,160,251,200,152,195,156,200,134,178,140,184,347,6,0.8013893916651678,1.1622540868324374,4237.5,-0.5555154244758321,-0.5459649476995257,-0.4960780231220522,0.3143305855246521,0.30894187702290343,0.1511627906976744,0.7581308620422658,-0.6109603891075903,-0.6332851754092264,0.2912018087064526,0.2854932974720599,-0.7289701800172937,1513.6950374488574,29.276986908076555,1.710598210968937,24.145192275169745,-0.5135384467241679,-0.4030780460371737,977.7023695824629
451,Brenna Kitchen,23744904,4,01:10:23,2025-04-04,2026-03-27,1.3022570334305763,206,431,237,367,322,268,229,247,381,248,384,297,485,343,257,471,4,0.8275369208238124,1.2575986717617456,4223.0,-0.2140385778378302,-0.2792140428964397,-0.6204862306926032,0.4250859615422072,0.42015474735831054,0.27906976744186046,0.784178222663978,-0.40045622376528256,-0.45794258038483604,0.35860760622394916,0.35335609108577964,-0.6670009956030499,1502.7256334223666,27.552931536746183,2.0726016235718454,21.335126666030646,-0.501040964963946,-0.10421404289643971,961.3606833467343
452,Fiona DeAcutis,23888152,3,01:37:49,2025-07-05,2025-09-27,1.303031413525226,890,448,907,882,857,938,894,900,867,904,871,932,909,993,649,934,3,1.1416082399822696,1.2739442209192577,5868.666666666667,0.5113445250375975,0.6247147131577135,0.8991254320280179,0.7378545342354688,0.7360939525661557,0.5364238410596026,1.1643884154698327,0.5827707569426299,0.6972501743598912,0.7611373795498411,0.7595172729352551,0.6247147131577135,1489.0515628855446,18.992525032946332,2.350071017759933,11.942311979666535,0.8030816804234113,0.8267873073740826,870.3659821688589
453,Phil Ehresmann,18256922,2,00:58:38,2025-11-08,2026-01-25,1.3032080154951946,66,479,67,81,89,95,138,59,65,63,69,69,82,160,165,60,2,0.7080294144629832,1.3032080154951946,3518.5,-0.8254913570976972,-0.9690591720974977,-0.9690591720974977,0.15466592530812714,0.1464474678760393,0.13761467889908258,0.7080294144629832,-0.8254913570976972,-0.9690591720974977,0.15466592530812714,0.1464474678760393,-0.9690591720974977,1512.078251412442,33.71805123590367,2.8709001500772127,25.105350785672034,-0.9690591720974977,-0.7215717986822061,1055.74266826581
454,Abby Rosenberg,24476194,1,01:25:24,2025-07-26,2025-07-26,1.3039219600053884,188,480,209,226,287,262,307,266,285,260,276,173,187,500,590,139,1,0.7768344451182535,1.3039219600053884,5124.0,-0.5475116901118353,-0.5055707187436099,-0.5055707187436099,0.3695652173913043,0.3602941176470588,0.3695652173913043,0.7768344451182535,-0.5475116901118353,-0.5055707187436099,0.3695652173913043,0.3602941176470588,-0.5055707187436099,1498.6872758692682,24.602358424437806,3.8853470231322733,12.946317355040986,-0.5055707187436099,-0.15557071874360995,1021.2717856837434
455,Tracey Robinson,21982837,1,01:17:25,2025-04-04,2025-04-04,1.304154991949623,512,482,521,528,583,549,558,566,580,577,592,465,495,511,620,389,1,0.9033450019447684,1.304154991949623,4645.0,-0.2054705789906598,-0.04676116778227747,-0.04676116778227747,0.5497382198952879,0.5473684210526316,0.5497382198952879,0.9033450019447684,-0.2054705789906598,-0.04676116778227747,0.5497382198952879,0.5473684210526316,-0.04676116778227747,1498.5,23.835523353221944,3.7928302130636236,12.457032714031074,-0.04676116778227747,0.3032388322177225,972.1121473732696
456,Ashley Wu,22350095,2,01:25:10,2025-04-04,2026-03-27,1.3044467264847692,252,483,315,327,330,374,394,288,307,295,313,277,289,333,378,290,2,0.8038331437188273,1.3044467264847688,5109.5,-0.41493513694876316,-0.3404071065629028,-0.3404071065629028,0.38439593802345057,0.3812338040086731,0.3417085427135678,0.8038331437188273,-0.41493513694876316,-0.3404071065629028,0.38439593802345057,0.3812338040086731,-0.3404071065629028,1502.985436092007,26.051029017308753,2.8228498809561615,17.58247937444027,-0.3404071065629028,-0.0929197331476112,987.5295580056214
457,Jenevieve Parker,22549301,8,01:30:43,2025-04-04,2026-03-27,1.3051268802259002,566,352,565,715,627,700,596,564,694,572,702,581,726,1078,379,884,8,1.0160975253325724,1.177248403794288,5442.75,0.1052247950371277,0.2478791198788374,0.215879407618106,0.6188789162372931,0.6164338140173335,0.455,0.9279802158762908,-0.08430640530697699,0.021714583417809935,0.5485846822189814,0.5459950454501536,0.015226067615523892,1487.3150207086244,22.00788121916956,1.4791242799081818,17.570508379445013,0.22707930690936198,0.37162280658648317,883.6910410071661
458,Emily Ogden,24505631,1,01:03:12,2026-03-27,2026-03-27,1.3054733204206426,140,484,249,270,340,310,344,282,301,287,306,287,300,350,504,174,1,0.7580967612954818,1.3054733204206426,3792.0,-0.40797189225323893,-0.43183252493642416,-0.43183252493642416,0.38,0.3768844221105528,0.38,0.7580967612954818,-0.40797189225323893,-0.43183252493642416,0.38,0.3768844221105528,-0.43183252493642416,1502.5849860865405,26.03246365944028,3.76585380156406,14.734902254748098,-0.43183252493642416,-0.08183252493642418,1013.0005890480908
459,Brittany Grissom,23885953,1,01:08:38,2026-03-27,2026-03-27,1.305921598978866,304,485,331,347,420,390,410,360,383,369,390,313,329,393,555,227,1,0.8242594075260208,1.305921598978866,4118.0,-0.3863032596770212,-0.3104172700413514,-0.3104172700413514,0.4271356783919598,0.42424242424242425,0.4271356783919598,0.8242594075260208,-0.3863032596770212,-0.3104172700413514,0.4271356783919598,0.42424242424242425,-0.3104172700413514,1501.2459911277924,24.893351558728945,3.76421156767686,13.600716855698364,-0.3104172700413514,0.03958272995864859,999.9805483029965
460,Megan Brannberg,24164744,1,01:37:19,2025-04-26,2025-04-26,1.3068423900826815,649,486,567,570,630,583,599,672,670,657,659,549,564,648,789,438,1,0.9621024880540452,1.3068423900826815,5839.0,-0.11855304628785159,0.023364903991595794,0.023364903991595794,0.6025641025641025,0.5897435897435898,0.6025641025641025,0.9621024880540452,-0.11855304628785159,0.023364903991595794,0.6025641025641025,0.5897435897435898,0.023364903991595794,1495.6091817384058,21.19084509788359,3.9580101643922085,9.316814604706963,0.023364903991595794,0.3733649039915958,965.1041667726505
461,Erin Ireland,22250563,2,01:26:27,2025-04-04,2025-08-09,1.307386410359899,346,487,371,389,400,426,441,351,370,354,375,361,376,415,382,340,2,0.8424666285377902,1.3073864103598993,5187.0,-0.331336477734652,-0.2527349514475412,-0.2527349514475412,0.42099358974358975,0.4150850785340314,0.3958333333333333,0.8424666285377902,-0.331336477734652,-0.2527349514475412,0.42099358974358975,0.4150850785340314,-0.2527349514475412,1500.6500215930705,26.005258464645095,2.8550817517478486,17.44001320940155,-0.2527349514475412,-0.005247578032249622,978.52975597975
462,Juliane Cassidy,23867295,2,01:35:12,2025-04-12,2025-04-26,1.3083688186248028,819,489,823,823,801,823,837,855,852,855,853,848,859,1017,752,819,2,1.0906607963150796,1.3083688186248028,5712.5,0.32811480272583315,0.47141912733263913,0.47141912733263913,0.7276583710407241,0.7205128205128206,0.6538461538461539,1.0906607963150796,0.32811480272583315,0.47141912733263913,0.7276583710407241,0.7205128205128206,0.47141912733263913,1488.5841141710418,18.698815866364257,2.924895907098089,9.92412814506999,0.47141912733263913,0.7189065007479307,900.4122933302858
463,Soren Hansen,23764537,3,01:15:17,2025-04-04,2026-03-27,1.309340289006117,363,447,383,400,378,438,448,419,446,427,453,351,366,474,403,418,3,0.8478275397859024,1.2733155290638922,4517.333333333333,-0.34637260082694327,-0.23918159757177973,-0.22220206369487086,0.4667088519070944,0.4625870231133389,0.45979899497487436,0.8481847717675182,-0.3481414466548284,-0.2349367141025525,0.4649813876740394,0.46120794410268096,-0.23918159757177973,1499.3295888136067,23.94834857317845,2.363152711925341,16.85889043740243,-0.22814490055178896,-0.0371090033554107,968.1815609810559
464,Makiko Hiromi,23764352,3,01:14:23,2025-04-04,2026-03-27,1.3097178944580583,242,469,310,318,288,372,385,345,355,349,359,300,293,411,357,341,3,0.8044841054891411,1.2933454489662057,4463.333333333333,-0.4120428119274236,-0.3557723465015661,-0.334669568277866,0.41406707640943924,0.40883882778184005,0.30434782608695654,0.8006341706802305,-0.39795986645118075,-0.35049665194564106,0.4180503073070795,0.41341304043437,-0.3557723465015661,1500.7801126138888,25.182545661803974,2.3745035829729053,18.05903491288526,-0.342055540656161,-0.15369975228519706,978.480473730223
465,Aria Collopy,22267923,2,01:11:48,2025-04-04,2026-03-27,1.309723992813984,284,490,329,344,357,388,407,355,374,360,381,282,295,359,399,307,2,0.8159239250141994,1.3097239928139839,4308.0,-0.4107232902523007,-0.3116939800936326,-0.3116939800936326,0.4221596858638743,0.41918804549061095,0.415,0.8159239250141994,-0.4107232902523007,-0.3116939800936326,0.4221596858638743,0.41918804549061095,-0.3116939800936326,1502.3005404676999,25.37054359510934,2.8212512322700567,16.90678989829917,-0.3116939800936326,-0.064206606678341,985.6933776073839
466,Wendy Weigant,22691193,9,01:23:46,2025-04-04,2026-03-27,1.3097632392532743,572,382,540,631,532,644,538,550,620,557,626,504,613,864,334,830,9,0.9743311221439601,1.2020792029097687,5026.0,-0.0577267754596457,0.08979037831778242,0.10640563703466686,0.5717131812490447,0.5686666215961915,0.44360902255639095,0.9308718799833147,-0.1613527751104254,-0.01321654409985934,0.5383468828753378,0.535592657983392,-0.08712324715439503,1491.3411063111887,22.953743913423846,1.4012711473536312,18.74993047136295,0.10059029648375731,0.20645704498444906,897.9558086897913
467,Ameenah Saafir,21925467,8,01:34:50,2025-04-04,2025-11-01,1.3106286622983396,834,498,840,803,737,817,671,831,782,835,781,853,827,1160,454,960,8,1.0766395829599398,1.3156383057475467,5690.125,0.28466372599185896,0.4274925442380429,0.48563512463016334,0.6773224662750962,0.6720055684120491,0.4215686274509804,1.1068009667049952,0.33607510314592587,0.5030078940407047,0.7135284966003093,0.7107821305742077,0.11891130914550552,1481.9490443564803,20.13126860030585,1.4849088517189142,15.676542045149109,0.4652852214929212,0.5512362309456886,862.366869754877
468,Kathy Robbins,24190815,1,01:04:17,2026-03-27,2026-03-27,1.3113379688146023,208,491,255,275,343,314,350,281,300,285,305,209,221,366,537,180,1,0.7856997351802811,1.3113379688146023,3857.0,-0.5024692963698444,-0.42396836135548105,-0.42396836135548105,0.3793969849246231,0.37626262626262624,0.3793969849246231,0.7856997351802811,-0.5024692963698444,-0.42396836135548105,0.3793969849246231,0.37626262626262624,-0.42396836135548105,1502.0963724086462,25.308045413027187,3.7666884886089775,14.007979947200255,-0.42396836135548105,-0.07396836135548107,1012.0841499347749
469,Kevin Adams,22134140,1,01:37:40,2025-04-26,2025-04-26,1.3115424569077778,656,492,581,587,644,595,614,693,691,687,686,562,573,680,822,451,1,0.965562695666502,1.3115424569077778,5860.0,-0.1077286377137434,0.03538029542232971,0.03538029542232971,0.6153846153846154,0.6025641025641025,0.6153846153846154,0.965562695666502,-0.1077286377137434,0.03538029542232971,0.6153846153846154,0.6025641025641025,0.03538029542232971,1494.9776027910375,20.63114674225346,3.9659950283775833,8.73316165712071,0.03538029542232971,0.3853802954223297,963.9788070145263
470,Michelle Penta,21696285,3,01:08:43,2025-04-04,2026-03-27,1.3123799637204714,294,465,338,358,333,395,415,348,352,352,356,342,349,334,316,385,3,0.8271502077978274,1.2916160619965265,4123.333333333333,-0.36555476893644573,-0.29052468617376265,-0.30656751985217257,0.41274265002013694,0.4075707484792383,0.38461538461538464,0.8199328277795981,-0.35921641539727606,-0.2945353945933651,0.41955698751510273,0.414974543771489,-0.29052468617376265,1502.9392959489426,26.25238032217274,2.365745326479636,19.155144342733834,-0.3009525280647291,-0.08845209195739362,972.5823439630943
471,Paula Marques-Roberts,24471543,4,01:15:26,2025-08-02,2026-03-27,1.3124985556495488,573,444,582,710,659,689,618,584,711,590,715,601,741,946,472,796,4,1.0056978940772927,1.2712847462287495,4526.25,0.12267691181923948,0.2381157570734618,0.1810424321610052,0.625229352304302,0.6228979004801085,0.475,0.9310571833459922,-0.06536966180194644,0.03631295532181404,0.5570662067643959,0.5545092861662606,0.04479863357853934,1489.7607479850728,21.503201606318186,2.050499196066505,15.35170401811867,0.201018095880365,0.4131157570734618,905.7863610013584
472,Kacey Meaker,21945315,1,01:33:05,2025-04-12,2025-04-12,1.3137465793335406,936,494,1014,1008,1024,1007,1017,1055,1049,1057,1051,1035,1031,872,949,971,1,1.2394584997780738,1.3137465793335406,5585.0,0.882108291316586,0.982721756410665,0.982721756410665,0.8676470588235294,0.8666666666666667,0.8676470588235294,1.2394584997780738,0.882108291316586,0.982721756410665,0.8676470588235294,0.8666666666666667,0.982721756410665,1491.2495250877998,17.40241257527482,3.826287821367972,5.923549111170903,0.982721756410665,1.332721756410665,860.079787869646
473,Anna Kogut,23764541,1,01:33:32,2025-05-24,2025-05-24,1.3146518913662428,598,496,575,580,640,590,610,672,670,678,678,534,551,614,731,446,1,0.9444631437226524,1.3146518913662428,5612.0,-0.13036748748026752,0.029912438000099083,0.029912438000099083,0.6025641025641025,0.5974025974025974,0.6025641025641025,0.9444631437226524,-0.13036748748026752,0.029912438000099083,0.6025641025641025,0.5974025974025974,0.029912438000099083,1496.3098771581701,21.822472053232786,3.8431622863159793,10.29298519428485,0.029912438000099083,0.37991243800009905,964.3512003616726
474,Nicole Norstrud,24108436,5,01:31:17,2025-04-26,2026-03-27,1.314653443734689,571,443,545,674,594,701,595,545,667,550,675,519,658,983,432,784,5,0.9935059550524856,1.2708300105674073,5477.4,0.01988654592191159,0.1624698465251075,0.2623812685874497,0.6009186007873865,0.5962318971351229,0.48743718592964824,0.9306421590466236,-0.14799374601252527,-0.008155198370956615,0.5370952533589869,0.5337259380404542,0.014808440376435464,1489.1818729622512,21.70365194565963,1.8703376912780918,16.092638871825354,0.22741227086562993,0.31899460495009274,908.3531299452237
475,Tara Fortier,24715785,1,01:03:39,2026-03-27,2026-03-27,1.3147686209616125,157,497,262,283,355,320,355,316,325,322,333,299,311,368,529,185,1,0.7634946021591363,1.3147686209616125,3819.0,-0.398868387219489,-0.41462495062842225,-0.41462495062842225,0.4,0.3969849246231156,0.4,0.7634946021591363,-0.398868387219489,-0.41462495062842225,0.4,0.3969849246231156,-0.41462495062842225,1502.0660671676217,25.541160251342685,3.765510395339621,14.244629065323823,-0.4146249506284222,-0.06462495062842227,1011.4217180026704
476,Erin Peach,24494328,1,01:51:33,2025-07-12,2025-07-12,1.3167095001347813,781,499,766,768,793,768,790,746,745,740,738,754,765,738,841,678,1,1.0610336081166771,1.3167095001347813,6693.0,0.16909637416988882,0.3501712912716874,0.3501712912716874,0.651685393258427,0.6404494382022472,0.651685393258427,1.0610336081166771,0.16909637416988882,0.3501712912716874,0.651685393258427,0.6404494382022472,0.3501712912716874,1493.8548807174072,19.953558115722156,3.912739761339546,8.21533883170352,0.3501712912716874,0.7001712912716873,928.5038580493265
477,Erin Leidy,21103521,2,01:22:18,2025-04-26,2026-03-27,1.3171650800860544,490,500,437,456,446,482,494,478,491,476,492,398,415,536,515,399,2,0.8940747094297616,1.3171650800860544,4938.5,-0.2890073644073935,-0.1637048517123269,-0.1637048517123269,0.4945883262466177,0.486985236985237,0.46153846153846156,0.8940747094297616,-0.2890073644073935,-0.1637048517123269,0.4945883262466177,0.486985236985237,-0.1637048517123269,1498.036048632359,23.067851355394378,2.8751534661641633,14.442390956901889,-0.1637048517123269,0.08378252170296469,969.605397074303
478,Jessica Rykowski,23749485,2,01:13:23,2025-04-04,2025-08-09,1.3171970491938514,461,501,459,477,465,497,510,464,482,463,482,422,440,502,424,433,2,0.8858104651618626,1.3171970491938514,4403.0,-0.25881149782336477,-0.13671979583379906,-0.13671979583379906,0.48896496173983084,0.4839638157894737,0.42408376963350786,0.8858104651618626,-0.25881149782336477,-0.13671979583379906,0.48896496173983084,0.4839638157894737,-0.13671979583379906,1498.6570990794435,24.84893164720186,2.8566169896854796,16.27908067814542,-0.13671979583379906,0.11076757758149253,965.7530218101732
479,Dan Dougherty,24576689,1,01:07:17,2026-03-27,2026-03-27,1.3197055241874895,115,505,184,197,263,228,285,205,218,215,226,140,153,311,477,121,1,0.744421906693712,1.3197055241874895,4037.0,-0.5931350213725208,-0.5495345160029083,-0.5495345160029083,0.33,0.32663316582914576,0.33,0.744421906693712,-0.5931350213725208,-0.5495345160029083,0.33,0.32663316582914576,-0.5495345160029083,1503.6587562935774,26.623966738475826,3.7664520944194373,15.324610455217513,-0.5495345160029083,-0.19953451600290828,1025.5363180207364
480,Christina Schwie,24718356,1,01:04:43,2026-03-27,2026-03-27,1.3201776854827847,218,507,271,288,365,326,360,306,317,313,326,219,231,376,548,191,1,0.7909961295579547,1.3201776854827847,3883.0,-0.4900508536838976,-0.4065419363875211,-0.4065419363875211,0.39195979899497485,0.3888888888888889,0.39195979899497485,0.7909961295579547,-0.4900508536838976,-0.4065419363875211,0.39195979899497485,0.3888888888888889,-0.4065419363875211,1501.8311790384803,25.070208405379905,3.7667093060338948,13.770080487278221,-0.4065419363875211,-0.05654193638752114,1010.3313673448663
481,Heather Schrager,18282852,1,02:49:10,2025-04-04,2025-04-04,1.322992700729927,1008,508,973,972,992,970,979,944,944,950,950,961,961,815,910,930,1,1.322992700729927,1.322992700729927,10150.0,0.6598012724446238,0.8767762857899194,0.8767762857899194,0.7947368421052632,0.7936507936507936,0.7947368421052632,1.322992700729927,0.6598012724446238,0.8767762857899194,0.7947368421052632,0.7936507936507936,0.8767762857899194,1492.3389830508474,18.25993512884486,3.8146102378262126,6.816104415366221,0.8767762857899194,1.2267762857899194,870.8053126566665
482,Kristina Key,24207911,6,01:38:08,2025-05-09,2026-03-27,1.325184945506158,634,503,607,797,738,809,689,617,833,625,842,615,842,1185,521,920,6,1.0700808903279864,1.3181352726744915,5887.5,0.30826350606217806,0.4112640735479742,0.46211566183214203,0.7170378501559287,0.7152833044263174,0.4321608040201005,0.9564426327104621,-0.05347396214880126,0.07514217591186087,0.57575406100426,0.5733581752358724,0.1448521414902458,1478.3483914735964,19.74108781460838,1.7977813374163223,14.347743802359414,0.44431760593268327,0.5541509752103262,873.240992405449
483,Mindy McCoy,22712967,1,01:27:14,2025-04-18,2025-04-18,1.3255652304020835,838,510,867,867,890,866,882,887,882,843,840,901,906,829,1046,805,1,1.109838846480068,1.3255652304020835,5234.0,0.5039807882482864,0.5730854183959428,0.5730854183959428,0.75,0.7142857142857143,0.75,1.109838846480068,0.5039807882482864,0.5730854183959428,0.75,0.7142857142857143,0.5730854183959428,1492.0294377260755,18.966636349499137,5.10387835170455,3.655001294385487,0.5730854183959428,0.9230854183959428,904.8350255648685
484,Bonnie Rightnour,22567776,1,01:18:46,2025-04-04,2025-04-04,1.326896984274256,547,513,552,555,610,572,584,608,618,618,625,493,517,541,641,422,1,0.9190976273823416,1.326896984274256,4726.0,-0.17198342225375146,-0.002517118538511443,-0.002517118538511443,0.5706806282722513,0.5684210526315789,0.5706806282722513,0.9190976273823416,-0.17198342225375146,-0.002517118538511443,0.5706806282722513,0.5684210526315789,-0.002517118538511443,1497.9545454545455,23.40645251466054,3.7933387066673694,12.026436394658433,-0.002517118538511443,0.34748288146148854,967.4429298777758
485,Emily Feng,24718739,1,01:07:40,2026-03-27,2026-03-27,1.3272242824377525,122,514,189,205,270,239,291,220,237,226,242,149,161,320,488,129,1,0.7486631016042781,1.3272242824377525,4060.0,-0.5832922324175656,-0.5350296818467176,-0.5350296818467176,0.34,0.33668341708542715,0.34,0.7486631016042781,-0.5832922324175656,-0.5350296818467176,0.34,0.33668341708542715,-0.5350296818467176,1503.3964612116104,26.37562893774332,3.7662286827411937,15.076942889519737,-0.5350296818467176,-0.18502968184671764,1024.0682620927746
486,Elizabeth Sondag,21906515,3,01:16:44,2025-04-04,2026-03-27,1.3274777728257914,387,472,409,433,409,461,476,454,475,461,481,369,393,490,411,464,3,0.8625864070748751,1.2943256091989823,4604.0,-0.3114741457559183,-0.1902791149114643,-0.1976834458613281,0.48702837587049214,0.483177641072378,0.450261780104712,0.8606798745666984,-0.318624178474574,-0.19391918898911142,0.4833617341641757,0.47980747322852585,-0.1902791149114643,1498.8636355127487,23.690166105409062,2.36413757655259,16.597753375751292,-0.19509193002887576,0.011793479304904736,962.3670311777164
487,Beth Luebbe,21930531,3,01:37:10,2025-04-04,2026-03-27,1.3285299567678153,412,488,445,490,451,445,521,441,471,439,466,423,466,573,419,543,3,0.8847820651747945,1.3081000870003594,5829.666666666667,-0.23474022131607475,-0.11132951592471119,-0.2799886036850355,0.48431372549019613,0.47416237759699614,0.35294117647058826,0.8653558411641826,-0.25739666929787747,-0.15349428786479224,0.47573529411764703,0.46743082842387773,-0.11132951592471119,1497.2231360670985,23.420395611132566,2.3621128927581903,16.334056932857997,-0.22095792296892197,0.09074307829165784,951.3414152215573
488,Lynnae Day,24718479,1,01:04:21,2026-03-27,2026-03-27,1.3292279773586766,177,515,280,298,377,337,369,338,358,347,370,317,332,381,543,197,1,0.771891243502599,1.3292279773586766,3861.0,-0.38470737938921123,-0.38809794744299164,-0.38809794744299164,0.415,0.4120603015075377,0.415,0.771891243502599,-0.38470737938921123,-0.38809794744299164,0.415,0.4120603015075377,-0.38809794744299164,1501.6768779784325,25.172312206252947,3.7653628943651745,13.876223523157424,-0.38809794744299164,-0.038097947442991664,1008.6711126363458
489,Julia Buck,24712598,2,01:19:42,2025-05-24,2026-03-27,1.329389470343996,343,516,354,377,386,416,432,448,463,453,468,330,344,522,503,327,2,0.8412074914597951,1.329389470343996,4782.5,-0.3705146239719459,-0.26776397346707526,-0.26776397346707526,0.48,0.4753964628336488,0.46,0.8412074914597951,-0.3705146239719459,-0.26776397346707526,0.48,0.4753964628336488,-0.26776397346707526,1498.2837024132407,23.257792211591237,2.8385284125086137,14.742206974065397,-0.26776397346707526,-0.020276600051783666,981.54142684533
490,Bill McFadden,22206793,7,01:20:41,2025-04-04,2026-03-27,1.3297719766859255,371,493,373,408,324,400,317,359,379,365,379,347,374,400,266,605,7,0.8701174775369799,1.311741269559567,4840.714285714285,-0.33752831615760337,-0.23183454889774774,-0.32819699379346085,0.42488997933619466,0.41913108853973335,0.2753623188405797,0.8527492670058607,-0.3559467322113863,-0.25055633783923714,0.427111320322097,0.42279320726690783,-0.4963288325296941,1501.114075618027,25.857596442400457,1.5970011157059099,21.066593095282727,-0.29447013807996125,-0.09954698334451823,939.3877655412584
491,Audrey Nelson,23749556,8,01:14:29,2025-04-12,2026-03-27,1.3317716807008444,207,327,257,397,313,391,295,252,351,258,358,267,397,225,231,632,8,0.8819374972967515,1.147541809580459,4469.125,-0.30758841847980145,-0.2417643283174615,-0.34535591480873834,0.4125314344268859,0.4084768646254337,0.25165562913907286,0.7856225290120139,-0.42455777280158014,-0.4232247641079697,0.36317707630012064,0.35914226442727637,-0.5304492130848693,1507.3707118195252,26.937494999691193,1.4783492894770427,22.502447131260066,-0.30909885953679145,-0.11802064160981571,935.933150132522
492,Jodi Green,22386336,6,01:28:59,2025-04-04,2026-03-27,1.332076100888485,534,399,513,577,507,606,543,501,536,507,548,471,572,568,332,746,6,0.9483240559493892,1.223680442759173,5339.0,-0.10924091688741129,0.027665512470370884,0.06312371398333985,0.5249619555964685,0.522015476598545,0.47,0.9135560145641166,-0.19976629006608085,-0.05894717719811718,0.508798706254184,0.5059645639064296,-0.07812400592657558,1497.296929689608,23.909946574924206,1.6945851023334908,18.826191267923733,0.05071334345380071,0.17055241413272296,918.1116108489714
493,Bronwyn Seal,23766980,1,02:32:26,2025-07-05,2025-07-05,1.3327415074405358,915,519,935,933,949,932,939,985,983,987,985,969,968,810,913,892,1,1.2004200026250165,1.3327415074405358,9146.0,0.6749530857411641,0.7900688233117592,0.7900688233117592,0.8211920529801324,0.82,0.8211920529801324,1.2004200026250165,0.6749530857411641,0.7900688233117592,0.8211920529801324,0.82,0.7900688233117592,1492.3699846002824,18.095080215377347,3.7873182406895864,6.733125493308588,0.7900688233117592,1.140068823311759,881.3057750591522
494,Rebecca Tsang,21921506,1,01:05:22,2026-03-27,2026-03-27,1.3334372604850584,235,520,287,303,381,341,373,320,331,326,338,234,249,386,559,202,1,0.7989407211244652,1.3334372604850584,3922.0,-0.47142318965497754,-0.3806198714621059,-0.3806198714621059,0.4020100502512563,0.398989898989899,0.4020100502512563,0.7989407211244652,-0.47142318965497754,-0.3806198714621059,0.4020100502512563,0.398989898989899,-0.3806198714621059,1501.5659856683146,24.834576294984796,3.7667069814843104,13.534455350531864,-0.3806198714621059,-0.03061987146210593,1007.5513349035691
495,Amber Eskridge,24600486,3,01:23:55,2025-05-24,2026-03-27,1.3336762092170065,574,506,553,600,557,617,625,585,636,589,645,517,580,771,498,639,3,0.952295930131879,1.3198833143152153,5035.333333333333,-0.10278542958846265,0.054739356247675064,0.07639124026984821,0.5836885456411659,0.580416032470827,0.47738693467336685,0.9311955264619995,-0.1496859262308783,-0.0021082633365423487,0.5571131428992161,0.553998893039989,0.054739356247675064,1493.1062497402925,21.904982764496943,2.359961256787972,14.825098994133027,0.06881308086208761,0.2568119504640441,934.7324100857885
496,Michaela Yaman,23749445,4,01:28:22,2025-04-12,2025-11-01,1.334588110503864,888,456,900,899,869,893,901,920,910,925,918,907,917,1147,623,966,4,1.1558195582920612,1.281015843186432,5301.5,0.5314192272392104,0.6725285463278612,0.6613704604109488,0.7728710917565407,0.7712540041749056,0.7443609022556391,1.1626906132223556,0.5128718535968846,0.6746539902899023,0.7747139341566586,0.7731490966521899,0.6441490979129697,1482.762313164101,18.501111637393084,2.060061733618272,12.320926436538269,0.6652757904818681,0.8475285463278612,861.2161082822153
497,DoRae Wulbecker,24132989,2,01:21:53,2025-04-18,2026-01-25,1.335493283179252,791,521,728,735,727,732,752,738,735,695,693,747,761,661,638,738,2,1.0703936167220445,1.335493283179252,4913.0,0.16057328051335573,0.28337027556926,0.28337027556926,0.6439393939393939,0.6071428571428571,0.5,1.0703936167220445,0.16057328051335573,0.28337027556926,0.6439393939393939,0.6071428571428571,0.28337027556926,1495.305890934634,21.533897931478233,3.1500418405026474,12.08377240997029,0.28337027556926,0.5308576489845516,918.9609882061513
498,Lizzy Klinnert,24189640,3,01:06:46,2025-11-15,2026-03-29,1.335902573161153,651,545,813,606,562,307,631,685,474,689,477,935,780,379,313,675,3,0.8633107525090145,1.3630137494961765,4005.6666666666665,0.19157922230867422,0.06226535618738568,-0.7057243152237939,0.48619714217345233,0.47962984112481594,0.23869346733668342,0.9630839464104268,0.5928592415753486,0.4492634354470332,0.6083978566300892,0.6034409738084361,0.06226535618738568,1501.763847851288,26.44665582018392,2.4054176409172188,19.230402897432263,-0.436927930229881,0.2643379504037547,929.0930507459882
499,Linnea Nasman,24995953,1,01:53:21,2025-07-12,2025-07-12,1.337956269298767,803,522,788,789,817,789,808,765,761,756,753,777,791,761,867,708,1,1.078154724159797,1.337956269298767,6801.0,0.21653120120975375,0.3986299635277179,0.3986299635277179,0.6629213483146067,0.651685393258427,0.6629213483146067,1.078154724159797,0.21653120120975375,0.3986299635277179,0.6629213483146067,0.651685393258427,0.3986299635277179,1493.3748807174072,19.458631749802375,3.920353692970956,7.697570670889506,0.39862996352771796,0.7486299635277178,923.1558298410065
500,Megan Banks,23764458,7,01:09:25,2025-04-12,2025-11-01,1.3389372492466278,420,312,326,259,204,237,254,307,244,305,246,314,222,139,194,445,7,0.8492443776208817,1.1321729939253338,4165.285714285715,-0.5020659824019862,-0.4501709723485035,-0.5863244278232954,0.34438937872540015,0.3381844764681889,0.2692307692307692,0.8677518297872173,-0.38593844211885914,-0.3156853579023588,0.3919854196988678,0.3849491044319022,-0.6276054590609147,1514.0202129479856,28.607416606833254,1.5863383972780916,23.848401414998982,-0.5386707184071182,-0.317883406795274,964.3738232458991
501,Anne Stockdale,24850105,1,01:10:27,2026-03-27,2026-03-27,1.3404882464506231,357,523,379,399,464,432,447,388,408,396,418,359,372,413,583,258,1,0.8460768614891914,1.3404882464506231,4227.0,-0.33834533791757326,-0.24064596712948746,-0.24064596712948746,0.44472361809045224,0.44191919191919193,0.44472361809045224,0.8460768614891914,-0.33834533791757326,-0.24064596712948746,0.44472361809045224,0.44191919191919193,-0.24064596712948746,1500.7298620955344,24.44977161910259,3.7646741777871693,13.155749085741084,-0.2406459671294875,0.10935403287051251,992.3086072621019
502,Amy Aldridge,23764372,2,01:13:44,2025-04-04,2026-03-27,1.3425906926320366,335,524,375,395,404,430,445,415,438,422,445,337,352,419,430,344,2,0.8382902697809644,1.3425906926320366,4423.5,-0.3628350915269005,-0.24415855075264498,-0.24415855075264498,0.4613089005235602,0.45854271356783916,0.42,0.8382902697809644,-0.3628350915269005,-0.24415855075264498,0.4613089005235602,0.45854271356783916,-0.24415855075264498,1500.6115728119328,24.613816965240176,2.8211041048208854,16.15050465077752,-0.24415855075264498,0.0033288226626466133,978.0268032331703
503,Tracy Schultz,24494653,1,01:05:52,2026-03-27,2026-03-27,1.3436369335637304,255,525,297,314,391,354,381,331,349,340,360,240,256,391,570,210,1,0.8050519454063965,1.3436369335637304,3952.0,-0.457094217325039,-0.3608546253888367,-0.3608546253888367,0.4120603015075377,0.4090909090909091,0.4120603015075377,0.8050519454063965,-0.457094217325039,-0.3608546253888367,0.4120603015075377,0.4090909090909091,-0.3608546253888367,1501.3007922981487,24.59857959446145,3.7666840826610617,13.298527346478267,-0.3608546253888367,-0.010854625388836747,1005.4793366302689
504,Lauren Maggert,24825611,1,01:08:33,2026-03-27,2026-03-27,1.3445501166666198,142,526,212,229,289,265,309,234,252,239,259,162,174,324,497,145,1,0.7584362898764522,1.3445501166666198,4113.0,-0.5606110230865817,-0.5019159321839612,-0.5019159321839612,0.35,0.34673366834170855,0.35,0.7584362898764522,-0.5606110230865817,-0.5019159321839612,0.35,0.34673366834170855,-0.5019159321839612,1503.134166129643,26.131420211705073,3.765985419198365,14.833463954109979,-0.5019159321839612,-0.15191593218396127,1020.4601808815576
505,Selina Gilbertson,22407890,4,01:16:51,2025-04-04,2026-03-27,1.3453136936450063,127,413,149,166,147,205,232,139,146,144,152,131,143,156,226,234,4,0.757078049195138,1.2376751902072383,4611.25,-0.6274879992964449,-0.6159702153363869,-0.5886250406177818,0.27594593125160455,0.26890304291943634,0.16393442622950818,0.7508125668380581,-0.6271605756284718,-0.6176116227344194,0.2828366282009732,0.27600020501659844,-0.6645031411304063,1512.353678325989,28.919570848109952,2.0825166022723556,22.672021041292886,-0.5981958517692936,-0.44097021533638686,997.7849363530811
506,Christine Durkin,22060102,3,01:24:03,2025-04-04,2026-03-27,1.345623409433677,173,512,239,247,224,311,328,254,257,250,252,210,217,275,331,262,3,0.7644963875289689,1.3266939242647748,5042.666666666667,-0.5062017922761178,-0.4738101619767346,-0.4039710790067742,0.3529697712418301,0.34315999432500366,0.29411764705882354,0.7711410533242116,-0.5008674299240916,-0.4539428735018241,0.3634773284313726,0.3553599454924965,-0.4738101619767346,1504.7071228807383,25.932371275459573,2.361881864495493,18.846725681973094,-0.4284147580462603,-0.27173756776036556,991.8502189293048
507,Michael Suey,20737662,2,01:06:25,2025-09-27,2025-11-15,1.3457107492298412,251,527,203,219,231,252,302,176,182,184,191,163,175,237,286,208,2,0.8033445090024036,1.3457107492298412,3985.0,-0.5596546935285844,-0.5130431822060129,-0.5130431822060129,0.3068797399783315,0.30153534408853555,0.2676056338028169,0.8033445090024036,-0.5596546935285844,-0.5130431822060129,0.3068797399783315,0.30153534408853555,-0.5130431822060129,1506.206877227215,28.848476647492095,2.825610973812532,20.3716437260545,-0.5130431822060129,-0.26555580879072127,1005.9006485263641
508,Michael Garland,24716826,1,01:06:02,2026-03-27,2026-03-27,1.3470368245899544,257,529,305,319,401,358,386,343,363,351,373,244,257,396,581,214,1,0.8070890201670401,1.3470368245899544,3962.0,-0.4523178932150595,-0.35429953831320254,-0.35429953831320254,0.41708542713567837,0.41414141414141414,0.41708542713567837,0.8070890201670401,-0.4523178932150595,-0.35429953831320254,0.41708542713567837,0.41414141414141414,-0.35429953831320254,1501.168195613066,24.47999964863397,3.766655285363337,13.18003379254396,-0.35429953831320254,-0.004299538313202567,1004.8260041291338
509,Cameron Hatch,23745154,2,01:07:30,2025-04-26,2025-07-11,1.3478223094698172,167,530,66,80,88,93,136,79,85,53,55,59,68,148,311,61,2,0.7660853977569808,1.3478223094698172,4050.0,-0.8970987954074712,-0.9715416407749836,-0.9715416407749836,0.18376068376068375,0.12179487179487179,0.1111111111111111,0.7660853977569808,-0.8970987954074712,-0.9715416407749836,0.18376068376068375,0.12179487179487179,-0.9715416407749836,1512.763612199865,29.923258752948698,3.531238008906158,19.329544726230225,-0.9715416407749837,-0.724054267359692,1055.4980808079613
510,June Huber,22722527,7,01:28:03,2025-04-12,2026-03-27,1.3479524155987783,660,422,633,781,715,810,608,623,757,630,762,622,803,1108,435,917,7,1.0585129039583474,1.2454456346016636,5282.857142857143,0.2415005477296341,0.3754856501472959,0.4823337520412508,0.6607464112591488,0.6584991116249755,0.5170068027210885,0.9669118017112568,-0.037790555680657575,0.10843920361292363,0.5789234817805884,0.5764661742802932,0.028277178400114192,1484.7082975858634,20.801829390138945,1.5764381916619477,16.072514815153102,0.4449369163783666,0.5077732157005255,874.3788323286885
511,Jaq Law,24181775,1,01:08:47,2026-03-27,2026-03-27,1.3491267521233017,150,531,222,239,296,278,319,261,277,265,281,168,180,339,508,149,1,0.7610178867785359,1.3491267521233017,4127.0,-0.554619760244435,-0.49324013991887594,-0.49324013991887594,0.365,0.36180904522613067,0.365,0.7610178867785359,-0.554619760244435,-0.49324013991887594,0.365,0.36180904522613067,-0.49324013991887594,1502.8718710476758,25.88905566289489,3.7657452741180277,14.591819840540808,-0.49324013991887594,-0.14324013991887596,1019.7624647710727
512,Danielle Mulligan,24715743,1,01:11:01,2026-03-27,2026-03-27,1.351270503460162,372,532,388,416,478,447,459,404,425,411,432,364,380,420,587,274,1,0.8528823058446757,1.351270503460162,4261.0,-0.3233859861760941,-0.21925020084774455,-0.21925020084774455,0.45226130653266333,0.4494949494949495,0.45226130653266333,0.8528823058446757,-0.3233859861760941,-0.21925020084774455,0.45226130653266333,0.4494949494949495,-0.21925020084774455,1500.6008298374697,24.338438117895134,3.76481023118185,13.044007424349584,-0.21925020084774455,0.13074979915225543,989.9988479085459
513,Karin Reece,22327096,1,01:54:30,2025-07-12,2025-07-12,1.3515305940424245,813,533,803,804,836,801,821,821,816,809,804,795,805,806,922,726,1,1.0890932149651236,1.3515305940424245,6870.0,0.24683678515188967,0.4291884389034078,0.4291884389034078,0.7078651685393258,0.6966292134831461,0.7078651685393258,1.0890932149651236,0.24683678515188967,0.4291884389034078,0.7078651685393258,0.6966292134831461,0.4291884389034078,1492.4148807174072,18.362825225178533,3.939622865503054,6.5439566286693704,0.4291884389034078,0.7791884389034078,920.5404815772965
514,Julie Lee,24673316,1,01:11:03,2026-03-27,2026-03-27,1.351904753872488,374,534,393,419,482,450,463,409,430,416,435,365,381,424,591,275,1,0.8532826261008807,1.351904753872488,4263.0,-0.32250602430894826,-0.2179969484654386,-0.2179969484654386,0.457286432160804,0.45454545454545453,0.457286432160804,0.8532826261008807,-0.32250602430894826,-0.2179969484654386,0.457286432160804,0.45454545454545453,-0.2179969484654386,1500.4717975794053,24.226956490481868,3.764928335983474,12.932171482531444,-0.2179969484654386,0.13200305153456138,989.9552263971434
515,Sharon Williams,24711891,1,01:06:19,2026-03-27,2026-03-27,1.352816639334535,270,535,313,325,406,369,392,354,373,361,382,256,265,401,586,221,1,0.8105520472601344,1.352816639334535,3979.0,-0.44419814222809434,-0.3431937684747164,-0.3431937684747164,0.4221105527638191,0.41919191919191917,0.4221105527638191,0.8105520472601344,-0.44419814222809434,-0.3431937684747164,0.4221105527638191,0.41919191919191917,-0.3431937684747164,1501.035598927983,24.361290078354823,3.7666032005696293,13.061480476645936,-0.3431937684747164,0.00680623152528359,1003.6493431102707
516,Erin Walker,21184050,1,01:09:02,2026-03-27,2026-03-27,1.3540302901126038,159,536,223,241,300,281,322,276,292,279,295,172,186,347,520,154,1,0.7637838834593399,1.3540302901126038,4142.0,-0.5482005500564208,-0.48397724694218625,-0.48397724694218625,0.375,0.37185929648241206,0.375,0.7637838834593399,-0.5482005500564208,-0.48397724694218625,0.375,0.37185929648241206,-0.48397724694218625,1502.6095759657087,25.65051267449974,3.7655010230561294,14.354009605331353,-0.48397724694218625,-0.13397724694218627,1018.8972320787534
517,Deanna OMara,21111122,7,01:36:12,2025-04-12,2025-11-01,1.3546949339217438,887,449,896,854,776,849,781,899,842,902,845,905,877,1177,526,975,7,1.1161368736407034,1.276239301192917,5772.285714285715,0.393873346466238,0.5329801837263859,0.5240653735819513,0.7211272419075677,0.7176954066110807,0.6390977443609023,1.16229867769737,0.5101888691122048,0.6663794905021454,0.7583049943394111,0.7564875783777066,0.33212956724408893,1479.613026612988,19.10207102797462,1.5933792766785801,14.321933197938879,0.5271855571325035,0.6652677492796154,858.7087797998894
518,Bailey Baleno,22069622,4,01:29:13,2025-04-04,2025-08-09,1.3572395751678834,505,511,460,510,450,538,526,425,480,431,480,421,479,677,374,591,4,0.911928450607516,1.326153931412928,5353.25,-0.2178046153203429,-0.08468560102573296,-0.05599627803341645,0.48818037248344154,0.48259207751599764,0.4307692307692308,0.8998715796974945,-0.2598707446176573,-0.1305687995154317,0.4690344448816316,0.4619991637579988,-0.10621532778698967,1495.0274497231323,23.93003585526202,2.0937873360036656,17.648673847251022,-0.06603754108072722,0.09031439897426703,942.0239017981504
519,Casey Long,23751167,1,01:31:54,2025-11-01,2025-11-01,1.3587901028443456,850,540,848,848,876,846,865,835,830,839,836,837,849,684,799,778,1,1.1200487507617307,1.3587901028443456,5514.0,0.31432000062312004,0.5199112179168023,0.5199112179168023,0.7142857142857143,0.7123287671232876,0.7142857142857143,1.1200487507617307,0.31432000062312004,0.5199112179168023,0.7142857142857143,0.7123287671232876,0.5199112179168023,1494.9190640786644,20.48564865663131,3.769961117695809,9.175765303543882,0.5199112179168023,0.8699112179168023,910.235772905684
520,Austin Hope,22871046,2,02:09:08,2025-04-04,2025-05-24,1.3596911247529635,870,542,857,856,840,853,873,873,870,877,875,827,839,984,746,847,2,1.1376900145971365,1.3596911247529637,7748.5,0.3014946105027902,0.5435166639489879,0.5435166639489879,0.7400472334682862,0.7377344877344878,0.7236842105263158,1.1376900145971365,0.3014946105027902,0.5435166639489879,0.7400472334682862,0.7377344877344878,0.5435166639489879,1489.1658295643308,18.672458243951382,2.87369541539908,10.051371997754142,0.5435166639489879,0.7910040373642795,893.517837753009
521,Cassie VonRueden,23994944,6,01:18:17,2025-05-03,2026-03-27,1.3601590784619837,282,391,261,366,299,366,321,263,341,263,348,250,363,250,259,547,6,0.8735601289395296,1.2099326463481865,4696.833333333333,-0.3497060448246145,-0.2828135492712306,-0.3785578931257533,0.4081422180171727,0.4039697535079771,0.3119266055045872,0.8152448454243901,-0.44970772448892854,-0.4158410275967034,0.36537566034074853,0.36118458948745075,-0.4879195127097328,1505.5785115755282,26.355879228824175,1.698963495629587,21.258988741935415,-0.3450473727766703,-0.13992664760887852,950.6552350593474
522,Samantha Roy,24200885,1,01:19:08,2026-01-25,2026-01-25,1.3617506181930596,776,544,762,765,790,763,786,784,781,787,785,757,770,629,639,663,1,1.0567549521477857,1.3617506181930596,4748.0,0.17285077072352661,0.34165641760441806,0.34165641760441806,0.6767676767676768,0.673469387755102,0.6767676767676768,1.0567549521477857,0.17285077072352661,0.34165641760441806,0.6767676767676768,0.673469387755102,0.34165641760441806,1496.0147985304013,23.458738816851973,3.8038840114252492,12.047086782576226,0.34165641760441806,0.691656417604418,929.9847141912475
523,Joanne Johnson,24261980,2,01:36:34,2025-09-12,2025-11-01,1.3640361709313686,933,546,961,958,935,959,966,1096,1092,1097,1093,1005,1001,1139,942,972,2,1.2360060334434666,1.3640361709313686,5794.5,0.7588515314307187,0.8498729394853832,0.8498729394853832,0.9013605442176871,0.9006849315068493,0.8027210884353742,1.2360060334434666,0.7588515314307187,0.8498729394853832,0.9013605442176871,0.9006849315068493,0.8498729394853832,1483.1904164941304,16.63920956265924,3.5369040670371277,6.028497361547856,0.8498729394853832,1.0973603129006748,859.8676036245046
524,Sara Wilson,23741090,1,02:54:25,2025-04-04,2025-04-04,1.364051094890511,1031,547,1001,997,1016,997,1006,994,991,998,995,1000,996,854,954,958,1,1.364051094890511,1.364051094890511,10465.0,0.7436743155519913,0.9475275262381191,0.9475275262381191,0.8263157894736842,0.8253968253968254,0.8263157894736842,1.364051094890511,0.7436743155519913,0.9475275262381191,0.8263157894736842,0.8253968253968254,0.9475275262381191,1491.5254237288136,17.25067144847291,3.823700636941637,5.779569537648001,0.9475275262381191,1.297527526238119,863.3004989524918
525,Nicholas Ebelhack,21639042,2,01:31:30,2025-04-04,2026-03-27,1.3640944015045982,295,548,330,345,358,389,408,342,362,348,371,298,309,397,388,323,2,0.820213694988849,1.3640944015045982,5490.0,-0.4003980554607812,-0.31154320159867854,-0.31154320159867854,0.41625,0.4132705411876134,0.27,0.820213694988849,-0.4003980554607812,-0.31154320159867854,0.41625,0.4132705411876134,-0.31154320159867854,1501.1671384035592,25.7078852333948,2.8243317032604427,17.234890123613475,-0.31154320159867854,-0.06405582818338695,982.7760380804641
526,Karen Brownlow,21178939,4,01:35:50,2025-04-04,2026-03-27,1.3642901672466483,620,543,590,701,654,712,667,583,697,588,704,554,679,1076,507,788,4,1.0180475221614258,1.361592411550515,5750.5,0.044034422355742675,0.22286795913416702,0.2664460348110066,0.6197935925738473,0.6169971897711624,0.47738693467336685,0.9512368990170739,-0.11492727189714921,0.045395997612998784,0.5560937675377355,0.5533097198336924,0.11448580753999758,1487.4173327296137,20.872228557877957,2.0904655549889712,14.600831892911042,0.25119370832411275,0.397867959134167,907.5875964578446
527,Becky Rogers,22408483,2,01:57:48,2025-07-05,2025-09-27,1.3673181840777386,923,550,959,956,932,957,964,981,978,982,979,1003,1000,1050,849,978,2,1.2207232272651785,1.3673181840777386,7068.5,0.7538524629906792,0.8472059720900759,0.8472059720900759,0.8155722413953922,0.8143262411347518,0.7086092715231788,1.2207232272651785,0.7538524629906792,0.8472059720900759,0.8155722413953922,0.8143262411347518,0.8472059720900759,1488.1004073981665,16.606374593393788,2.8408652647685995,8.08377879908799,0.8472059720900759,1.0946933455053673,858.2920685367211
528,David Telintelo,23765024,3,01:06:02,2025-04-04,2025-11-08,1.3675549157628897,315,416,308,445,415,334,484,285,406,286,411,394,541,404,278,509,3,0.8663104130520457,1.240264543941553,3961.6666666666665,-0.14476827241313525,-0.17932988201529831,-0.5079762082511463,0.44448196359095055,0.4404994432853024,0.1926605504587156,0.8297255078540215,-0.2934704315300054,-0.35262261974589987,0.3815266103078918,0.37667087876027305,-0.17932988201529831,1500.9729303425538,27.811226130184206,2.364323391949191,20.718255954336634,-0.39294999406859954,0.022742712201070714,955.9558448017374
529,Nicole Kunkler,24552661,2,01:23:26,2025-09-27,2026-01-25,1.3675821983730665,866,551,872,870,860,868,884,878,876,882,880,877,882,909,643,863,2,1.1311185568492768,1.3675821983730665,5006.0,0.4219602717913558,0.5821327003079115,0.5821327003079115,0.7434556835965287,0.7412433058329715,0.7394366197183099,1.1311185568492768,0.4219602717913558,0.5821327003079115,0.7434556835965287,0.7412433058329715,0.5821327003079115,1490.4787992760066,20.525189685230814,2.8349459257619585,12.020351907944939,0.5821327003079115,0.8296200737232031,889.3920417555726
530,Ziyi Li,23741356,1,01:21:15,2025-04-04,2025-04-04,1.3687310195380866,611,553,608,620,667,624,644,658,658,668,669,559,569,569,673,487,1,0.9480746791131855,1.3687310195380866,4875.0,-0.11038359072536452,0.07692478432345944,0.07692478432345944,0.5968586387434555,0.5947368421052631,0.5968586387434555,0.9480746791131855,-0.11038359072536452,0.07692478432345944,0.5968586387434555,0.5947368421052631,0.07692478432345944,1497.2727272727273,22.862393145996126,3.7942213017563486,11.47972924072708,0.07692478432345944,0.4269247843234594,958.8306712580732
531,Kristin Williams,24242871,1,01:11:58,2026-03-27,2026-03-27,1.369346640211448,404,554,416,438,499,466,477,416,442,423,447,387,405,432,598,300,1,0.8642914331465172,1.369346640211448,4318.0,-0.2983070729624378,-0.18376097263753408,-0.18376097263753408,0.4623115577889447,0.4595959595959596,0.4623115577889447,0.8642914331465172,-0.2983070729624378,-0.18376097263753408,0.4623115577889447,0.4595959595959596,-0.18376097263753408,1500.3427653213407,24.11530186430924,3.765028445448856,12.820216527962673,-0.18376097263753408,0.1662390273624659,986.1185916894972
532,Erin Fisk,22567332,1,01:12:00,2026-03-27,2026-03-27,1.3699808906237738,406,555,418,441,501,468,479,423,448,434,455,388,406,434,602,302,1,0.8646917534027222,1.3699808906237738,4320.0,-0.29742711109529196,-0.1825242600534118,-0.1825242600534118,0.46733668341708545,0.46464646464646464,0.46733668341708545,0.8646917534027222,-0.29742711109529196,-0.1825242600534118,0.46733668341708545,0.46464646464646464,-0.1825242600534118,1500.2137330632763,24.003449100995255,3.765110457272799,12.708117729176857,-0.1825242600534118,0.16747573994658818,986.076872254886
533,Jennifer Malone,24239964,1,01:12:02,2026-03-27,2026-03-27,1.3706151410360996,409,556,421,443,504,470,482,434,457,444,462,390,408,436,612,303,1,0.8650920736589272,1.3706151410360996,4322.0,-0.2965471492281461,-0.1812881198889269,-0.1812881198889269,0.4723618090452261,0.4696969696969697,0.4723618090452261,0.8650920736589272,-0.2965471492281461,-0.1812881198889269,0.4723618090452261,0.4696969696969697,-0.1812881198889269,1500.0847008052117,23.891372756628723,3.765174212338359,12.595850119613646,-0.1812881198889269,0.16871188011107308,986.035218648533
534,Dani Gurevitch,24701677,2,01:22:56,2025-04-26,2026-03-27,1.3715833759163687,495,557,480,496,487,517,527,544,561,544,563,454,475,638,561,454,2,0.895204053820884,1.3715833759163687,4976.5,-0.22377594338278806,-0.1056950997080296,-0.1056950997080296,0.537051282051282,0.5294098698621312,0.51,0.895204053820884,-0.22377594338278806,-0.1056950997080296,0.537051282051282,0.5294098698621312,-0.1056950997080296,1495.8674729948455,22.094766000197883,2.8851231759356777,13.43939647239085,-0.1056950997080296,0.141792273707262,963.9035063630396
535,Grace Barrios,24506329,1,01:56:15,2025-07-12,2025-07-12,1.3721871751740773,832,558,827,828,855,827,843,860,857,853,851,821,835,856,981,756,1,1.10573874445149,1.3721871751740773,6975.0,0.2929539781073139,0.4751065329235694,0.4751065329235694,0.7303370786516854,0.7191011235955056,0.7303370786516854,1.10573874445149,0.2929539781073139,0.4751065329235694,0.7303370786516854,0.7191011235955056,0.4751065329235694,1491.4548807174071,17.11518581552201,3.966786747291791,5.214825573646639,0.4751065329235694,0.8251065329235694,915.7093389672251
536,Melissa Martin,20720301,10,01:25:59,2025-04-04,2026-03-27,1.3722031231645526,558,346,528,588,488,605,453,546,570,553,578,487,579,752,297,822,10,0.9563648625917714,1.1725683964389206,5159.1,-0.10334149862085944,0.035418757073940356,0.053609390195640615,0.5404686538366301,0.5368542546882553,0.4057971014492754,0.9246874218168932,-0.17600929399240753,-0.03137263871278288,0.5374022848189295,0.5343192065128476,-0.23470505933600708,1493.5354758688538,23.730829983808366,1.3347788632734678,19.726493393987962,0.047242668603045525,0.14609847517983363,900.1164504175395
537,Maggie Horne,23743070,4,01:29:41,2025-04-04,2026-03-27,1.37528446926421,425,595,420,488,433,516,488,436,493,441,495,393,454,755,390,574,4,0.891296388935968,1.4187617216213473,5380.75,-0.2484892161191643,-0.11457223763713503,-0.10344997238870887,0.49487043372520345,0.4897724161852588,0.4321608040201005,0.870296011020687,-0.29535691075014614,-0.18196315917042238,0.4729570568316779,0.4683710565774779,-0.17135883008807853,1493.5036988132506,23.42861327547448,2.0890321671638197,17.16151677398302,-0.10734276522565803,0.060427762362864956,945.488696473479
538,Cindy Lindberg,21162467,1,01:37:36,2025-04-12,2025-04-12,1.37749327996011,985,559,1061,1057,1068,1059,1063,1083,1078,1083,1079,1084,1080,899,985,1033,1,1.2996005326231692,1.37749327996011,5856.0,1.1036572690244588,1.1709477785394224,1.1709477785394224,0.8897058823529411,0.8888888888888888,0.8897058823529411,1.2996005326231692,1.1036572690244588,1.1709477785394224,0.8897058823529411,0.8888888888888888,1.1709477785394224,1490.7161917544665,16.659455473041554,3.836210688872381,5.150823406424411,1.1709477785394224,1.5209477785394223,838.8749717954271
539,Rachel Wood,21564197,2,01:23:24,2025-04-26,2026-03-27,1.377638028412573,526,560,487,502,492,522,533,534,549,533,552,441,462,634,568,460,2,0.910877391830038,1.3776380284125733,5004.0,-0.24104889999462897,-0.09723524241713781,-0.09723524241713781,0.5305373018940858,0.5229215229215229,0.5226130653266332,0.910877391830038,-0.24104889999462897,-0.09723524241713781,0.5305373018940858,0.5229215229215229,-0.09723524241713781,1495.9936451756,21.964644184195127,2.8820506263492742,13.318492305147304,-0.09723524241713782,0.15025213099815377,963.1828840811197
540,Angela Ott,22730960,3,01:43:15,2025-05-03,2026-03-27,1.377775188036705,700,504,684,749,718,720,766,684,733,693,737,691,777,888,536,795,3,1.0361820090092848,1.319328939889518,6194.666666666667,0.18260766597411685,0.31169854903663297,0.23256996200267346,0.640663413500639,0.6384721587736663,0.51,0.9961573439319591,0.06506059537482756,0.20033787323765753,0.6079975601254792,0.6057385411908025,0.31169854903663297,1490.9526842250611,21.115358326074684,2.347067543046035,14.074155696936579,0.2602649674645593,0.513771143253002,905.834364221591
541,Joni Sliger,23764835,1,01:21:57,2025-04-04,2025-04-04,1.3805231637064148,632,561,628,636,682,641,658,683,681,692,692,573,591,576,684,505,1,0.956242707117853,1.3805231637064148,4917.0,-0.09301987982474538,0.09887938380786723,0.09887938380786723,0.6073298429319371,0.6052631578947368,0.6073298429319371,0.956242707117853,-0.09301987982474538,0.09887938380786723,0.6073298429319371,0.6052631578947368,0.09887938380786723,1497.0,22.641703241672996,3.7946574929788364,11.257730762736486,0.09887938380786723,0.4488793838078672,956.5153164011359
542,Gabby Melli,23745094,2,01:50:26,2025-04-04,2026-03-27,1.3814686280493265,749,562,736,745,734,741,762,755,751,761,756,695,702,809,676,735,2,1.0320685854959373,1.3814686280493265,6626.0,0.07124247920838761,0.3011060061056138,0.3011060061056138,0.6571052631578947,0.6553401930286353,0.63,1.0320685854959373,0.07124247920838761,0.3011060061056138,0.6571052631578947,0.6553401930286353,0.3011060061056138,1492.372873115003,19.94940411820792,2.826616194436502,11.469555534898413,0.3011060061056138,0.5485933795209054,919.5213791944707
543,Megan Chung,22755027,3,01:02:39,2025-09-17,2026-03-27,1.3817848720427093,464,606,482,610,565,370,635,447,571,452,576,585,725,800,395,666,3,0.9374767142940988,1.4355262032521388,3758.6666666666665,0.10388204510779453,0.06651086382668225,-0.5630569032325524,0.5406879358030462,0.5356275937671287,0.2964824120603015,0.8859349954883476,-0.0795877536957284,-0.10262794455118299,0.4796365548673601,0.47495301855766975,0.06651086382668225,1492.5082514382223,25.117398128679664,2.7011171513011063,17.014046674776345,-0.3427081847618203,0.2685834580430513,929.7605962619414
544,Janna Goodrich,21921863,2,01:02:58,2025-11-08,2026-01-25,1.381866495235668,161,563,113,135,135,156,203,119,132,122,139,116,129,210,245,115,2,0.7647053828490011,1.381866495235668,3778.0,-0.6548747999740875,-0.7219700725877656,-0.7219700725877656,0.2602631822815309,0.25311791383219956,0.14678899082568808,0.7647053828490011,-0.6548747999740875,-0.7219700725877656,0.2602631822815309,0.25311791383219956,-0.7219700725877656,1508.1892526002441,30.558574763011485,2.8574548687030017,21.98621015690248,-0.7219700725877656,-0.474482699172474,1027.5109080607228
545,Lovesong Cahill,23751344,2,01:53:50,2025-04-04,2026-03-27,1.3818677720311787,783,564,761,764,748,762,785,758,754,764,760,725,737,846,682,763,2,1.0622873577525989,1.3818677720311787,6830.0,0.12050434615979252,0.33695758195053443,0.33695758195053443,0.6599973551970377,0.6582491582491583,0.5778894472361809,1.0622873577525989,0.12050434615979252,0.33695758195053443,0.6599973551970377,0.6582491582491583,0.33695758195053443,1491.6919921646474,19.79345548557252,2.8286169375053,11.30760467305662,0.33695758195053443,0.584444955365826,914.3562369170284
546,Ashley Willard,21090776,6,01:23:48,2025-04-04,2026-03-27,1.3820431498037553,635,433,621,649,564,636,551,642,639,653,649,588,632,826,381,797,6,0.9841570814628514,1.26346209394317,5028.166666666667,-0.029348901029154207,0.12479048819315601,0.07700047792995642,0.5843094698564139,0.5816830534450165,0.4105960264900662,0.9564513076049033,-0.07655388402237137,0.0859646207190976,0.5898113000524964,0.5873731454572177,-0.05494123555747363,1492.0538615913742,22.565461088402746,1.6946823184282405,17.481414133118022,0.09372698152207627,0.2676773898555081,905.7541591706524
547,Corey Hasty,23751377,1,01:07:46,2026-03-27,2026-03-27,1.3823956912626842,310,565,344,363,437,405,419,379,396,385,402,293,307,418,601,235,1,0.8282745976777348,1.3823956912626842,4066.0,-0.4026441224712726,-0.28709098424781804,-0.28709098424781804,0.4371859296482412,0.43434343434343436,0.4371859296482412,0.8282745976777348,-0.4026441224712726,-0.28709098424781804,0.4371859296482412,0.43434343434343436,-0.28709098424781804,1500.6378088727345,24.01107676363638,3.7664672738599543,12.711674942056518,-0.28709098424781804,0.06290901575218194,997.4990304618658
548,Betha Maust,21554245,2,01:55:32,2025-04-04,2025-06-20,1.3846921332646178,647,566,641,647,624,656,672,692,690,664,666,583,598,768,647,606,2,0.9613747984716552,1.3846921332646178,6932.0,-0.08073057847040728,0.11891493551282116,0.11891493551282116,0.6152734778121776,0.5941255006675568,0.5736842105263158,0.9613747984716552,-0.08073057847040728,0.11891493551282116,0.6152734778121776,0.5941255006675568,0.11891493551282116,1493.1343805123963,20.52881479671332,2.8608224366028168,11.94634748690487,0.11891493551282117,0.36640230892811276,939.3470365231681
549,Sue Kroger,18374624,2,01:07:46,2025-08-03,2026-03-27,1.386319458685045,111,567,217,233,241,269,312,257,273,251,268,179,195,305,389,216,2,0.7410549708130865,1.386319458685045,4065.5,-0.5356519947755464,-0.4997151888070701,-0.4997151888070701,0.36400943396226415,0.3557209122535756,0.2830188679245283,0.7410549708130865,-0.5356519947755464,-0.4997151888070701,0.36400943396226415,0.3557209122535756,-0.4997151888070701,1503.8698698658602,25.86902631405009,2.8825908393543243,17.221253795987117,-0.4997151888070701,-0.2522278153917785,1004.6761939679197
550,Molly Smith,24675800,1,01:10:46,2026-03-27,2026-03-27,1.388028153505098,199,568,259,279,351,317,353,282,301,287,306,207,218,353,531,183,1,0.7829614604462475,1.388028153505098,4246.0,-0.5036940260861883,-0.4206624707583901,-0.4206624707583901,0.38,0.3768844221105528,0.38,0.7829614604462475,-0.5036940260861883,-0.4206624707583901,0.38,0.3768844221105528,-0.4206624707583901,1502.478428424725,25.53247771092112,3.7653611394493858,14.236394292572964,-0.42066247075839003,-0.0706624707583901,1011.7160328176168
551,Mat Murillo,23526167,2,01:33:22,2025-04-04,2026-03-27,1.3882237539887288,441,569,467,483,473,504,515,466,483,474,490,429,445,498,465,444,2,0.8768813793172903,1.3882237539887288,5601.5,-0.25317422548744606,-0.12508912256792837,-0.12508912256792837,0.4894262981574539,0.4868052250251203,0.4371859296482412,0.8768813793172903,-0.25317422548744606,-0.12508912256792837,0.4894262981574539,0.4868052250251203,-0.12508912256792837,1498.7133887031976,23.947381195209722,2.822228547892814,15.48069555153128,-0.12508912256792837,0.12239825084736322,964.6775375848928
552,Lydia Osner,21974641,2,01:16:04,2025-04-04,2026-03-27,1.3894913506488582,402,570,435,454,445,481,493,462,481,470,487,384,401,451,471,398,2,0.8641142897061818,1.3894913506488582,4564.5,-0.30224031674880747,-0.16462685528105936,-0.16462685528105936,0.4883376963350785,0.4857048399894208,0.4816753926701571,0.8641142897061818,-0.30224031674880747,-0.16462685528105936,0.4883376963350785,0.4857048399894208,-0.16462685528105936,1499.7526206670316,23.864294613828584,2.821710304111301,15.39916370149468,-0.16462685528105936,0.08286051813423223,970.1141661073411
553,Kaylie McConnell,24718512,1,01:08:08,2026-03-27,2026-03-27,1.389875451520377,324,571,352,375,443,413,430,382,400,389,407,306,317,423,611,242,1,0.832756162151151,1.389875451520377,4088.0,-0.3921362094293177,-0.2730942309669142,-0.2730942309669142,0.44221105527638194,0.4393939393939394,0.44221105527638194,0.832756162151151,-0.3921362094293177,-0.2730942309669142,0.44221105527638194,0.4393939393939394,-0.2730942309669142,1500.5052121876515,23.89716168569076,3.7664383044942134,12.597846772208122,-0.2730942309669142,0.07690576903308577,995.9899063471247
554,Hector Morales,24129819,1,01:08:11,2026-03-27,2026-03-27,1.3908954188282443,325,572,353,376,444,415,431,394,414,399,421,307,318,431,618,244,1,0.8333672845793441,1.3908954188282443,4091.0,-0.3907033121963238,-0.2711914213141467,-0.2711914213141467,0.4472361809045226,0.4444444444444444,0.4472361809045226,0.8333672845793441,-0.3907033121963238,-0.2711914213141467,0.4472361809045226,0.4444444444444444,-0.2711914213141467,1500.3726155025688,23.782991744283787,3.766390404641688,12.483820530358724,-0.2711914213141467,0.07880857868585328,995.8715857496193
555,Bridget Flatley,21903766,2,01:54:18,2025-04-04,2025-06-20,1.3927791749182212,625,573,630,638,612,646,660,670,668,639,642,576,593,727,625,597,2,0.9538606193413341,1.3927791749182212,6858.0,-0.08989520387714656,0.10108163957153943,0.10108163957153943,0.6013931888544892,0.5796617712505563,0.5263157894736842,0.9538606193413341,-0.08989520387714656,0.10108163957153943,0.6013931888544892,0.5796617712505563,0.10108163957153943,1494.0633895701453,20.86143426646439,2.862647054258655,12.273493103688425,0.10108163957153943,0.348569012986831,940.4504971353628
556,Angela Guglielmino,22862625,3,01:06:02,2025-08-03,2026-03-27,1.3940270869816482,101,628,167,201,193,264,288,193,232,200,234,137,166,290,294,228,3,0.7383630609552729,1.4623888186853515,3962.0,-0.5797649813854533,-0.5443191526657072,-0.48425067753464685,0.33608084655775944,0.3291523291523291,0.271356783919598,0.7318635566657316,-0.6034279771213666,-0.5777704639517289,0.31989983089821905,0.3137834387834388,-0.5443191526657072,1504.318488961984,27.05741041407014,2.392912476937758,19.878672983256866,-0.505274643830518,-0.34224655844933816,999.503535595752
557,Karen Chandran,20627442,2,01:20:04,2025-04-04,2025-08-16,1.396030893015971,351,576,386,413,413,441,457,398,421,400,422,354,367,463,437,366,2,0.8435764694714483,1.396030893015971,4804.5,-0.34598181163443936,-0.22717827267045912,-0.22717827267045912,0.4500917930237302,0.4447368421052631,0.37662337662337664,0.8435764694714483,-0.34598181163443936,-0.22717827267045912,0.4500917930237302,0.4447368421052631,-0.22717827267045912,1499.5485380975922,24.63851618155698,2.8673271217784997,16.036534816221483,-0.22717827267045912,0.02030910074483247,975.2065387861866
558,Judy Chen,23764848,1,02:58:34,2025-04-04,2025-04-04,1.3965067778936393,1049,577,1020,1013,1031,1013,1023,1022,1016,1025,1020,1019,1017,871,972,980,1,1.3965067778936393,1.3965067778936393,10714.0,0.8099739591511483,1.0019636193833772,1.0019636193833772,0.8473684210526315,0.8465608465608465,0.8473684210526315,1.3965067778936393,0.8099739591511483,1.0019636193833772,0.8473684210526315,0.8465608465608465,1.0019636193833772,1491.2542372881355,16.881013461583546,3.827633148205591,5.3981140169667725,1.0019636193833772,1.351963619383377,857.4614008723661
559,Melissa Springer,24700037,1,01:11:14,2026-03-27,2026-03-27,1.3971814244184615,213,578,272,289,369,327,362,299,314,307,320,217,230,363,538,192,1,0.7881246542504149,1.3971814244184615,4274.0,-0.491711500401895,-0.40388108182799565,-0.40388108182799565,0.39,0.3869346733668342,0.39,0.7881246542504149,-0.491711500401895,-0.40388108182799565,0.39,0.3869346733668342,-0.40388108182799565,1502.2161333427578,25.30014436261887,3.7650698655568973,14.004934765948178,-0.40388108182799565,-0.05388108182799567,1009.9861730906213
560,Michelle Malcom,22816351,8,01:26:13,2025-04-12,2026-03-27,1.3978691597385262,691,398,662,698,604,677,593,657,678,666,687,639,703,1080,376,866,8,1.0130089242871392,1.2234283621737507,5172.625,0.07165117923231859,0.21524723659499742,0.13529933327165322,0.6056804475686042,0.6027070526606776,0.4966887417218543,0.9881132188449988,-0.017788018236533806,0.15484051133173143,0.5966899622616623,0.5942568601422543,0.012309309925845368,1486.9287294024803,22.044040973179477,1.4826210075474644,17.596177950537083,0.1632810994348237,0.33899092330264324,888.2774824192446
561,Ashley Rudolph,24716239,1,01:07:52,2026-03-27,2026-03-27,1.4018690297344032,278,580,363,383,452,421,437,413,437,419,442,373,388,417,594,248,1,0.8140743702518992,1.4018690297344032,4072.0,-0.31356517338472084,-0.25905233754147977,-0.25905233754147977,0.46,0.457286432160804,0.46,0.8140743702518992,-0.31356517338472084,-0.25905233754147977,0.46,0.457286432160804,-0.25905233754147977,1500.6390401405945,24.198634904056437,3.7655243376410095,12.902061891133409,-0.25905233754147977,0.0909476624585202,994.7308674976722
562,Rachel DiDonna,21861742,4,01:46:39,2025-04-04,2025-08-02,1.4030074686524312,877,626,885,895,866,889,842,894,888,897,889,895,912,1137,668,976,4,1.1560705452427804,1.4610136302016388,6399.25,0.5218178333567979,0.6643656463413472,0.6412022106396694,0.7539860769712743,0.7521698028369199,0.5677083333333334,1.1461152127613157,0.48121346552703537,0.629535515701253,0.7551981666907653,0.7533366818960469,0.47426328223924646,1483.2332046249521,17.77648588715803,2.0863432019515376,11.517456281303419,0.6493094131352566,0.8393656463413472,858.6217904022182
563,Susanne Riehemann,18931372,1,00:58:06,2025-11-15,2025-11-15,1.4031591873796794,19,581,57,69,93,76,120,65,72,71,82,57,66,241,289,35,1,0.6227224008574491,1.4031591873796794,3486.0,-0.899203455163063,-1.0508126909947708,-1.0508126909947708,0.16483516483516483,0.15934065934065933,0.16483516483516483,0.6227224008574491,-0.899203455163063,-1.0508126909947708,0.16483516483516483,0.15934065934065933,-1.0508126909947708,1505.9233198169416,31.542733109995886,3.8017808223133596,20.13739064305581,-1.0508126909947708,-0.7008126909947708,1079.880011441504
564,Megan Barwegen,23763890,2,01:17:16,2025-04-04,2026-03-27,1.4033125112256133,443,582,465,481,472,502,513,504,514,511,523,411,426,521,486,441,2,0.8792573594769328,1.4033125112256135,4635.5,-0.2748120265458862,-0.12706605597012452,-0.12706605597012452,0.5108115183246074,0.5083046813012431,0.43,0.8792573594769328,-0.2748120265458862,-0.12706605597012452,0.5108115183246074,0.5083046813012431,-0.12706605597012452,1498.2977888753667,23.549661748103183,2.8218212437116392,15.084198016968266,-0.12706605597012452,0.12042131744516707,964.7611663331805
565,Patty Horn,23971260,1,01:21:34,2026-01-25,2026-01-25,1.4036241628973956,814,583,810,811,843,808,827,803,798,804,799,811,822,651,670,744,1,1.08924994435789,1.4036241628973956,4894.0,0.2718163100397418,0.4443082013190578,0.4443082013190578,0.696969696969697,0.6938775510204082,0.696969696969697,1.08924994435789,0.2718163100397418,0.4443082013190578,0.696969696969697,0.6938775510204082,0.4443082013190578,1495.525002612034,22.93275502924226,3.8074788335176466,11.510318528689318,0.4443082013190578,0.7943082013190578,918.5837994681043
566,Karen Gwilliam,22323970,3,01:12:22,2025-04-04,2025-10-11,1.403697006126392,320,437,369,523,489,220,550,318,439,319,438,589,744,370,290,592,3,0.8691901769540363,1.2659879579548834,4341.666666666667,0.1285308840551824,-0.055693078335300204,-0.8446351950889738,0.46135174418604646,0.45601806671247386,0.203125,0.8321763900540791,-0.07531475451379122,-0.2529286075237186,0.40124636627906973,0.3943391314297043,-0.05569307833530024,1502.0533806175445,27.249856217889032,2.391071314003504,20.07664227587852,-0.5685054542251881,0.14637951588106882,941.9469013693633
567,Anna Claire Bolton,24719202,1,01:12:41,2025-04-18,2025-04-18,1.4044266500552625,32,585,21,24,33,24,42,66,73,1,1,13,6,1224,1224,7,1,0.6594586420686527,1.4044266500552625,4361.0,-1.4496736236909786,-1.5433776204418923,-1.5433776204418923,0.16666666666666666,0.0,0.16666666666666666,0.6594586420686527,-1.4496736236909786,-1.5433776204418923,0.16666666666666666,0.0,-1.5433776204418923,,,,,-1.5433776204418923,-1.1933776204418924,1136.561608364553
568,Kabao Lor,23758517,3,01:14:24,2025-04-04,2026-03-27,1.4046904713020556,533,539,532,537,508,557,567,595,602,603,606,486,511,597,410,570,3,0.9163027944624762,1.3570888267773196,4464.0,-0.17816220285640685,-0.031186972526930642,-0.019356390014846975,0.5583695594690359,0.5553556360391286,0.5445026178010471,0.9118872317924789,-0.17635755077296467,-0.028229326898909723,0.5612771696017769,0.5584765260243214,-0.031186972526930642,1496.6926006709336,23.6704009714065,2.3539298247478815,16.608611497162855,-0.02349709389407626,0.17088562168943838,945.9562515574219
569,Emily Hohman,18514330,1,01:23:27,2025-04-04,2025-04-04,1.405792044067118,675,586,656,665,709,671,691,725,723,730,728,610,614,612,713,539,1,0.9737456242707118,1.405792044067118,5007.0,-0.05581192789484723,0.14530018483910342,0.14530018483910342,0.6335078534031413,0.631578947368421,0.6335078534031413,0.9737456242707118,-0.05581192789484723,0.14530018483910342,0.6335078534031413,0.631578947368421,0.14530018483910342,1496.3181818181818,22.08030303136975,3.7959791621341834,10.692365544967199,0.14530018483910342,0.49530018483910343,951.7004844919678
570,Tony Chou,23764841,1,03:00:00,2025-04-04,2025-04-04,1.407716371220021,1056,587,1024,1018,1037,1017,1028,1038,1028,1041,1033,1028,1023,881,982,988,1,1.407716371220021,1.407716371220021,10800.0,0.8328726312376042,1.020471327454878,1.020471327454878,0.8552631578947368,0.8544973544973545,0.8552631578947368,1.407716371220021,0.8328726312376042,1.020471327454878,0.8552631578947368,0.8544973544973545,1.020471327454878,1491.1186440677966,16.688467988595423,3.8298262353326726,5.198989282597406,1.020471327454878,1.370471327454878,855.4909091809857
571,Michelle Parsons,21553962,4,01:39:52,2025-04-04,2026-01-25,1.4083977124277651,757,495,748,728,680,726,710,761,724,753,717,742,724,930,483,811,4,1.0195593494927202,1.313935048832446,5991.75,0.1026693841039748,0.27247784043388185,0.27314956457369544,0.6345953453151596,0.6237336410066717,0.5657894736842105,1.0411827346928286,0.15194467367294617,0.3238160662645223,0.6611033767574015,0.6501392790194526,0.19327754468801905,1490.010403757979,21.445682818554985,2.0742995421216595,15.222784192190007,0.2729144611247607,0.44747784043388183,903.6505108885942
572,Meg Craig,21873336,2,01:53:22,2025-04-04,2026-03-27,1.4085770107073523,788,589,777,776,762,777,799,774,770,775,772,736,751,850,691,771,2,1.0693039013911374,1.4085770107073528,6802.5,0.1437248853760847,0.3692460844083232,0.3692460844083232,0.6669399629727586,0.6652236652236652,0.6180904522613065,1.0693039013911374,0.1437248853760847,0.3692460844083232,0.6669399629727586,0.6652236652236652,0.3692460844083232,1491.6032572276058,19.60344671931805,2.8281011169037917,11.119143368606675,0.3692460844083232,0.6167334578236148,911.4470792348851
573,Sami Heathcote,22818857,3,01:35:54,2025-04-04,2026-03-27,1.4101777907896855,290,618,294,364,337,261,421,292,365,292,363,254,334,465,367,403,3,0.8495217013046993,1.453084411762603,5753.666666666667,-0.3820868943372904,-0.28613225499340195,-0.6246234102136038,0.4179820261437908,0.4094536471891515,0.24019607843137256,0.8178530591243847,-0.4473663859627259,-0.3707550437984524,0.3872365196078431,0.3799545569999039,-0.28613225499340195,1499.5112675683993,24.945378787166245,2.365878706803136,17.847742666756837,-0.5061515058865331,-0.08405966077703292,969.1888282536725
574,Karina pareja,21973975,1,01:14:07,2026-03-27,2026-03-27,1.4102557918064635,477,590,481,497,549,518,528,458,477,466,485,440,461,454,626,349,1,0.8901120896717374,1.4102557918064635,4447.0,-0.2415495325315315,-0.10514312923253089,-0.10514312923253089,0.48743718592964824,0.48484848484848486,0.48743718592964824,0.8901120896717374,-0.2415495325315315,-0.10514312923253089,0.48743718592964824,0.48484848484848486,-0.10514312923253089,1499.6976040310183,23.555984198916423,3.7653659206701384,12.259886436906008,-0.10514312923253089,0.2448568707674691,977.580052260736
575,Erin Cherry,23764760,5,01:26:55,2025-04-04,2026-03-27,1.4135070336158042,342,528,389,455,399,443,396,410,472,415,476,382,424,719,365,585,5,0.8661250454669464,1.3463127446869705,5215.4,-0.27580933270621577,-0.16382725626847608,-0.2548866849925481,0.48493207250415493,0.4794725249998909,0.3246753246753247,0.8404765273737199,-0.30407755937904396,-0.21901923001368073,0.4591246268034026,0.4542757469109187,-0.3351046602468902,1494.184880870585,23.543242788196512,1.8905976611480166,17.871449804752462,-0.2230158849391229,-0.007302497843490824,942.6220595413994
576,Stephanie Arduini,24802097,1,01:22:11,2026-01-25,2026-01-25,1.4142359516238368,823,591,821,820,852,820,835,839,834,843,840,823,837,676,700,755,1,1.097484976630314,1.4142359516238368,4931.0,0.2968966179486457,0.46983631906332735,0.46983631906332735,0.7171717171717171,0.7142857142857143,0.7171717171717171,1.097484976630314,0.2968966179486457,0.46983631906332735,0.7171717171717171,0.7142857142857143,0.46983631906332735,1495.0352066936666,22.38607035844729,3.810674277649899,10.954047525497593,0.46983631906332735,0.8198363190633273,916.0521063315535
577,Luanne Hill,21691159,2,01:18:50,2025-04-04,2026-03-27,1.4143434310131062,580,592,574,579,571,589,609,601,610,609,617,522,542,592,535,555,2,0.9332931144604522,1.4143434310131062,4729.5,-0.14354377256889056,0.029631614274012296,0.029631614274012296,0.5665368728459049,0.564300903774588,0.5602094240837696,0.9332931144604522,-0.14354377256889056,0.029631614274012296,0.5665368728459049,0.564300903774588,0.029631614274012296,1496.7795655539535,22.550525180982852,2.822679270335975,14.082487369974928,0.029631614274012296,0.2771189876893039,949.3451227367801
578,Daniela Spano,22704976,5,01:43:39,2025-04-12,2025-11-01,1.4154400550758148,921,502,949,914,882,928,891,978,918,979,925,959,936,1170,616,1012,5,1.1825959988413852,1.317446838281314,6219.0,0.5965040191385083,0.732569280449263,0.8119721870295518,0.7775689076213699,0.7759782199729737,0.6691176470588235,1.2194877598383993,0.6562547731372743,0.8163566217979447,0.814697846892035,0.8134033997067733,0.6167635195952635,1480.8850330509742,18.102691222028323,1.8556738080426187,12.535669797900468,0.7841811697264507,0.8890940388742482,846.4253042665293
579,Lauren Mecca,21907039,4,01:49:23,2025-05-03,2025-09-27,1.416790222786584,964,584,1034,1029,988,1036,981,1046,1027,1049,1029,1062,1063,1194,811,1075,4,1.28052326245853,1.4043497026797587,6563.25,1.0102223552202283,1.0491048864836552,1.0988667176695155,0.8550748941819222,0.8540893492231859,0.7152317880794702,1.2767068724626287,0.9864883683695354,1.048301273011671,0.8610987508107155,0.860143507830536,0.8832375992553247,1476.8087463987865,15.211165657179823,2.0790608110888553,8.973983223913256,1.0814500767544644,1.2241048864836552,817.3272468807755
580,Gretchen Steen,22344686,1,01:09:29,2026-03-27,2026-03-27,1.4174145688327917,367,593,387,414,475,444,458,412,436,418,441,349,362,444,634,271,1,0.8492564677123651,1.4174145688327917,4169.0,-0.35344798413848366,-0.22220206369487086,-0.22220206369487086,0.45979899497487436,0.45707070707070707,0.45979899497487436,0.8492564677123651,-0.35344798413848366,-0.22220206369487086,0.45979899497487436,0.45707070707070707,-0.22220206369487086,1499.9748254473202,23.439238068316655,3.766238157649831,12.140523595367162,-0.22220206369487083,0.12779793630512912,990.4890659048096
581,Rachael Schachtler,23764005,1,01:08:41,2026-03-27,2026-03-27,1.4187382788643113,302,594,384,410,471,436,454,428,452,438,458,389,407,429,607,264,1,0.8238704518192723,1.4187382788643113,4121.0,-0.29704399758273015,-0.23004191242685576,-0.23004191242685576,0.47,0.46733668341708545,0.47,0.8238704518192723,-0.29704399758273015,-0.23004191242685576,0.47,0.46733668341708545,-0.23004191242685576,1500.3795806811352,23.958202525787957,3.765696370872939,12.66111341316914,-0.23004191242685573,0.11995808757314422,991.5946686094903
582,Jenna Hickey,24506407,2,01:25:32,2025-07-26,2025-08-16,1.4197419194621514,226,596,268,286,284,323,358,302,316,296,314,225,238,530,459,239,2,0.7954358113595235,1.4197419194621514,5132.0,-0.48272915558980745,-0.40901203072954195,-0.40901203072954195,0.39045736871823833,0.3819659442724458,0.38961038961038963,0.7954358113595235,-0.48272915558980745,-0.40901203072954195,0.39045736871823833,0.3819659442724458,-0.40901203072954195,1498.125323137985,24.32368289583005,2.9077339655350842,15.600480999224796,-0.40901203072954195,-0.16152465731425036,996.3771612227214
583,Holly Winters Deppe,24205900,1,01:14:38,2026-03-27,2026-03-27,1.4200866731975137,496,597,494,509,561,528,539,503,512,508,521,451,472,479,654,361,1,0.8963170536429144,1.4200866731975137,4478.0,-0.22791012359077106,-0.08659042625140885,-0.08659042625140885,0.5100502512562815,0.5075757575757576,0.5100502512562815,0.8963170536429144,-0.22791012359077106,-0.08659042625140885,0.5100502512562815,0.5075757575757576,-0.08659042625140885,1499.18147499876,23.113793440843978,3.765741063808801,11.816570249417573,-0.08659042625140885,0.26340957374859114,975.8987527244395
584,Megan Royden,23751210,4,01:39:26,2025-04-04,2025-08-16,1.4201445996917796,557,425,534,596,537,622,552,523,578,526,587,490,578,796,425,685,4,0.9540190687707015,1.2517237267091,5966.25,-0.10498477132136083,0.046452028738847954,0.09048553196577785,0.547500744869166,0.5428517632465001,0.44871794871794873,0.9246487845911169,-0.17270110924855106,-0.025144899589793993,0.5246453108295213,0.519054897344371,-0.054704709582639975,1492.6199656763288,22.522140486886087,2.086019926846564,16.264080706346398,0.0750738058363524,0.22145202873884795,927.302048734198
585,Noelle Marshall,17731892,3,01:19:11,2025-04-04,2026-03-27,1.4204219389750672,225,632,250,256,240,333,334,274,268,276,270,242,251,317,330,276,3,0.7884867878091258,1.4668339743340366,4751.333333333333,-0.46404038219285965,-0.454840053507872,-0.36152396515312674,0.3615958231524596,0.3573548163425999,0.30275229357798167,0.7935268202403511,-0.45318572976857197,-0.43150215910719136,0.3729556613341939,0.369026213267051,-0.454840053507872,1503.462811811788,25.966359901306188,2.3646753562902454,18.87233383243545,-0.39418459607728756,-0.25276745929150296,989.8413493857687
586,Katie Everson,19556372,4,01:28:23,2025-04-04,2026-03-27,1.4229597098900704,569,622,543,556,512,580,554,555,572,560,581,508,535,735,397,652,4,0.9367662612323565,1.458270377853226,5303.0,-0.1492474946201816,0.0019920746676548896,0.02259140399646007,0.5421962782884666,0.5387892530749674,0.44036697247706424,0.9296689520621175,-0.15958165903685487,-0.011590708097817252,0.5406498116481672,0.5375416580773724,-0.0503696722101498,1493.8910518021883,23.154663267597755,2.0709661967043647,16.941764677484663,0.015381638731378256,0.17699207466765488,932.2479239275674
587,Shirley Jiang,21124700,2,01:31:34,2025-04-04,2026-03-27,1.4234675567790145,396,598,468,484,474,505,516,468,486,477,494,449,469,476,470,436,2,0.863019545850423,1.4234675567790145,5494.5,-0.23306275203910523,-0.12163039071052831,-0.12163039071052831,0.48984375,0.48722670946354807,0.4875,0.863019545850423,-0.23306275203910523,-0.12163039071052831,0.48984375,0.48722670946354807,-0.12163039071052831,1499.2402038321193,23.87970666960651,2.8225296922672496,15.41211759280476,-0.12163039071052831,0.12585698270476328,965.286064828327
588,Erica Foskitt,24212938,1,01:41:10,2025-05-09,2025-05-09,1.4261338589771788,452,599,269,287,364,324,359,485,498,375,397,224,237,742,1066,175,1,0.8817547937245788,1.4261338589771788,6070.0,-0.48305471292612834,-0.407558492110208,-0.407558492110208,0.5,0.42857142857142855,0.5,0.8817547937245788,-0.48305471292612834,-0.407558492110208,0.5,0.42857142857142855,-0.407558492110208,1493.7817827697595,18.164622559843682,5.019438528232051,3.106306975147529,-0.407558492110208,-0.057558492110208026,1012.6090752730757
589,Michael Dickman,21921565,3,01:21:09,2025-04-04,2026-03-27,1.4268048281472834,560,549,515,495,456,591,525,530,510,534,513,463,452,574,443,548,3,0.9124494770851582,1.3664702820959322,4868.666666666667,-0.2507866746298804,-0.10724849494304878,0.10472004203052591,0.5096044504079443,0.503949072370125,0.3333333333333333,0.925170271390972,-0.2095834644673181,-0.05425636069965511,0.5279319810220386,0.523163824479614,-0.10724849494304878,1497.1528283671314,22.999973537432695,2.382680500028981,15.851932037345751,0.03053105408977478,0.09482409927332025,950.479940945921
590,Jessica Norris,22477750,7,01:09:23,2025-04-12,2025-11-08,1.4270821661843414,288,270,207,207,161,211,152,185,246,188,236,211,189,138,201,393,7,0.8376955483252578,1.090191816128541,4163.142857142857,-0.5469647850854586,-0.5339160755208605,-0.610243183301776,0.34623557998062765,0.3293370408255295,0.13245033112582782,0.816884464856048,-0.49985841144625315,-0.5088833979902726,0.31308329083419734,0.30611423651078695,-0.9189276210945692,1514.0569769454812,28.464592436095597,1.6263627756008838,23.585504109292945,-0.5835286955784555,-0.401628509967631,971.2689013486213
591,Gretchen Etzold,21178628,2,01:03:58,2025-11-15,2026-03-27,1.4279870911921426,102,601,150,165,173,196,258,157,170,163,176,127,139,263,325,156,2,0.7324620344649178,1.4279870911921426,3838.0,-0.6330339223709964,-0.6174584798372224,-0.6174584798372224,0.29652382793086307,0.29215229215229216,0.23626373626373626,0.7324620344649178,-0.6330339223709964,-0.6174584798372224,0.29652382793086307,0.29215229215229216,-0.6174584798372224,1505.127937234596,27.447601691477573,2.8222996755515517,18.980702664822918,-0.6174584798372224,-0.36997110642193076,1017.2815698031715
592,Emily Baer,24695683,1,01:09:14,2026-03-27,2026-03-27,1.4300992017477188,317,603,397,424,486,454,466,459,478,468,486,400,416,448,631,277,1,0.83046781287485,1.4300992017477188,4154.0,-0.2859174914303691,-0.21069801283160608,-0.21069801283160608,0.4875,0.4849246231155779,0.4875,0.83046781287485,-0.2859174914303691,-0.21069801283160608,0.4875,0.4849246231155779,-0.21069801283160608,1499.860661762216,23.47870036430359,3.7661660232797933,12.180202294464213,-0.21069801283160608,0.1393019871683939,989.7201201560366
593,Leila Beikmohamadi,22473728,2,01:19:56,2025-04-04,2026-03-27,1.4323366115664733,605,604,598,609,586,612,634,615,622,623,631,550,565,625,544,575,2,0.946195190302378,1.4323366115664733,4796.5,-0.11644210248843803,0.0647366615844877,0.0647366615844877,0.5749164671525165,0.5727272727272728,0.5477386934673367,0.946195190302378,-0.11644210248843803,0.0647366615844877,0.5749164671525165,0.5727272727272728,0.0647366615844877,1496.0803650611226,22.329316560738246,2.822872399284975,13.86069936288332,0.0647366615844877,0.3122240349997793,945.0586276837467
594,Barbara Stekas,22874839,1,01:25:04,2025-04-04,2025-04-04,1.433026281789209,696,605,681,687,733,686,711,739,736,743,740,640,641,628,728,568,1,0.9926098794243484,1.433026281789209,5104.0,-0.015710024148179222,0.1944063384154393,0.1944063384154393,0.643979057591623,0.6421052631578947,0.643979057591623,0.9926098794243484,-0.015710024148179222,0.1944063384154393,0.643979057591623,0.6421052631578947,0.1944063384154393,1496.0454545454545,21.851201636047378,3.7966092722752984,10.461373819221482,0.1944063384154393,0.5444063384154393,946.2627009144588
595,Jamie Kosberg,24675695,2,01:02:21,2025-11-15,2026-03-27,1.4360803888083422,33,607,128,147,150,171,222,133,151,134,151,192,205,230,302,124,2,0.6595180708089863,1.4360803888083422,3741.0,-0.5222739508394411,-0.6791520923069885,-0.6791520923069885,0.27785714285714286,0.2685824958123953,0.27,0.6595180708089863,-0.5222739508394411,-0.6791520923069885,0.27785714285714286,0.2685824958123953,-0.6791520923069885,1507.0450898590411,28.278901661903376,2.9035315096408914,19.568307132980703,-0.6791520923069885,-0.4316647188916969,1025.0510605119198
596,Andrew Paul,21960422,6,00:55:58,2025-04-12,2025-11-15,1.4363659357455594,16,430,56,95,83,113,99,51,86,56,89,83,96,74,114,166,6,0.7182756236994031,1.2566579552242174,3358.1666666666665,-0.7398756960751111,-0.8840095707451736,-0.928996386236596,0.18552533197620638,0.17589215231148278,0.04918032786885246,0.6110929697840447,-0.7524361545244412,-1.056160431091884,0.13798344572007748,0.12429047280907154,-1.1513008457022456,1524.3261217008196,33.12031802760448,1.7765971992034792,27.790526429994046,-0.9132510008145981,-0.7411226690828215,1014.5378519761359
597,Laura Schaefer,23848515,2,01:05:55,2025-11-15,2026-03-27,1.4378559435456424,117,608,163,181,197,212,272,169,179,178,187,151,165,268,309,171,2,0.7453440065378492,1.4378559435456424,3955.0,-0.5812316262364385,-0.5800860254190351,-0.5800860254190351,0.30302611960903414,0.2984515484515484,0.27638190954773867,0.7453440065378492,-0.5812316262364385,-0.5800860254190351,0.30302611960903414,0.2984515484515484,-0.5800860254190351,1504.8440700900815,27.80882997396602,2.8212162673140475,19.345181172023878,-0.5800860254190351,-0.3325986520037435,1013.7861010107599
598,Cory Mainwaring,22861827,2,02:03:36,2025-04-04,2025-06-20,1.4385241950147407,732,609,712,720,714,717,739,744,741,725,722,676,677,878,696,700,2,1.023291703381059,1.4385241950147407,7415.5,0.04254644059857988,0.258106163909894,0.258106163909894,0.6492518059855521,0.6290486080205706,0.6274509803921569,1.023291703381059,0.04254644059857988,0.258106163909894,0.6492518059855521,0.6290486080205706,0.258106163909894,1491.147503830244,19.65736545371076,2.8611682516802066,11.07386069867014,0.258106163909894,0.5055935373251856,924.4153806548214
599,Marissa Salvato,23751282,3,01:22:54,2025-04-04,2026-03-27,1.4404415535068231,222,651,304,346,319,373,409,291,326,299,332,315,347,384,337,371,3,0.8088232028738654,1.4954148058573329,4974.333333333333,-0.36815462236744295,-0.3111362472646264,-0.35784177361867436,0.4002884615384616,0.3964368570119839,0.3475,0.7917933317835477,-0.38544231889385716,-0.35538332798086086,0.3870913461538461,0.3833829191408975,-0.3111362472646264,1501.608379019728,25.776417367546678,2.354320921620832,18.71345460268418,-0.34149483939475755,-0.10906365304825738,974.2103657962359
600,Malorie Okuhara,24201498,1,01:10:37,2026-03-27,2026-03-27,1.4405338278111148,399,611,422,444,505,472,483,452,467,460,478,367,383,461,658,301,1,0.8631085760847423,1.4405338278111148,4237.0,-0.320968980190623,-0.18023551249171868,-0.18023551249171868,0.4824120603015075,0.4797979797979798,0.4824120603015075,0.8631085760847423,-0.320968980190623,-0.18023551249171868,0.4824120603015075,0.4797979797979798,-0.18023551249171868,1499.5770353920716,23.093414929585023,3.766163649119356,11.794923982226955,-0.18023551249171868,0.1697644875082813,986.1151738229796
601,Cleo van der veen,18141626,1,01:55:59,2025-04-04,2025-04-04,1.4425400307663423,532,612,560,565,620,578,592,512,522,518,529,515,533,501,613,442,1,0.9118186582809223,1.4425400307663423,6959.0,-0.152170630504388,0.01131099418799983,0.01131099418799983,0.515625,0.5130890052356021,0.515625,0.9118186582809223,-0.152170630504388,0.01131099418799983,0.515625,0.5130890052356021,0.01131099418799983,1498.6666666666667,23.9660055832824,3.7945967884033083,12.582215218072474,0.01131099418799983,0.36131099418799983,964.7515843487819
602,Soon Kim,22333204,3,01:23:51,2025-04-04,2026-03-27,1.4428824874865571,517,588,505,530,496,514,560,553,585,558,591,456,500,736,491,572,3,0.9190292446318219,1.4081000876850414,5030.666666666667,-0.19241728791415427,-0.04227243158015898,-0.14343561809580122,0.5508007786280037,0.5470895145584381,0.46153846153846156,0.9074629716446206,-0.2181338830977801,-0.06756322820906954,0.5393505839710029,0.5359452766223461,-0.042272431580158996,1493.879649116754,22.06658618071334,2.364570203401056,14.972875570510173,-0.10802850281532643,0.15980016263621005,945.5717962232914
603,Melissa Cody,20533720,3,01:14:53,2025-11-15,2026-03-27,1.444364827827355,360,657,358,469,431,296,505,347,440,353,443,370,490,445,361,526,3,0.889985783722425,1.4992119653671958,4492.666666666667,-0.20904454783702434,-0.1447078063372185,-0.6196142269298245,0.4615610315610316,0.45785310645325006,0.29,0.8479706212142786,-0.3181195602698609,-0.2655013721479158,0.41867077367077365,0.4149978700409426,-0.1447078063372185,1499.9709846671801,25.095421289162566,2.361028112525932,18.01233695158477,-0.45339697972241244,0.05736478787915053,953.9210950895839
604,Jymmi Franzman,21598534,1,01:56:17,2025-04-04,2025-04-04,1.4462712738406052,538,613,564,567,625,581,597,521,534,529,544,518,536,509,619,448,1,0.9141771488469602,1.4462712738406052,6977.0,-0.14810068793517703,0.017614705697318288,0.017614705697318288,0.5234375,0.5209424083769634,0.5234375,0.9141771488469602,-0.14810068793517703,0.017614705697318288,0.5234375,0.5209424083769634,0.017614705697318288,1498.5263157894738,23.856346819275206,3.794701718444409,12.472241663941979,0.017614705697318288,0.36761470569731824,964.1829075252103
605,Abby Vaerten,24718954,1,01:10:03,2026-03-27,2026-03-27,1.4469684508776268,340,614,419,442,502,469,480,485,498,490,503,415,431,460,650,296,1,0.8402638944422232,1.4469684508776268,4203.0,-0.26939631562837846,-0.1822569092266756,-0.1822569092266756,0.5,0.49748743718592964,0.5,0.8402638944422232,-0.26939631562837846,-0.1822569092266756,0.5,0.49748743718592964,-0.1822569092266756,1499.6012023027567,23.23890860882024,3.766417952077726,11.93965475258706,-0.1822569092266756,0.1677430907733244,986.6993932414696
606,Heather Boyd,24822002,1,01:16:05,2026-03-27,2026-03-27,1.4476765661336868,535,615,525,535,589,553,565,537,552,546,565,476,502,492,672,396,1,0.9137309847878302,1.4476765661336868,4565.0,-0.18963178236992728,-0.03520119775611604,-0.03520119775611604,0.5326633165829145,0.5303030303030303,0.5326633165829145,0.9137309847878302,-0.18963178236992728,-0.03520119775611604,0.5326633165829145,0.5303030303030303,-0.03520119775611604,1498.7943782245666,22.787165224341315,3.766144868511889,11.488730618805649,-0.03520119775611604,0.31479880224388396,970.4412527540136
607,Sasha Laczkowski,24201706,2,01:29:10,2025-04-26,2026-03-27,1.4487414868047246,628,616,627,635,609,640,657,690,687,691,691,634,639,803,664,598,2,0.954818649241572,1.4487414868047246,5349.5,-0.022154067538109737,0.09807859576255318,0.09807859576255318,0.6128846153846154,0.6052055147532535,0.495,0.954818649241572,-0.022154067538109737,0.09807859576255318,0.6128846153846154,0.6052055147532535,0.09807859576255318,1492.4460784136133,20.433423646607668,2.9164010034458587,11.684220636270092,0.09807859576255318,0.34556596917784477,940.1695313839225
608,Teresa Osterman,24490623,3,01:29:20,2025-08-02,2025-11-01,1.4512288794162087,938,575,966,935,903,934,941,1009,979,1011,981,983,957,1134,772,990,3,1.2097422518089311,1.3947250427999418,5359.666666666667,0.6500453369651887,0.7931808818776555,0.7926581214932064,0.8167447910908675,0.8154903269682183,0.7253521126760564,1.2413001887551343,0.7074516342935364,0.8597930881247502,0.8370483892365179,0.8359328137193145,0.7931808818776555,1483.4145283537111,16.702482662079305,2.354491376257363,9.639008533307216,0.7928410876277635,0.9952534760940245,854.7709381983946
609,Bettina Fyffe,24502641,1,01:10:19,2026-03-27,2026-03-27,1.4524767771241274,350,617,426,449,511,477,487,492,501,502,511,418,436,467,653,306,1,0.8434626149540184,1.4524767771241274,4219.0,-0.2640016459787488,-0.1730417878973204,-0.1730417878973204,0.505,0.5025125628140703,0.505,0.8434626149540184,-0.2640016459787488,-0.1730417878973204,0.505,0.5025125628140703,-0.1730417878973204,1499.471472573027,23.119851378601133,3.766521832554411,11.820285880937899,-0.1730417878973204,0.1769582121026796,985.7396542885938
610,Meena De Schutter,24502611,1,01:07:35,2025-08-03,2025-08-03,1.453249218098284,95,619,230,245,306,285,326,339,359,331,347,189,203,437,579,153,1,0.7285303629177147,1.453249218098284,4055.0,-0.5275610708717208,-0.47811479197513673,-0.47811479197513673,0.41509433962264153,0.40384615384615385,0.41509433962264153,0.7285303629177147,-0.5275610708717208,-0.47811479197513673,0.41509433962264153,0.40384615384615385,-0.47811479197513673,1500.0731246565363,25.10947601081736,3.9693732424425785,13.201356283489625,-0.47811479197513673,-0.12811479197513675,1019.0249365499955
611,Carrie Grose,24511922,3,01:01:32,2025-10-25,2026-03-29,1.4535394210530563,701,677,811,603,558,303,627,679,464,682,465,923,752,369,317,669,3,0.9073853255585482,1.519588956646628,3692.3333333333335,0.14409048130430757,0.05789835529795928,-0.7140910336704017,0.48022132520526134,0.4734289929528417,0.22950819672131148,0.9963466016661549,0.5586581527070857,0.4470680074494419,0.605165993903946,0.6000466190864906,0.05789835529795928,1502.059240331872,26.31539565994347,2.3936686654104258,19.13438966371219,-0.44389474753147534,0.2599709495143283,929.4115504359647
612,Rachel Falk,20498998,4,01:32:18,2025-04-04,2026-03-27,1.4543311206674443,438,636,436,514,457,540,492,445,506,451,512,395,474,824,409,595,4,0.9035847419197136,1.4734023526599964,5538.0,-0.22574448613796533,-0.07840635159451752,-0.053818833708944316,0.5081521739130435,0.5032658069180209,0.4,0.8740593125078804,-0.29339590403307536,-0.16374772590833453,0.47907608695652176,0.4747210001926788,-0.16475117603253855,1492.1456174101406,22.89074409015415,2.090013046578783,16.620704950417803,-0.062424464968894935,0.09659364840548247,940.686403498176
613,Sola Grantham,22639767,2,01:07:20,2025-11-15,2026-03-27,1.4546382648624196,163,620,205,223,234,254,305,221,239,227,243,177,192,306,344,207,2,0.7650622105401363,1.4546382648624196,4040.5,-0.5418924280723483,-0.5116773484299928,-0.5116773484299928,0.3411149152355183,0.3368575868575869,0.2802197802197802,0.7650622105401363,-0.5418924280723483,-0.5116773484299928,0.3411149152355183,0.3368575868575869,-0.5116773484299928,1503.8637130524198,26.835700648739895,2.8208186389947874,18.373244731755534,-0.5116773484299928,-0.2641899750147012,1005.995860570461
614,Shawn Ballard,22467484,1,01:26:37,2025-04-04,2025-04-04,1.4591374581619356,716,623,705,712,752,709,733,768,763,771,767,664,664,652,750,594,1,1.0106962271489692,1.4591374581619356,5197.0,0.02273819284604887,0.240618930746822,0.240618930746822,0.6649214659685864,0.6631578947368421,0.6649214659685864,1.0106962271489692,0.02273819284604887,0.240618930746822,0.6649214659685864,0.6631578947368421,0.240618930746822,1495.5,21.383635703062463,3.798067055404152,9.989434536850007,0.240618930746822,0.5906189307468219,941.3671009638891
615,Tim Bodway,23971363,2,01:19:27,2026-01-25,2026-03-27,1.4601257135476495,671,624,644,652,629,659,676,650,653,659,661,630,631,663,530,622,2,0.9725278804626483,1.4601257135476495,4767.0,-0.031008483852720953,0.12545685073141827,0.12545685073141827,0.5935353535353536,0.590734283663214,0.48,0.9725278804626483,-0.031008483852720953,0.12545685073141827,0.5935353535353536,0.590734283663214,0.12545685073141827,1495.2936511815064,22.725053086264033,2.8284229021048604,14.239784379949452,0.12545685073141827,0.37294422414670986,936.7210320625031
616,Juliana Echeverri,10197254,1,01:26:35,2025-08-02,2025-08-02,1.4603806121293703,1005,625,1072,1068,1083,1070,1074,1089,1086,1091,1087,1094,1089,905,1033,1049,1,1.3175247273649506,1.4603806121293703,5195.0,1.2022984195888882,1.2199553713825753,1.2199553713825753,0.8974358974358975,0.896774193548387,0.8974358974358975,1.3175247273649506,1.2022984195888882,1.2199553713825753,0.8974358974358975,0.896774193548387,1.2199553713825753,1490.5301621738793,15.390898811050265,3.801227858171133,3.9872152365368656,1.2199553713825753,1.5699553713825751,833.3936989201236
617,Jill Gregerson,23987651,6,01:39:54,2025-04-12,2025-11-01,1.460435665051713,942,509,977,916,881,912,831,993,917,994,924,999,946,1188,608,1032,6,1.1896039153409308,1.324394143726399,5994.0,0.6222482448457382,0.7448630672990845,0.7258519132771891,0.7774331761065528,0.7758931789392985,0.6346153846153846,1.252818607290883,0.7375269591342911,0.8872983053066605,0.8256813381459001,0.8244910610339756,0.45141461619926276,1477.981681896595,17.768488268869962,1.7036551002058666,12.657522968252362,0.7325058171848525,0.8877499689614365,838.9261997359771
618,Taylor Luse,21640163,1,01:57:30,2025-04-04,2025-04-04,1.4614035374195595,555,627,586,590,648,601,616,543,560,552,570,533,550,532,633,469,1,0.92374213836478,1.4614035374195595,7050.0,-0.13159480973782142,0.04301412013436256,0.04301412013436256,0.5364583333333334,0.5340314136125655,0.5364583333333334,0.92374213836478,-0.13159480973782142,0.04301412013436256,0.5364583333333334,0.5340314136125655,0.04301412013436256,1498.1052631578948,23.52577972189006,3.7950835154728697,12.140529175471451,0.04301412013436256,0.39301412013436254,961.5223915316168
619,Cindy Markison,21966640,5,01:17:21,2025-04-12,2025-11-08,1.462472299667789,355,383,276,396,335,498,327,244,343,247,352,272,391,310,264,552,5,0.8940328871572086,1.2020877869122508,4641.2,-0.3120341012848528,-0.24381932140125392,-0.07649376215775089,0.4093857061254914,0.4050039115562757,0.2251655629139073,0.8459553178980479,-0.41917528780987895,-0.3939621709780381,0.35691389421011643,0.35162376638680215,-0.4765712824078519,1503.6905595772157,26.66038751942867,1.8551157226903314,21.095040351357675,-0.13505770789297694,-0.08729456297626867,949.8309517964404
620,Norah Molina,20531734,10,01:22:58,2025-04-04,2026-03-27,1.463328106894524,525,345,503,704,607,683,365,473,594,480,600,466,768,807,301,912,10,0.9863892292514047,1.1719827502018738,4977.9,0.1717568907816503,0.23230334034457317,0.14916189748892114,0.5537269717498541,0.5507306802271403,0.3241758241758242,0.9098283192759843,-0.20475510831293636,-0.06994938209942174,0.49210406032642257,0.48882388893850154,-0.3927971628164404,1492.392130736013,23.64696122793936,1.3472508795020297,19.60520858943327,0.17826140248839936,0.34298305845046645,875.8422977959476
621,Jamie Harman,22478897,1,01:55:59,2025-05-03,2025-05-03,1.4640527816069375,1048,630,1103,1100,1109,1099,1104,1122,1122,1123,1124,1119,1115,942,1049,1077,1,1.3954281130940445,1.4640527816069375,6959.0,1.4321753564833222,1.3792063952420748,1.3792063952420748,0.924812030075188,0.9242424242424242,0.924812030075188,1.3954281130940445,1.4321753564833222,1.3792063952420748,0.924812030075188,0.9242424242424242,1.3792063952420748,1489.8768099372442,15.081209215047416,3.8420257917901655,3.5551318396769194,1.3792063952420748,1.7292063952420746,815.6273538290671
622,Sandra Hood,24675799,1,01:14:56,2026-03-27,2026-03-27,1.469753786660132,313,634,349,371,442,409,426,396,419,405,428,303,314,416,610,240,1,0.8290614051263139,1.469753786660132,4496.0,-0.3967071896192834,-0.27459431598556605,-0.27459431598556605,0.45,0.4472361809045226,0.45,0.8290614051263139,-0.3967071896192834,-0.27459431598556605,0.45,0.4472361809045226,-0.27459431598556605,1500.6423628509544,23.942365180011613,3.764825844503747,12.647887646500372,-0.27459431598556605,0.07540568401443393,996.3181950187419
623,Rosemary Dabbs,20725541,3,01:24:07,2025-04-04,2026-03-27,1.4702643047543646,312,691,346,390,372,378,442,344,378,350,385,350,379,403,366,420,3,0.8373733047344624,1.5359331720911242,5046.666666666667,-0.32448779820418816,-0.25020779051727043,-0.3780663117402954,0.42418575631515326,0.42023014797883906,0.3645833333333333,0.828940707133713,-0.35127117261189905,-0.2821724208230267,0.4173855483921438,0.4136574594689778,-0.25020779051727043,1501.016971946638,24.914370705847254,2.355333423683874,17.848370434795633,-0.3333158293122367,-0.048135196300901406,967.5452599369565
624,Laura McDiarmid,24257674,2,01:22:58,2025-06-20,2026-03-27,1.4729770312220918,272,635,311,322,325,364,390,340,360,324,337,258,268,459,474,282,2,0.8107302435369919,1.4729770312220918,4978.0,-0.4435397236899406,-0.34678078083651104,-0.34678078083651104,0.4153921568627451,0.39837035645517305,0.37,0.8107302435369919,-0.4435397236899406,-0.34678078083651104,0.4153921568627451,0.39837035645517305,-0.34678078083651104,1499.6209132474464,23.84590923234581,2.8376713422288935,15.332895205659131,-0.34678078083651104,-0.09929340742121945,988.828359692815
625,Karen Bell,22638087,7,01:31:18,2025-04-12,2026-01-25,1.4757125460809646,885,518,890,796,731,765,670,870,777,874,779,899,816,1146,447,936,7,1.0736913511364228,1.3317686495426913,5477.857142857143,0.2645741195282462,0.40854090558433004,0.3110726998304783,0.6738429767334594,0.6710667876232901,0.4805194805194805,1.1609280720972892,0.5005533889814363,0.6438407303225546,0.7374323882436933,0.7351834057608866,0.11762748372330308,1482.8036205583858,20.546717752470027,1.5886831193533397,15.780668394410007,0.34518657184432644,0.5408284711375595,869.8477315093974
626,Vany Nguyen,22327967,1,01:58:44,2025-04-04,2025-04-04,1.4767430922804172,581,638,601,613,662,615,638,574,589,583,597,555,567,549,657,486,1,0.9334381551362684,1.4767430922804172,7124.0,-0.1148628236199541,0.06849444481304835,0.06849444481304835,0.5520833333333334,0.5497382198952879,0.5520833333333334,0.9334381551362684,-0.1148628236199541,0.06849444481304835,0.5520833333333334,0.5497382198952879,0.06849444481304835,1497.6842105263158,23.192283699606293,3.795569878643459,11.805574063675916,0.06849444481304835,0.4184944448130483,958.9046541935679
627,Rebecca Crompton,23765312,2,01:54:28,2025-04-12,2025-07-12,1.4776041608288997,983,639,1041,1041,1026,1040,1047,1030,1022,1024,1019,1070,1068,1140,979,1055,2,1.2970368403321042,1.4776041608289,6868.0,1.0321063419514942,1.092430062877451,1.092430062877451,0.8506692002643754,0.8448605909280067,0.7528089887640449,1.2970368403321042,1.0321063419514942,1.092430062877451,0.8506692002643754,0.8448605909280067,1.092430062877451,1483.178547759658,14.117764833743436,2.960197000776386,5.237173831414278,1.092430062877451,1.3399174362927426,830.9752924409903
628,Melissa Ryburn,22732942,3,01:26:31,2025-04-04,2026-03-27,1.4785652455765552,608,629,610,651,596,621,675,671,705,680,708,577,616,894,551,683,3,0.9682092386577238,1.4635067447893304,5190.666666666667,-0.05438573249297166,0.12532918801363743,0.04768377467785578,0.6232586029444668,0.6203550218625595,0.54,0.9473684443871353,-0.0893413262163952,0.07977828654241874,0.6024439522083501,0.5996883769496835,0.12532918801363743,1490.827332975044,20.76134397817754,2.36934034926176,13.653322930392259,0.07485966934537935,0.3274017822300065,927.8668407392355
629,Dana Humberson,22325388,1,03:09:05,2025-04-04,2025-04-04,1.4787539103232534,1079,641,1052,1051,1061,1052,1057,1052,1044,1055,1047,1055,1053,892,999,1024,1,1.4787539103232534,1.4787539103232534,11345.0,0.9779863089947956,1.1344389692310337,1.1344389692310337,0.8631578947368421,0.8624338624338624,0.8631578947368421,1.4787539103232534,0.9779863089947956,1.1344389692310337,0.8631578947368421,0.8624338624338624,1.1344389692310337,1490.8474576271187,16.285724090393032,3.834760374446774,4.781442967052708,1.1344389692310337,1.4844389692310336,842.5425251135699
630,Laura Ghantous,22332246,2,01:52:41,2025-04-04,2026-03-27,1.4787692488008657,831,642,819,819,800,816,834,809,805,815,810,789,801,828,732,824,2,1.104597964085554,1.4787692488008655,6761.0,0.23547040011265088,0.46180177398706174,0.46180177398706174,0.6999801639777836,0.6984126984126984,0.5657894736842105,1.104597964085554,0.23547040011265088,0.46180177398706174,0.6999801639777836,0.6984126984126984,0.46180177398706174,1492.0381360194103,18.79343464119053,2.8347939505931397,10.28905278941111,0.46180177398706174,0.7092891474023533,899.7571553617883
631,Sara Pratt,24718740,1,01:11:57,2026-03-27,2026-03-27,1.4862152753839435,397,644,471,486,541,508,518,518,528,524,537,450,470,481,677,336,1,0.8630547780887645,1.4862152753839435,4317.0,-0.2309592943747675,-0.11735059234743497,-0.11735059234743497,0.52,0.5175879396984925,0.52,0.8630547780887645,-0.2309592943747675,-0.11735059234743497,0.52,0.5175879396984925,-0.11735059234743497,1499.0822833838379,22.763262880420953,3.7667893727596877,11.46289476214189,-0.11735059234743497,0.232649407652565,979.635166800357
632,Kristin Squire,22551828,3,01:36:20,2025-04-04,2025-08-09,1.487055966279549,602,631,584,542,516,556,570,596,556,597,562,557,522,827,489,581,3,0.9208681212480988,1.4645519818973387,5780.333333333333,-0.16682419592808642,-0.02323527057889053,-0.03256276858945054,0.5340364873652917,0.5286787162508982,0.463768115942029,0.9455764331177414,-0.11154565758774096,0.039836234125321404,0.5620658270624304,0.5566652871881737,-0.02323527057889052,1492.0527646467376,22.27283247348965,2.4079555745924943,15.048965749712167,-0.029298144285754536,0.1788373236374785,943.4271157962169
633,Kelsey Smith,24184126,2,02:12:26,2025-07-05,2025-09-27,1.4871939889436725,1015,645,1062,1058,1045,1061,1064,1095,1091,1096,1092,1086,1082,1121,964,1065,2,1.328951653578085,1.4871939889436725,7945.5,1.1174151616424646,1.172526831350082,1.172526831350082,0.9010353511799273,0.900354609929078,0.9006622516556292,1.328951653578085,1.1174151616424646,1.172526831350082,0.9010353511799273,0.900354609929078,1.172526831350082,1483.9352738724506,14.067944459373255,2.8532249530819627,5.508269600127367,1.172526831350082,1.4200142047653737,824.7212293244694
634,Misty Havens,17731979,1,01:26:30,2026-01-25,2026-01-25,1.4885184727089258,883,647,889,888,902,885,900,898,892,900,894,891,897,728,757,835,1,1.1551302025372805,1.4885184727089258,5190.0,0.47245877331097275,0.6433440155072419,0.6433440155072419,0.7575757575757576,0.7551020408163265,0.7575757575757576,1.1551302025372805,0.47245877331097275,0.6433440155072419,0.7575757575757576,0.7551020408163265,0.6433440155072419,1494.055614856932,21.277590778978833,3.8162749202915656,9.828766018104137,0.6433440155072419,0.9933440155072418,896.9068020485843
635,Owen Wartella,21405969,3,01:31:28,2025-04-04,2026-03-27,1.4922793266932908,418,648,462,472,432,513,507,451,444,455,451,424,430,487,398,524,3,0.8645589750779067,1.488677594086437,5488.333333333333,-0.2708167731827314,-0.14197112635802608,-0.08997732249417094,0.46632665945165946,0.46174786396389034,0.3116883116883117,0.8666319462224645,-0.25672210953024277,-0.1289726753920623,0.4822449945887446,0.4782204457116112,-0.14197112635802608,1498.9549962252402,24.038856434484224,2.3758956914372686,16.911169360172416,-0.10817515384652024,0.060101467858342944,954.040143125743
636,Amanda Collman,23746602,4,01:35:24,2025-04-04,2025-08-02,1.4934602108905717,892,656,915,869,821,881,797,883,821,878,816,949,888,1119,629,949,4,1.1316595877924867,1.4991388920703055,5724.5,0.4492434810341417,0.5771530467269784,0.6686203736553862,0.7092819815464605,0.7009348258620349,0.43137254901960786,1.165838347519695,0.6307413346864033,0.715939885314325,0.7475048670929889,0.7394107352101854,0.3616148196343805,1484.0035473267208,18.437542492402912,2.074696414075989,12.213453250174945,0.6366068092304435,0.7521530467269784,865.9245236715961
637,Krista Allen,18175191,1,01:23:12,2025-08-16,2025-08-16,1.4947972167286867,219,650,279,297,376,336,368,235,253,232,250,231,247,378,522,203,1,0.7911251980982568,1.4947972167286867,4992.0,-0.47204316711246147,-0.3893667446414521,-0.3893667446414521,0.35064935064935066,0.34210526315789475,0.35064935064935066,0.7911251980982568,-0.47204316711246147,-0.3893667446414521,0.35064935064935066,0.34210526315789475,-0.3893667446414521,1501.7687029410326,25.968950655428046,3.874979291358018,14.344012781353992,-0.38936674464145216,-0.03936674464145212,1007.5300113271559
638,Rebecca Roberts,22197312,1,01:18:42,2026-03-27,2026-03-27,1.4974652235012638,601,653,594,601,656,608,626,579,592,585,599,544,561,523,698,475,1,0.94515612489992,1.4974652235012638,4722.0,-0.12055477579897929,0.05510500073497385,0.05510500073497385,0.5527638190954773,0.5505050505050505,0.5527638190954773,0.94515612489992,-0.12055477579897929,0.05510500073497385,0.5527638190954773,0.5505050505050505,0.05510500073497385,1498.2782491923085,22.34391335688149,3.766899273636557,11.04321553597182,0.05510500073497385,0.4051050007349738,960.4580499777894
639,Julie Orcino,24148846,1,01:46:33,2025-05-24,2025-05-24,1.49760683205709,798,654,792,792,822,793,811,861,858,863,860,761,776,739,854,702,1,1.0759003702457086,1.49760683205709,6393.0,0.1781688995563656,0.4023497268754816,0.4023497268754816,0.7307692307692307,0.7272727272727273,0.7307692307692307,1.0759003702457086,0.1781688995563656,0.4023497268754816,0.7307692307692307,0.7272727272727273,0.4023497268754816,1493.8271185374804,19.598287016126573,3.8642927075024645,8.00540889361918,0.40234972687548165,0.7523497268754815,924.0850147051061
640,Alicia Gould,22490366,5,01:51:58,2025-04-04,2025-11-01,1.4997532494504997,951,574,980,874,823,888,734,1002,853,1005,859,1004,892,1109,595,983,5,1.1529430806566963,1.392980939469316,6718.2,0.45967582839519805,0.5970742733662269,0.6771323098658164,0.7279975427411225,0.7261879731113038,0.41353383458646614,1.2632452286040765,0.7547686784717118,0.8934557186373461,0.8315988094056814,0.8304782621452276,0.2409999147130613,1484.684968491017,18.43067371316215,1.8600842326170728,12.850421015310932,0.6491119970909601,0.7535990317912121,856.8955538316313
641,Robin Decaire,17731938,1,00:56:22,2025-11-08,2025-11-08,1.5001416931058258,17,658,30,29,51,36,61,15,18,20,21,44,46,180,183,15,1,0.6173786053304126,1.5001416931058258,3382.0,-1.0105301180011546,-1.3615967742362682,-1.3615967742362682,0.05504587155963303,0.046296296296296294,0.05504587155963303,0.6173786053304126,-1.0105301180011546,-1.3615967742362682,0.05504587155963303,0.046296296296296294,-1.3615967742362682,1510.3225046818388,36.12152336797557,3.97402330992673,24.19945343819538,-1.3615967742362682,-1.0115967742362684,1113.4243951487654
642,Jennifer Lam,23764003,2,01:26:06,2025-04-04,2025-08-16,1.5003748930243836,518,659,523,532,530,551,561,516,525,520,531,464,494,609,513,517,2,0.9080228946416233,1.5003748930243836,5165.5,-0.20557987422266893,-0.04132447364435315,-0.04132447364435315,0.5193105323995377,0.5144736842105263,0.4155844155844156,0.9080228946416233,-0.20557987422266893,-0.04132447364435315,0.5193105323995377,0.5144736842105263,-0.04132447364435315,1496.3838225835034,23.083343197608208,2.868946358199347,14.476504123010168,-0.04132447364435315,0.20616289977093843,954.6125726774051
643,Lori Hernandez,24718482,1,01:12:40,2026-03-27,2026-03-27,1.501018902171414,430,661,490,506,556,525,535,524,537,532,551,459,482,488,679,353,1,0.8716513394642144,1.501018902171414,4360.0,-0.21646111969138793,-0.09331259942651055,-0.09331259942651055,0.525,0.5226130653266332,0.525,0.8716513394642144,-0.21646111969138793,-0.09331259942651055,0.525,0.5226130653266332,-0.09331259942651055,1498.952553654108,22.644778666895974,3.7668659776351197,11.344180733990616,-0.09331259942651055,0.25668740057348943,976.9707976144506
644,Julie Kutchera,24184564,5,01:18:21,2025-05-03,2026-03-27,1.5033661908322289,311,541,302,453,392,475,348,309,412,308,413,276,447,362,304,588,5,0.9020478141595021,1.3588357404324107,4701.0,-0.25205234440672886,-0.16661610250252062,-0.1801044059260771,0.44661595015406536,0.4407073920634373,0.29508196721311475,0.8288251443101613,-0.4160506109776583,-0.3571392706790313,0.39366137891663006,0.387197155462665,-0.42499567004142164,1502.2671411167962,25.10838772254757,1.8642015152207256,19.515783176885392,-0.17538349972783232,-0.010091344077535369,942.3509097090703
645,Sena Cooper,23786650,1,01:51:58,2025-04-26,2025-04-26,1.5035737586188482,836,662,834,836,867,836,851,896,890,885,881,852,863,841,989,765,1,1.1069368924040204,1.5035737586188482,6718.0,0.3345257697426769,0.492697544266693,0.492697544266693,0.7564102564102564,0.7435897435897436,0.7564102564102564,1.1069368924040204,0.3345257697426769,0.492697544266693,0.7564102564102564,0.7435897435897436,0.492697544266693,1491.8197080541954,17.3156475465757,4.059521982695421,5.137081598489438,0.492697544266693,0.842697544266693,914.2078362179373
646,Helen Carter,24720524,1,01:19:04,2026-03-27,2026-03-27,1.504441978036848,616,663,600,612,661,614,637,586,600,593,607,558,568,528,702,483,1,0.9495596477181746,1.504441978036848,4744.0,-0.11087519526037512,0.0675189206372089,0.0675189206372089,0.5577889447236181,0.5555555555555556,0.5577889447236181,0.9495596477181746,-0.11087519526037512,0.0675189206372089,0.5577889447236181,0.5555555555555556,0.0675189206372089,1498.149216934244,22.23166062210861,3.7671128455086236,10.93032208558274,0.0675189206372089,0.41751892063720886,959.1309517015953
647,Donna Pierzina,22858581,1,01:27:26,2026-01-25,2026-01-25,1.504579558348945,895,664,901,900,914,898,909,922,919,927,923,906,908,750,791,849,1,1.1675940351658134,1.504579558348945,5246.0,0.5104181582541786,0.6797192415888318,0.6797192415888318,0.7777777777777778,0.7755102040816326,0.7777777777777778,1.1675940351658134,0.5104181582541786,0.6797192415888318,0.7777777777777778,0.7755102040816326,0.6797192415888318,1493.5658189385647,20.719291941806144,3.8193722551486116,9.26117517636031,0.6797192415888318,1.0297192415888317,893.1276914532418
648,Leah Nagely Robbins,21973658,2,01:20:54,2025-04-04,2026-03-27,1.5073273231411122,633,666,640,646,622,655,669,698,696,704,705,591,602,730,617,601,2,0.9562902571371295,1.5073273231411122,4853.5,-0.07328968322771366,0.11558247788155718,0.11558247788155718,0.6197251308900523,0.6177730759058451,0.585,0.9562902571371295,-0.07328968322771366,0.11558247788155718,0.6197251308900523,0.6177730759058451,0.11558247788155718,1494.0349217267817,20.987138955701152,2.8247138166334764,12.512997505800723,0.11558247788155718,0.36306985129684877,939.9565849402371
649,Hannah Bevis,24005690,7,01:32:40,2025-04-12,2026-03-27,1.507876480171268,753,537,743,817,751,822,721,762,804,768,805,743,841,1175,502,950,7,1.0905553866898783,1.3543399427305993,5560.142857142857,0.3079142854070977,0.45814282982850096,0.4784350518897136,0.6990506238308238,0.6967584955501547,0.545,1.0346235943540896,0.1556788372727843,0.3138684119766627,0.6614039808980339,0.6592180178480339,0.21650407191066776,1480.232127143323,19.53519529094202,1.5904032704462943,14.763985479603138,0.47133277416828917,0.5904303953817305,865.4331206109281
650,Sonja Cames,22829109,1,01:19:29,2026-03-27,2026-03-27,1.5123701081909209,627,668,611,621,670,626,645,621,627,628,634,569,583,547,718,497,1,0.9545636509207366,1.5123701081909209,4769.0,-0.09987567192105219,0.08155595903665437,0.08155595903665437,0.5778894472361809,0.5757575757575758,0.5778894472361809,0.9545636509207366,-0.09987567192105219,0.08155595903665437,0.5778894472361809,0.5757575757575758,0.08155595903665437,1497.7621201600505,21.89390694292481,3.7677821332696637,10.59056054311582,0.08155595903665437,0.43155595903665434,957.9187023359102
651,Catherine Huang,21254948,3,02:00:06,2025-05-03,2026-03-27,1.5134069129437178,859,649,877,936,904,983,942,866,922,870,927,903,989,1120,764,999,3,1.1952138933752483,1.4893060778545033,7206.0,0.7230027314971932,0.7934982619766013,0.9692525783751251,0.7808658234991452,0.7795741332927263,0.595,1.126618336864703,0.5088725301658117,0.6050753831003858,0.7343993676243589,0.7329218059996955,0.7934982619766012,1483.9786290961554,16.794779743471047,2.3652996905290844,9.698880671883794,0.9077385676356418,0.9955708561929704,852.1273972334947
652,tiffany moy-kang,24718523,1,01:14:12,2026-03-27,2026-03-27,1.513631484874931,516,669,517,524,577,543,553,528,544,538,557,455,478,510,703,387,1,0.9069056834385822,1.513631484874931,4452.0,-0.21827801182606357,-0.05184539387101506,-0.05184539387101506,0.5276381909547738,0.5252525252525253,0.5276381909547738,0.9069056834385822,-0.21827801182606357,-0.05184539387101506,0.5276381909547738,0.5252525252525253,-0.05184539387101506,1498.5162619114085,22.20533679181141,3.766818228216973,10.90488210716049,-0.05184539387101506,0.2981546061289849,972.2548327946641
653,Juliana Echeverri,24092617,1,01:19:34,2026-03-27,2026-03-27,1.5139557342217351,630,670,617,626,676,632,650,629,633,640,646,572,586,554,726,499,1,0.955564451561249,1.5139557342217351,4774.0,-0.0976757672531876,0.0843545349793019,0.0843545349793019,0.5829145728643216,0.5808080808080808,0.5829145728643216,0.955564451561249,-0.0976757672531876,0.0843545349793019,0.5829145728643216,0.5808080808080808,0.0843545349793019,1497.6330879019858,21.780168432918316,3.7680148253772465,10.476123956786576,0.0843545349793019,0.4343545349793019,957.6973686150686
654,Kristin De Guzman,24125223,2,02:09:06,2025-07-05,2025-08-02,1.5154891647802466,1034,671,1095,1091,1079,1090,1096,1092,1088,1093,1089,1107,1105,1117,967,1090,2,1.3661992754941403,1.5154891647802464,7746.0,1.3272409918360344,1.3119569468836092,1.3119569468836092,0.8984122941076583,0.8977419354838709,0.8609271523178808,1.3661992754941403,1.3272409918360344,1.3119569468836092,0.8984122941076583,0.8977419354838709,1.3119569468836092,1484.2676149346996,14.04484717933396,2.8524534591577133,5.48748680186082,1.3119569468836092,1.5594443202989008,807.8920640513587
655,Michelle Philo,21926492,6,01:30:32,2025-04-04,2026-03-27,1.5157037018020016,463,579,461,642,555,639,481,463,635,469,644,427,627,907,393,789,6,0.9754040015936231,1.399119553309457,5432.5,-0.03591107135316877,0.11362644180861214,0.08759694949800484,0.5831434292130542,0.580250622059148,0.405,0.8859253866208392,-0.2552033600264721,-0.1291448825952639,0.48859527117564494,0.48522524062603467,-0.18138800994937357,1490.5261965439095,22.240627619004158,1.6991665960574407,17.143127830831837,0.0967072718067174,0.2565133434709642,906.9261039750736
656,Brawn Suelter,24713457,1,01:14:19,2026-03-27,2026-03-27,1.516011408593288,520,672,519,526,581,547,556,537,552,546,565,460,483,516,708,391,1,0.9083316357710328,1.516011408593288,4459.0,-0.2149345849490779,-0.04777022166538643,-0.04777022166538643,0.5326633165829145,0.5303030303030303,0.5326633165829145,0.9083316357710328,-0.2149345849490779,-0.04777022166538643,0.5326633165829145,0.5303030303030303,-0.04777022166538643,1498.3836652263255,22.09564150876612,3.766975815037469,10.794714063653714,-0.04777022166538643,0.30222977833461356,971.8866905035796
657,Rachel Damiani,24718349,1,01:14:20,2026-03-27,2026-03-27,1.5163513976959104,521,674,520,527,582,548,557,547,562,555,573,461,484,525,714,390,1,0.9085353432470972,1.5163513976959104,4460.0,-0.21445695253807995,-0.047188576506465664,-0.047188576506465664,0.5376884422110553,0.5353535353535354,0.5376884422110553,0.9085353432470972,-0.21445695253807995,-0.047188576506465664,0.5376884422110553,0.5353535353535354,-0.047188576506465664,1498.2510685412428,21.98531745518026,3.7671209305932822,10.683954663400415,-0.047188576506465664,0.3028114234935343,971.9203038228666
658,Michele Dorfman,24097673,1,01:13:27,2026-03-27,2026-03-27,1.5171996105205094,448,675,506,521,574,536,547,542,559,549,569,469,497,499,694,372,1,0.8810475809676129,1.5171996105205094,4407.0,-0.20061427759560096,-0.06730820158798763,-0.06730820158798763,0.535,0.5326633165829145,0.535,0.8810475809676129,-0.20061427759560096,-0.06730820158798763,0.535,0.5326633165829145,-0.06730820158798763,1498.6930941946487,22.4044308801923,3.7670014650177395,11.103426485139082,-0.06730820158798763,0.28269179841201236,974.1802918630206
659,Ezekiel Blain,24166515,2,01:18:47,2025-08-09,2026-03-27,1.5194047583765695,563,676,539,546,542,564,575,569,583,571,588,496,519,729,547,533,2,0.9270009383661904,1.5194047583765697,4727.0,-0.16968375296146057,-0.014293786190392524,-0.014293786190392524,0.5501923076923076,0.5458935301507537,0.485,0.9270009383661904,-0.16968375296146057,-0.014293786190392524,0.5501923076923076,0.5458935301507537,-0.014293786190392524,1494.0371752857131,22.346956437506122,2.850874851559512,13.794331882827587,-0.014293786190392524,0.23319358722489908,952.8923553085114
660,Glenn Hollingsworth,23764079,3,02:06:53,2025-04-04,2026-03-27,1.5271454923972927,842,665,830,884,861,914,896,819,872,822,872,829,889,1118,774,927,3,1.1782453268236184,1.507165156605395,7613.0,0.4542979448075825,0.6278449137586694,0.7997894304901708,0.7415434654050858,0.7367336255221374,0.6,1.1140918319829676,0.3076811070017056,0.4813616961512098,0.7061575990538143,0.702047706578789,0.6278449137586694,1484.0876118982526,16.826985626145326,2.423836868631937,9.555475020249515,0.7396088496341453,0.8299175079750384,871.2775322785568
661,Jennie Rohe,23983862,1,01:40:36,2025-04-18,2025-04-18,1.528680116680737,968,682,1075,1071,1085,1072,1077,1062,1059,1044,1038,1101,1098,1060,1181,1051,1,1.2798982188295165,1.528680116680737,6036.0,1.284275367736946,1.2260455206350032,1.2260455206350032,0.875,0.8571428571428571,0.875,1.2798982188295165,1.284275367736946,1.2260455206350032,0.875,0.8571428571428571,1.2260455206350032,1488.0294377260755,14.642278306584894,5.829939275292463,-2.8475395192924946,1.2260455206350032,1.5760455206350032,832.2446138073766
662,Komal Shah,17731926,2,01:22:40,2025-04-04,2026-03-27,1.5291820697926637,677,683,665,671,655,675,696,695,692,700,699,636,640,745,606,645,2,0.9762271287517665,1.5291820697926632,4959.5,-0.019973257329543748,0.15707681229740353,0.15707681229740353,0.6161387434554975,0.6141761438772811,0.515,0.9762271287517665,-0.019973257329543748,0.15707681229740353,0.6161387434554975,0.6141761438772811,0.15707681229740353,1493.7229276163844,21.14721273443515,2.826464549957451,12.667819084562797,0.15707681229740353,0.40456418571269515,933.7847364824147
663,Karen Christopher,24493539,2,01:06:31,2025-08-03,2025-11-15,1.5298216058560814,75,684,156,173,185,203,264,168,178,164,177,138,151,278,338,163,2,0.7147160765413756,1.5298216058560814,3991.0,-0.5971698882152222,-0.6005675736675716,-0.6005675736675716,0.30276798673025085,0.2925824175824176,0.22641509433962265,0.7147160765413756,-0.5971698882152222,-0.6005675736675716,0.30276798673025085,0.2925824175824176,-0.6005675736675716,1504.5689426923723,27.223709595423625,2.894167367709616,18.541207492294777,-0.6005675736675716,-0.35308020025228004,1015.1421427551793
664,Avery Parker,23840872,1,03:15:39,2025-04-04,2025-04-04,1.530109489051095,1098,685,1069,1065,1080,1067,1071,1068,1063,1070,1066,1081,1078,903,1018,1045,1,1.530109489051095,1.530109489051095,11739.0,1.082894178786233,1.2134704965250067,1.2134704965250067,0.8789473684210526,0.8783068783068783,0.8789473684210526,1.530109489051095,1.082894178786233,1.2134704965250067,0.8789473684210526,0.8783068783068783,1.2134704965250067,1490.5762711864406,15.855761938308827,3.840592529615571,4.3339843494621135,1.2134704965250067,1.5634704965250066,833.7696889484472
665,Mollie Tessler,21837736,4,01:46:06,2025-04-04,2026-03-27,1.532113620893948,707,681,678,753,711,775,715,709,774,716,775,658,748,1151,628,838,4,1.0537672770867303,1.527117983823131,6365.5,0.13519217584582455,0.32376078693636706,0.38789569322966566,0.6721825440350848,0.6691826351752822,0.49748743718592964,1.0002345384428972,0.014816805274604966,0.1838671163369133,0.6245721378853429,0.6217598781937017,0.2013707990970607,1482.3916552219548,18.656875875368627,2.144542932731083,12.223247077175378,0.36544847602701114,0.49876078693636705,896.3869313108429
666,Leann Yoho,24520999,1,01:11:16,2025-08-03,2025-08-03,1.532452196445934,171,686,300,315,395,355,382,372,391,366,388,249,261,471,609,209,1,0.7682357168523176,1.532452196445934,4276.0,-0.4503995906184777,-0.3582441752660793,-0.3582441752660793,0.4339622641509434,0.4230769230769231,0.4339622641509434,0.7682357168523176,-0.4503995906184777,-0.3582441752660793,0.4339622641509434,0.4230769230769231,-0.3582441752660793,1499.4064579898695,24.579933368411066,3.9760563780110485,12.65176423437792,-0.3582441752660793,-0.008244175266079345,1005.61717411902
667,Megan Jenkins,21989493,1,01:18:10,2026-03-27,2026-03-27,1.5331728779884384,408,688,433,452,519,480,491,485,498,490,503,372,387,473,675,313,1,0.8648349621980453,1.5331728779884384,4690.0,-0.3136854045209652,-0.1667374562662736,-0.1667374562662736,0.5,0.49748743718592964,0.5,0.8648349621980453,-0.3136854045209652,-0.1667374562662736,0.5,0.49748743718592964,-0.1667374562662736,1499.3308874411184,22.775457625683416,3.7662693334064006,11.476649625464214,-0.1667374562662736,0.18326254373372639,984.9146561510233
668,Mary Ann Alwan,21213678,2,01:41:54,2025-04-04,2026-03-27,1.5336225182460574,663,689,652,661,645,666,685,645,648,656,658,607,612,671,578,619,2,0.9686823358057515,1.5336225182460574,6113.5,-0.06094736801606734,0.14009437751914428,0.14009437751914428,0.5904784338358459,0.5883706171664287,0.5729166666666666,0.9686823358057515,-0.06094736801606734,0.14009437751914428,0.5904784338358459,0.5883706171664287,0.14009437751914428,1495.1547450034827,21.686632211207876,2.824693151399002,13.212552757010869,0.14009437751914428,0.38758175093443586,936.8960498152479
669,Dana Saunders,22726262,2,01:41:47,2025-04-04,2026-03-27,1.5337374489391593,548,690,547,551,544,568,579,536,551,545,564,475,501,595,527,544,2,0.9196845217454501,1.5337374489391593,6107.0,-0.19044750905584082,-0.007614575508229693,-0.007614575508229693,0.5325,0.5301112894314505,0.44,0.9196845217454501,-0.19044750905584082,-0.007614575508229693,0.5325,0.5301112894314505,-0.007614575508229693,1496.7377786467637,22.788697941192343,2.8237862465826233,14.317339201444472,-0.007614575508229693,0.2398727979070619,951.2242460800626
670,Laura Hauer,24718574,1,01:14:22,2026-03-27,2026-03-27,1.5361344819928553,482,692,524,534,587,552,564,567,581,578,593,483,509,520,712,395,1,0.8920431827269092,1.5361344819928553,4462.0,-0.18207010067499918,-0.03722740093896365,-0.03722740093896365,0.55,0.5477386934673367,0.55,0.8920431827269092,-0.18207010067499918,-0.03722740093896365,0.55,0.5477386934673367,-0.03722740093896365,1498.3039050054595,22.04228789457084,3.7672570039359017,10.740516882763135,-0.03722740093896365,0.3127725990610363,971.0209997883827
671,Jerica Gibson,24337113,4,01:25:35,2025-08-02,2026-03-27,1.5377260781040527,809,610,820,872,827,880,860,838,881,845,885,809,879,1130,656,940,4,1.1288968513654454,1.439437951451993,5134.75,0.41530991037386245,0.585957741261111,0.6608496262488902,0.7492387290777633,0.7477005860717356,0.64,1.0846034502055157,0.2674815120386528,0.4626373695909906,0.7166601808654123,0.7150554627199045,0.5040224792384294,1483.5963442660764,17.970033775697978,2.0547087148318415,11.805907631202453,0.6346374665031674,0.760957741261111,869.0845328197787
672,Ann Glezen,22691848,4,01:44:30,2025-04-12,2026-03-27,1.5383445672899518,865,633,893,969,919,995,914,890,966,892,973,914,1008,1181,766,1038,4,1.2081634243665942,1.469469204125017,6270.0,0.7863565038070388,0.8715183332411449,0.9837887999096011,0.8100280932546223,0.8089114929486141,0.615,1.130907039622699,0.5304891753594456,0.6482903501345034,0.7510236620119266,0.7496778246069056,0.6982593635917481,1478.5375946713045,15.912604805605577,2.0756110731906245,9.685771586033702,0.9444941365756414,1.046518333241145,835.7450647420748
673,Leila Berger,24702054,1,01:20:57,2026-03-27,2026-03-27,1.5402771263332569,670,693,648,657,700,663,681,691,688,698,697,605,611,577,753,532,1,0.972177742193755,1.5402771263332569,4857.0,-0.061157349766635484,0.13038755180333705,0.13038755180333705,0.6130653266331658,0.6111111111111112,0.6130653266331658,0.972177742193755,-0.061157349766635484,0.13038755180333705,0.6130653266331658,0.6111111111111112,0.13038755180333705,1496.9879266116634,21.221696119193975,3.7693650129068765,9.913601080473345,0.13038755180333705,0.48038755180333703,953.0065867556815
674,Victoria Chu,21926758,2,01:10:01,2025-11-15,2026-03-27,1.5411720571041063,153,695,210,227,236,263,308,216,233,218,237,164,176,325,359,206,2,0.7618661652890046,1.5411720571041063,4201.0,-0.5591301197450336,-0.5055113057439332,-0.5055113057439332,0.3371978021978022,0.3327420067369816,0.32,0.7618661652890046,-0.5591301197450336,-0.5055113057439332,0.3371978021978022,0.3327420067369816,-0.5055113057439332,1503.1313470016696,26.514702988598476,2.8223261047845725,18.04772467424476,-0.5055113057439332,-0.2580239323286416,1006.0823700571684
675,Kasey Smith,24716758,1,01:14:50,2026-03-27,2026-03-27,1.5457740529242314,497,696,536,543,597,559,571,591,604,601,612,491,515,534,724,400,1,0.897640943622551,1.5457740529242314,4490.0,-0.17262942878814738,-0.02205566889901524,-0.02205566889901524,0.56,0.5577889447236181,0.56,0.897640943622551,-0.17262942878814738,-0.02205566889901524,0.56,0.5577889447236181,-0.02205566889901524,1498.044445546,21.800651432563214,3.7674911285145267,10.498178047019634,-0.02205566889901524,0.32794433110098475,969.4762506037887
676,Ellen Leader,22684893,7,01:46:30,2025-04-12,2026-01-25,1.551044674616159,955,621,1006,1027,968,1018,992,1029,1050,1030,1052,1024,1045,1217,735,1099,7,1.281557386965856,1.4557461125558395,6389.714285714285,0.9524450726677394,1.0438548719270815,1.0145230716602796,0.8689819642231497,0.867990548964525,0.8299319727891157,1.266514329974508,0.8237418259285503,0.9617295870653247,0.8495484506582566,0.848245435184046,0.9138105857278064,1466.4151563826103,15.033621386293744,1.5954555419943484,10.2472547603107,1.0247892017536602,1.176142437480311,803.7748752253736
677,Alexa Lawrie,24718611,1,01:02:03,2025-11-15,2025-11-15,1.5510632764928716,13,697,90,102,130,124,171,98,113,98,111,150,164,271,420,55,1,0.5836337984010033,1.5510632764928716,3723.0,-0.5813257666789624,-0.853909969655461,-0.853909969655461,0.22448979591836735,0.20833333333333334,0.22448979591836735,0.5836337984010033,-0.5813257666789624,-0.853909969655461,0.22448979591836735,0.20833333333333334,-0.853909969655461,1504.8281084672167,28.298594943784664,3.994020496196336,16.316533455195657,-0.8539099696554608,-0.503909969655461,1058.4292911091472
678,Lisa Matyas,21926559,2,01:07:35,2025-08-03,2025-11-15,1.551213729431299,90,698,179,191,207,224,282,202,214,207,214,152,167,329,356,181,2,0.7262504048658618,1.551213729431299,4055.0,-0.5775059106478977,-0.5585317805646293,-0.5585317805646293,0.3281411984242173,0.31868131868131866,0.3018867924528302,0.7262504048658618,-0.5775059106478977,-0.5585317805646293,0.3281411984242173,0.31868131868131866,-0.5585317805646293,1503.089561175316,26.76932884121238,2.8958977663329843,18.081635542213427,-0.5585317805646293,-0.3110444071493377,1011.8174605106051
679,Isabel Kiefer,23764816,1,01:34:28,2025-06-20,2025-06-20,1.5526190883454567,332,700,348,370,441,408,425,319,330,282,303,308,319,468,645,247,1,0.8366051660516605,1.5526190883454567,5668.0,-0.3892197775133858,-0.2746867266629806,-0.2746867266629806,0.4019607843137255,0.37383177570093457,0.4019607843137255,0.8366051660516605,-0.3892197775133858,-0.2746867266629806,0.4019607843137255,0.37383177570093457,-0.2746867266629806,1499.4708319172016,23.473548841495276,3.826597370499609,11.99375672999645,-0.2746867266629806,0.07531327333701937,995.368037932919
680,Caleigh Shaw,24123556,4,01:30:05,2025-05-03,2026-03-27,1.5536351418871504,744,748,708,719,669,752,572,715,700,703,685,724,766,664,622,825,4,1.0509742861604385,1.6436759996942962,5405.25,0.17030216668231893,0.25588050235792653,0.36305109223604315,0.6216910018483677,0.6023460410557185,0.2727272727272727,1.0297438010061035,0.11998632332034245,0.2488209358468583,0.6277585920206921,0.6171187683284458,-0.01987972784147507,1495.2747704549522,19.32179507997615,2.3078294129218904,12.39830684121048,0.32554138577870234,0.4308805023579265,899.6979607481904
681,Karen Kent,24714921,2,01:32:03,2025-11-01,2026-03-27,1.5541126172712574,799,701,787,788,771,787,807,791,786,795,790,778,793,883,723,794,2,1.0769381201463257,1.5541126172712574,5523.0,0.21856137633381276,0.39697485375803043,0.39697485375803043,0.6842687074829932,0.6825394093756454,0.525,1.0769381201463257,0.21856137633381276,0.39697485375803043,0.6842687074829932,0.6825394093756454,0.39697485375803043,1491.060112765747,18.959115643647184,2.8197535516519614,10.4998549886913,0.39697485375803043,0.644462227173322,906.3964617144427
682,Jenny Hierlinger,24170585,1,01:15:16,2026-03-27,2026-03-27,1.554725083074795,511,702,546,549,605,567,578,625,629,633,636,502,524,558,749,414,1,0.9028388644542183,1.554725083074795,4516.0,-0.16386309060749926,-0.008052110673091991,-0.008052110673091991,0.58,0.5778894472361809,0.58,0.9028388644542183,-0.16386309060749926,-0.008052110673091991,0.58,0.5778894472361809,-0.008052110673091991,1497.525526627081,21.306118954754094,3.768060150623603,10.001938502883284,-0.008052110673091991,0.341947889326908,968.2658414078076
683,Sammy Bosshardt,21925207,1,00:52:38,2025-10-11,2025-10-11,1.5569961106442387,18,703,33,36,55,40,64,25,29,31,34,50,54,181,238,17,1,0.6180039138943249,1.5569961106442387,3158.0,-0.9408662879093542,-1.3275273254226434,-1.3275273254226434,0.08139534883720931,0.06976744186046512,0.08139534883720931,0.6180039138943249,-0.9408662879093542,-1.3275273254226434,0.08139534883720931,0.06976744186046512,-1.3275273254226434,1510.2368026559477,34.3055766140091,4.00991202734712,22.275840531967738,-1.3275273254226434,-0.9775273254226434,1110.0333980807502
684,Ameenah Saafir,21915467,1,01:21:59,2026-03-27,2026-03-27,1.5599388891153572,686,704,669,675,720,678,699,703,703,713,711,625,629,582,758,557,1,0.9845876701361088,1.5599388891153572,4919.0,-0.03387853188511462,0.16426325316837204,0.16426325316837204,0.6231155778894473,0.6212121212121212,0.6231155778894473,0.9845876701361088,-0.03387853188511462,0.16426325316837204,0.6231155778894473,0.6212121212121212,0.16426325316837204,1496.8588943535988,21.109641783683056,3.7696851667821325,9.800586283336658,0.16426325316837204,0.514263253168372,949.311886123828
685,Anne Khong,24223848,2,01:14:31,2025-08-03,2026-03-27,1.560561190357872,383,705,450,466,458,492,502,519,532,521,533,396,412,601,560,415,2,0.8578765951382352,1.560561190357872,4471.0,-0.2911982306201181,-0.14680191252183977,-0.14680191252183977,0.5216649284156631,0.5156371406371406,0.49056603773584906,0.8578765951382352,-0.2911982306201181,-0.14680191252183977,0.5216649284156631,0.5156371406371406,-0.14680191252183977,1496.6024218406499,22.214874286949094,2.9009758799003356,13.511946647248088,-0.14680191252183977,0.10068546089345182,968.2421105913448
686,Arlyn Purcell,21935425,4,01:57:10,2025-05-03,2025-11-01,1.5610595869610977,1021,637,1060,1047,1010,1046,1040,1084,1053,1084,1056,1078,1067,1195,828,1082,4,1.3146201711686192,1.4759515271360504,7030.25,1.0319881983907997,1.1084610836066577,1.1026413328916194,0.8715368993402653,0.8706470694572772,0.8410596026490066,1.3499253783384755,1.0657536558737204,1.1635406484050028,0.8907331278490966,0.8899854878881613,1.0697656146171621,1476.6438438245368,14.83890969919742,2.070655243234217,8.626943969494768,1.1046782456418827,1.2834610836066578,813.0178405030209
687,Jennifer Berumen,21979704,1,01:32:47,2025-04-04,2025-04-04,1.5630206329781595,807,706,797,800,832,798,817,825,823,830,826,758,771,710,810,717,1,1.0826526643329444,1.5630206329781595,5567.0,0.17570421744674128,0.4166316858223333,0.4166316858223333,0.7094240837696335,0.7078947368421052,0.7094240837696335,1.0826526643329444,0.17570421744674128,0.4166316858223333,0.7094240837696335,0.7078947368421052,0.4166316858223333,1494.409090909091,20.40126573670106,3.8019434979925317,8.995435242723465,0.41663168582233334,0.7666316858223332,922.0156864862263
688,Tiffany Rivera,24716401,1,01:22:21,2026-03-27,2026-03-27,1.5669156436509413,694,707,674,679,724,682,702,724,722,729,727,633,637,596,765,562,1,0.9889911929543634,1.5669156436509413,4941.0,-0.02419895134651044,0.17618111820116886,0.17618111820116886,0.6331658291457286,0.6313131313131313,0.6331658291457286,0.9889911929543634,-0.02419895134651044,0.17618111820116886,0.6331658291457286,0.6313131313131313,0.17618111820116886,1496.7298620955344,20.99670469556518,3.7699981646754335,9.686710201538881,0.17618111820116886,0.5261811182011689,948.1423366701821
689,Shannon May,24718371,3,01:53:18,2025-04-04,2026-03-27,1.5688902512526608,773,667,752,757,726,753,776,752,743,757,747,721,734,1083,661,804,3,1.056889931951314,1.5079790494333436,6797.666666666667,0.11567545965439718,0.32641041631828505,0.3269380559662472,0.650215097864098,0.6469810146280733,0.5507246376811594,1.055042678134396,0.1157727637089234,0.32654232623027557,0.6547467505337519,0.6519024276377217,0.32641041631828505,1486.4595562830991,18.940770324964774,2.39418143276155,11.758226026680124,0.3267533820894605,0.5284830105346541,904.9569922378241
690,Dawn-Marie Bey,23786576,3,02:01:08,2025-04-04,2026-03-27,1.5705219773230348,833,679,814,851,809,818,868,829,859,833,864,780,840,1096,704,882,3,1.1441343199587977,1.5248355909589837,7268.333333333333,0.30428322248450496,0.5271011934653272,0.4321503056893234,0.7329509671614934,0.7309112501742318,0.65,1.1060015796332325,0.22467216490580927,0.4501735197081071,0.7122132253711202,0.7102437391382115,0.5271011934653272,1485.5075573943411,18.017656238771632,2.379481761079312,10.879210955533695,0.4653831164109247,0.7291737876816963,883.8630601122911
691,Jennifer Cartee,23764859,1,02:06:24,2025-04-04,2025-04-04,1.5720970819560198,699,708,694,700,744,699,723,666,663,676,676,643,644,608,709,589,1,0.9937106918238994,1.5720970819560198,7584.0,-0.010853180184562591,0.2211833895564709,0.2211833895564709,0.5989583333333334,0.5968586387434555,0.5989583333333334,0.9937106918238994,-0.010853180184562591,0.2211833895564709,0.5989583333333334,0.5968586387434555,0.2211833895564709,1496.421052631579,22.166590509501212,3.797731167085085,10.773397008245958,0.22118338955647088,0.5711833895564709,942.2829255480743
692,Sakara Perry,21925158,2,01:30:00,2025-04-04,2025-08-16,1.5730210824401063,592,709,593,599,580,607,624,605,615,610,618,537,554,689,576,565,2,0.9408735801802501,1.5730210824401065,5400.5,-0.12815737278274747,0.05239162478151402,0.05239162478151402,0.568436798803291,0.5644736842105262,0.5654450261780105,0.9408735801802501,-0.12815737278274747,0.05239162478151402,0.568436798803291,0.5644736842105262,0.05239162478151402,1494.7608557299136,21.87127186462538,2.881900914571687,13.22556912091032,0.05239162478151402,0.29987899819680564,946.8324335703022
693,Rachel Gaskin,22448265,2,01:25:50,2025-04-04,2026-03-27,1.573272582661601,728,710,699,706,701,705,728,716,715,723,720,669,670,791,642,696,2,1.0214016453003594,1.573272582661601,5150.0,0.031918835050305155,0.23318854755535123,0.23318854755535123,0.6293180562498355,0.6274189261031367,0.5125628140703518,1.0214016453003594,0.031918835050305155,0.23318854755535123,0.6293180562498355,0.6274189261031367,0.23318854755535123,1492.714152799634,20.50792373118036,2.828149837905024,12.023474217465287,0.23318854755535123,0.4806759209706428,924.9831432091578
694,Sarah Grimm,22605543,1,01:35:46,2025-06-20,2025-06-20,1.5739854060749814,362,711,380,401,466,433,449,381,398,345,367,340,356,517,690,261,1,0.8481180811808118,1.5739854060749814,5746.0,-0.36179507774279496,-0.23855962024566787,-0.23855962024566787,0.4411764705882353,0.411214953271028,0.4411764705882353,0.8481180811808118,-0.36179507774279496,-0.23855962024566787,0.4411764705882353,0.411214953271028,-0.23855962024566787,1498.3631396095095,22.611091877242306,3.829307008753709,11.123170850981179,-0.23855962024566787,0.1114403797543321,991.9977344204185
695,Sarah Mackey,21972367,3,01:22:32,2025-04-04,2026-03-27,1.5741516953188763,657,687,634,643,591,645,665,624,631,631,638,606,618,759,516,686,3,0.9684808963019997,1.532891675615506,4952.333333333333,-0.04880569190745726,0.11381605778213126,0.09386741844609371,0.5810343670291314,0.5779065282553116,0.44502617801047123,0.9658037848947646,-0.06110425448151417,0.10882889794812187,0.5795257752718486,0.5766459765934938,0.11381605778213126,1493.3902540459203,21.585906392921505,2.3845616572551163,14.432221421156155,0.10084944221370686,0.3158886519985003,927.2913742760682
696,Becky Mintz,21922361,1,01:13:14,2025-08-03,2025-08-03,1.5747415695003353,216,712,336,354,428,396,412,432,455,428,449,283,296,496,636,230,1,0.7894358605821057,1.5747415695003353,4394.0,-0.40920024822081846,-0.29675404325579663,-0.29675404325579663,0.4716981132075472,0.46153846153846156,0.4716981132075472,0.7894358605821057,-0.40920024822081846,-0.29675404325579663,0.4716981132075472,0.46153846153846156,-0.29675404325579663,1498.7397913232028,24.047846082728537,3.9828191806611466,12.099388540745096,-0.29675404325579663,0.05324595674420335,999.3005259189696
697,Natalie Hinkley,21173211,6,01:41:40,2025-04-04,2026-03-27,1.577057840152459,815,602,846,891,844,897,682,828,879,827,876,865,920,1192,652,1014,6,1.1412848875739245,1.429907694580885,6100.166666666667,0.5393051233503682,0.6535185281339029,0.6826344682788544,0.7455576441102757,0.7392872800126004,0.4803921568627451,1.0893431195277317,0.37936678265120927,0.515082467019397,0.711671319843727,0.7065179813205629,0.13147483734482965,1477.108550846657,17.033659943838803,1.716907908238511,11.88293621912327,0.6724438892281214,0.796405429796255,846.3463571849202
698,Jordan Halperin,24211940,3,01:59:57,2025-07-05,2026-03-27,1.579989079231897,789,719,783,837,791,864,852,789,828,791,832,779,857,1111,710,872,3,1.1066324256350215,1.6005202766065239,7196.666666666667,0.3254345827101594,0.49422657340485693,0.6081960196533792,0.7138798898996374,0.7114953456129927,0.5879396984924623,1.069565992564937,0.22119692848682787,0.39371367557448905,0.6823948420478436,0.680086155674391,0.49422657340485693,1484.6428083548753,18.032907298884304,2.424189241445755,10.76033957454704,0.5683067134663964,0.696299167621226,886.4024353890944
699,Sarah Teare,24115528,1,01:17:28,2026-03-27,2026-03-27,1.5802693489889217,607,714,595,604,658,609,629,602,611,613,621,542,559,556,744,477,1,0.946832348747199,1.5802693489889217,4648.0,-0.12466205927046518,0.05990681848219173,0.05990681848219173,0.5678391959798995,0.5656565656565656,0.5678391959798995,0.946832348747199,-0.12466205927046518,0.05990681848219173,0.5678391959798995,0.5656565656565656,0.05990681848219173,1497.5880851158283,21.407872576416715,3.768093399060453,10.103592379235355,0.05990681848219173,0.4099068184821917,960.2073484745479
700,Carolyn Baker,24718533,1,01:23:05,2026-03-27,2026-03-27,1.5808691527221093,705,715,683,690,736,688,713,729,727,734,732,649,650,602,773,573,1,0.9977982385908728,1.5808691527221093,4985.0,-0.0048397902693020885,0.1998584754260794,0.1998584754260794,0.6381909547738693,0.6363636363636364,0.6381909547738693,0.9977982385908728,-0.0048397902693020885,0.1998584754260794,0.6381909547738693,0.6363636363636364,0.1998584754260794,1496.6008298374697,20.88284497679653,3.7703036587428453,9.571934000567994,0.19985847542607943,0.5498584754260794,945.5199431018801
701,Tara Mills,22733821,7,02:02:57,2025-04-12,2025-11-01,1.5818331520619846,1025,732,1068,1106,1077,1106,1051,1090,1098,1090,1101,1087,1116,1219,887,1157,7,1.4171721903089711,1.6180584008388268,7376.857142857143,1.4330852966103713,1.411768444414771,1.448375488923078,0.9092645411526329,0.906991092405201,0.8076923076923077,1.3582510652432227,1.126631320859265,1.2078986982324476,0.8975018774902941,0.8966165921207507,1.1034617669934812,1461.493106973155,12.058465318754529,1.63432349502681,7.155494833674099,1.4355630233451704,1.5440560099680005,761.0200210873533
702,Michelle Tong,24493978,1,01:20:53,2026-03-27,2026-03-27,1.5864579908055203,493,716,497,512,567,530,541,532,546,541,559,438,459,508,711,363,1,0.8948921261294487,1.5864579908055203,4853.0,-0.2439299871445432,-0.07951007721690954,-0.07951007721690954,0.53,0.5276381909547738,0.53,0.8948921261294487,-0.2439299871445432,-0.07951007721690954,0.53,0.5276381909547738,-0.07951007721690954,1498.5440021952168,22.060300987725288,3.767790005984306,10.75693096977237,-0.07951007721690954,0.2704899227830904,975.4835075603465
703,Joelle Hershberger,24489863,3,01:17:06,2025-11-08,2026-03-27,1.5917814807697988,459,746,446,500,462,484,531,472,513,479,520,414,477,646,417,541,3,0.9083534321942004,1.640956844654478,4626.333333333333,-0.2196473286667111,-0.09801879885529208,-0.1943357451230767,0.5103353102894387,0.506487463773896,0.435,0.8849346297421836,-0.2722572671492728,-0.15333339306756877,0.49150148271707905,0.4879057988354471,-0.09801879885529208,1495.6993898762369,23.52457640376409,2.368004773638313,16.420562082849152,-0.16062481392935207,0.10405379536107695,951.4518592291624
704,Monika Koops,24005736,5,01:08:10,2025-04-12,2025-10-25,1.5919180283892296,353,460,251,379,317,446,345,214,369,211,369,243,373,322,287,537,5,0.8920448304046191,1.2849711550913994,4090.4,-0.33779481696307584,-0.26642128049589686,-0.19634485459991968,0.41997169203187373,0.41187227958406103,0.19672131147540983,0.8440887035845641,-0.4527979344271561,-0.42883660744815,0.33610525588003703,0.3254913131089616,-0.43078576740452884,1503.3560824826159,25.99836789305488,1.885990036837596,20.34039778254209,-0.2208716036635117,-0.1098965220709116,951.8612920635545
705,Krystal Jakosky,20518026,1,01:18:09,2026-03-27,2026-03-27,1.5942089021964403,629,717,614,624,673,630,648,612,621,619,627,566,577,560,751,500,1,0.9551843552658382,1.5942089021964403,4689.0,-0.1050791304195492,0.08268681058471239,0.08268681058471239,0.5728643216080402,0.5707070707070707,0.5728643216080402,0.9551843552658382,-0.1050791304195492,0.08268681058471239,0.5728643216080402,0.5707070707070707,0.08268681058471239,1497.4554884307456,21.29129381627893,3.768303687329437,9.98638275429062,0.08268681058471239,0.43268681058471237,957.6881518953207
706,Marissa Belau,22197641,3,01:21:45,2025-04-04,2026-03-27,1.5943745505068916,589,737,578,578,540,598,607,573,595,581,602,525,539,744,480,616,3,0.9374636191408033,1.6284747023436907,4904.666666666667,-0.1467381415863327,0.027721320649082292,0.04547274817613878,0.5544733621504913,0.5512933460301882,0.45054945054945056,0.938536065036147,-0.14206221910717926,0.03215917753084641,0.5515334135726675,0.5485710196236512,0.027721320649082292,1493.7460914534295,22.311548134595412,2.3556144723841466,15.244704717442973,0.03925974854166901,0.2297939148654513,937.3027344971483
707,Wendy Shieu,24855268,2,01:12:23,2025-11-15,2026-03-27,1.5977995860476673,209,718,256,276,277,315,351,275,291,278,293,212,226,372,383,238,2,0.7872727193670561,1.5977995860476675,4343.0,-0.49865699474109404,-0.4232562567699523,-0.4232562567699523,0.37403846153846154,0.3695952288917113,0.325,0.7872727193670561,-0.49865699474109404,-0.4232562567699523,0.37403846153846154,0.3695952288917113,-0.4232562567699523,1501.9547498756776,25.869461093054927,2.8230666321617615,17.400261196569645,-0.4232562567699524,-0.17576888335466073,996.7230394251607
708,Vicky McKinley,20859749,1,01:37:30,2025-06-20,2025-06-20,1.6024738297143477,400,720,412,432,494,463,475,430,453,388,406,363,378,571,733,293,1,0.8634686346863468,1.6024738297143477,5850.0,-0.3252288113820071,-0.191145634958652,-0.191145634958652,0.47058823529411764,0.4392523364485981,0.47058823529411764,0.8634686346863468,-0.3252288113820071,-0.191145634958652,0.47058823529411764,0.4392523364485981,-0.191145634958652,1497.2554473018172,21.779333245897963,3.832989041851604,10.280366120343151,-0.191145634958652,0.15885436504134798,987.1333614065292
709,Alissa Smith,24727523,1,01:00:15,2025-11-08,2025-11-08,1.603492673145346,35,721,49,56,75,65,100,26,31,32,36,58,67,198,240,28,1,0.6599123767798467,1.603492673145346,3615.0,-0.8981954245401483,-1.1496263818590058,-1.1496263818590058,0.08256880733944955,0.07407407407407407,0.08256880733944955,0.6599123767798467,-0.8981954245401483,-1.1496263818590058,0.08256880733944955,0.07407407407407407,-1.1496263818590058,1509.013413772748,33.88029923402432,3.907117154664245,22.158947770031588,-1.1496263818590058,-0.7996263818590058,1089.5982587409767
710,Debbie Dyson,21616379,6,01:26:44,2025-04-04,2026-03-27,1.603958552632553,348,762,347,670,578,702,443,377,669,382,677,344,661,1098,441,823,6,0.9899917162357809,1.666882387865139,5203.666666666667,0.02065958082907145,0.1557487041809443,0.27143474263994044,0.6020857335252514,0.5970634652523934,0.3015075376884422,0.8429547029375212,-0.3576988595467095,-0.27496697850759333,0.43662277010760164,0.43123567048857203,-0.24955203306891247,1485.3409317965413,21.062370485159665,1.7193863780204557,15.904211351098297,0.2309446291792918,0.2986356058432964,900.0121945560243
711,Debra Svendson,22849486,5,01:18:27,2025-04-12,2025-11-01,1.6063596458071316,768,678,747,807,749,834,742,780,820,779,820,749,833,1145,542,900,5,1.0800487426110206,1.5215306851174852,4706.8,0.2921173878425249,0.43246878641922015,0.5149694001786248,0.7086515489985491,0.7039343973443662,0.5737704918032787,1.050881907523686,0.16174921392058045,0.3230108305615099,0.6745251805675825,0.6689147336841006,0.26123211452612427,1483.009531899901,19.518746895122444,1.8739528886566326,13.896888229152546,0.4860941853628332,0.5889935448442054,879.0299179748733
712,Amy Carr,18525533,1,01:24:42,2026-03-27,2026-03-27,1.6116302977199115,722,723,709,716,756,713,736,743,740,748,745,672,673,611,788,602,1,1.0172137710168134,1.6116302977199115,5082.0,0.037838360287270875,0.25132645058337416,0.25132645058337416,0.6482412060301508,0.6464646464646465,0.6482412060301508,1.0172137710168134,0.037838360287270875,0.25132645058337416,0.6482412060301508,0.6464646464646465,0.25132645058337416,1496.3427653213407,20.651656498625975,3.770929434594932,9.33886819484118,0.25132645058337416,0.6013264505833742,939.8021309839169
713,Bella Luiken,22615359,1,01:38:06,2025-06-20,2025-06-20,1.6123352071279744,421,725,425,447,510,476,486,469,487,421,444,374,389,605,763,308,1,0.8687822878228783,1.6123352071279744,5886.0,-0.31257125764173443,-0.1749292724071026,-0.1749292724071026,0.49019607843137253,0.45794392523364486,0.49019607843137253,0.8687822878228783,-0.31257125764173443,-0.1749292724071026,0.49019607843137253,0.45794392523364486,-0.1749292724071026,1496.5169857633555,21.230587210502257,3.835617653036272,9.723734251393441,-0.1749292724071026,0.17507072759289738,985.6606365758461
714,Rebecca Simons,24144931,2,01:13:12,2025-10-11,2025-11-01,1.6126287500896106,440,726,382,403,408,435,451,374,392,373,395,376,392,485,434,352,2,0.8761532890267457,1.6126287500896104,4392.0,-0.3119752273013049,-0.23740070978009015,-0.23740070978009015,0.434780889099826,0.4271264733991717,0.4069767441860465,0.8761532890267457,-0.3119752273013049,-0.23740070978009015,0.434780889099826,0.4271264733991717,-0.23740070978009015,1498.9880519671908,24.6833978067882,2.8669808576803617,16.082455233747115,-0.23740070978009015,0.010086663635201443,976.9891864050475
715,Kate Crocker,22353778,1,01:18:07,2026-03-27,2026-03-27,1.61359531983427,585,727,613,623,672,629,647,687,684,696,695,563,574,593,793,493,1,0.9370251899240304,1.61359531983427,4687.0,-0.10620755872708286,0.08208683323776818,0.08208683323776818,0.61,0.6080402010050251,0.61,0.9370251899240304,-0.10620755872708286,0.08208683323776818,0.61,0.6080402010050251,0.08208683323776818,1496.7471482487026,20.564614249543254,3.76930934215415,9.256686223080804,0.08208683323776818,0.43208683323776814,958.4998628580586
716,Tulsi Mali,22543407,3,01:25:18,2025-04-04,2026-03-27,1.6144664970643108,697,713,677,689,653,694,712,718,729,722,731,641,653,962,565,721,3,0.9987920398096378,1.576401798587321,5118.333333333333,-5.836401974458154e-06,0.19539827514945327,0.216871488007256,0.6385843737414417,0.6355444988098387,0.605,0.9928705373254194,-0.014447600224513007,0.18146392030271008,0.6301882803060813,0.6274121429516001,0.19539827514945327,1489.429434793886,20.508776720263825,2.3763623158838065,13.379689772612405,0.20935586350702504,0.3974708693658223,921.1088957186167
717,Rachel Shields,21169710,8,01:36:16,2025-04-04,2026-03-27,1.6145713344846395,874,600,882,907,858,926,769,854,911,861,919,886,929,1207,573,1042,8,1.168087367037731,1.427593013045664,5776.125,0.5679388676808215,0.7036538151273053,0.8248117556316567,0.773032204195387,0.7715593292719211,0.6080402010050251,1.143348814948668,0.4589194693158429,0.6112647016665096,0.7264624525322334,0.724848523485067,0.315735234342114,1473.1262020792096,17.744980038432374,1.4898978644131806,13.275286445192831,0.7824064764551337,0.8273975018349511,834.3377550736926
718,Tori Pierson,24726811,1,01:15:09,2025-08-03,2025-08-03,1.6159557890025062,269,728,381,402,467,434,450,502,509,494,505,331,345,562,699,256,1,0.810097017606899,1.6159557890025062,4509.0,-0.36904834673157433,-0.23839591954733846,-0.23839591954733846,0.5094339622641509,0.5,0.5094339622641509,0.810097017606899,-0.36904834673157433,-0.23839591954733846,0.5094339622641509,0.5,-0.23839591954733846,1497.4064579898695,22.965035567641003,3.997257026162315,10.973264489154058,-0.23839591954733846,0.11160408045266151,993.3440586736288
719,My-Lea Coulombe-Quach,22873087,2,01:45:12,2025-04-04,2026-03-27,1.616181294713038,682,729,680,683,674,685,707,717,716,724,721,631,633,769,632,655,2,0.9818427188872879,1.616181294713038,6312.5,-0.02933751345278581,0.18537681761248367,0.18537681761248367,0.63015625,0.6282656739193349,0.565,0.9818427188872879,-0.02933751345278581,0.18537681761248367,0.63015625,0.6282656739193349,0.18537681761248367,1493.1175387909382,20.628739194774013,2.827153918866452,12.147277438174658,0.18537681761248367,0.4328641910277753,931.5302358711805
720,Trisha Heathcote,24718882,1,01:24:59,2026-03-27,2026-03-27,1.6170214262246811,727,730,713,722,758,719,741,751,748,755,752,678,680,615,797,607,1,1.0206164931945556,1.6170214262246811,5099.0,0.045318036158010465,0.2602453417367507,0.2602453417367507,0.6532663316582915,0.6515151515151515,0.6532663316582915,1.0206164931945556,0.045318036158010465,0.2602453417367507,0.6532663316582915,0.6515151515151515,0.2602453417367507,1496.2137330632763,20.5342278758537,3.771249277047652,9.220480044710742,0.2602453417367507,0.6102453417367506,938.8769610138414
721,Jim van den Hogen,23749360,1,01:25:03,2026-03-27,2026-03-27,1.6182899270493327,729,733,715,723,760,722,743,756,752,762,757,681,684,624,803,609,1,1.0214171337069655,1.6182899270493327,5103.0,0.04707795989230213,0.26233958279892594,0.26233958279892594,0.6582914572864321,0.6565656565656566,0.6582914572864321,1.0214171337069655,0.04707795989230213,0.26233958279892594,0.6582914572864321,0.6565656565656566,0.26233958279892594,1496.0847008052117,20.4156863467471,3.7715602057896143,9.101005729378258,0.26233958279892594,0.612339582798926,938.736625804254
722,Tricia Marotz,21896723,6,01:38:12,2025-04-12,2025-11-01,1.6202841515805997,835,643,831,873,810,890,788,814,855,812,858,834,891,1190,564,989,6,1.133277659307095,1.478998507403709,5892.0,0.45937777487268283,0.5922731484422461,0.6908244881706516,0.7288153033262224,0.7255172996583862,0.5581395348837209,1.1069361592942473,0.3127807936653201,0.48274247202899384,0.7013973164185582,0.6972159641391772,0.34603931101007374,1477.5760156254767,18.550250055772555,1.7185799641191895,13.394510163414987,0.6563315192657097,0.7351600501045982,854.9445234098802
723,Faye Alleman,23751126,3,01:48:34,2025-04-04,2026-03-27,1.6209436832889104,687,756,660,681,642,649,704,651,677,652,665,614,626,933,585,720,3,0.9965875497451089,1.6593547514313807,6514.333333333333,-0.035991348856558504,0.18057225892414977,0.0697698105957188,0.6053947227969915,0.5928154174716781,0.5294117647058824,0.9850307343664778,-0.05427232952393974,0.15287164684204202,0.5947495596856833,0.5847630782552737,0.18057225892414977,1489.9627408469248,20.240695689689797,2.368529934869129,13.13510588508241,0.10855066751066964,0.38264485314051877,921.3021228786442
724,Megan Swanson,24945618,1,01:19:29,2026-03-27,2026-03-27,1.6214080304062324,667,734,647,655,698,662,679,647,650,660,662,600,609,580,777,531,1,0.971480953350988,1.6214080304062324,4769.0,-0.06686853753971313,0.12656768920110525,0.12656768920110525,0.592964824120603,0.5909090909090909,0.592964824120603,0.971480953350988,-0.06686853753971313,0.12656768920110525,0.592964824120603,0.5909090909090909,0.12656768920110525,1496.925101690414,20.8144404564308,3.769274242021921,9.506617730365036,0.12656768920110525,0.47656768920110526,953.0438609046869
725,Marjorie,22682522,7,01:32:50,2025-04-12,2025-11-15,1.6244213447912903,695,538,672,831,759,861,654,640,801,649,803,660,866,1179,485,967,7,1.095274286586465,1.3565560603473117,5569.714285714285,0.3484155566423587,0.47936906807507296,0.6109714342669869,0.697469601981707,0.6951250524716228,0.45604395604395603,0.9925094443221997,0.01724415377345173,0.16939184476619853,0.5876217965612652,0.5839060355203622,0.09486370504445735,1479.1996657961724,19.887767787594377,1.581323857998887,15.143796213597717,0.564910606099817,0.6116566336283025,861.2129823334514
726,Joy Peterson,24490614,1,01:34:35,2026-01-25,2026-01-25,1.6276189465555209,950,736,1000,996,1015,996,1005,996,993,999,996,1015,1013,814,871,957,1,1.2630758958379702,1.6276189465555209,5675.0,0.8012141607655233,0.9461387331768701,0.9461387331768701,0.8282828282828283,0.826530612244898,0.8282828282828283,1.2630758958379702,0.8012141607655233,0.9461387331768701,0.8282828282828283,0.826530612244898,0.9461387331768701,1492.3413291426461,19.130602608193108,3.830389161998056,7.63943512219894,0.94613873317687,1.2961387331768701,863.4995509307184
727,Virginia Lawson,21904775,1,01:19:53,2026-03-27,2026-03-27,1.62956776886917,678,738,651,660,705,665,684,663,662,674,673,611,615,590,787,540,1,0.976369932776533,1.62956776886917,4793.0,-0.0554053596757623,0.13958848998210197,0.13958848998210197,0.5979899497487438,0.5959595959595959,0.5979899497487438,0.976369932776533,-0.0554053596757623,0.13958848998210197,0.5979899497487438,0.5959595959595959,0.13958848998210197,1496.7925050053311,20.6910487695425,3.7695714625680923,9.382334381838223,0.13958848998210197,0.4895884899821019,951.646971327435
728,Samantha Dahlke,22639311,2,01:32:14,2025-04-04,2025-11-08,1.630450785722185,318,739,295,311,311,347,380,265,280,267,284,286,299,409,386,285,2,0.8304912761394349,1.630450785722185,5534.0,-0.40840274703714996,-0.3692299981108037,-0.3692299981108037,0.36722333715596334,0.36232305604033355,0.21100917431192662,0.8304912761394349,-0.40840274703714996,-0.3692299981108037,0.36722333715596334,0.36232305604033355,-0.3692299981108037,1500.7882794664365,25.90468028338808,2.853692234480275,17.343603579947253,-0.3692299981108037,-0.12174262469551211,988.2302031655971
729,Allison Treacy,18141628,5,01:47:42,2025-04-12,2025-09-27,1.6311323924119567,957,673,1017,960,908,939,892,1025,981,1028,982,1037,995,1198,738,1046,5,1.2172436419159898,1.5160380755025238,6462.2,0.7391447882030697,0.8529303499095476,0.7819202669435308,0.8193678930900272,0.8177964521614415,0.7272727272727273,1.2673954750613334,0.8933630246310509,0.9878890966648608,0.8490622297148332,0.8476008424076282,0.6170466775248414,1475.2043233548295,15.858052208724374,1.887612296227112,10.195215320043037,0.8067737959816366,1.009455108334533,833.7468828828746
730,Erin Manthey,23973497,7,01:29:10,2025-04-12,2026-03-27,1.6311999468752425,690,660,663,880,818,913,706,637,866,648,869,659,904,1199,572,1013,7,1.1374364703036468,1.5009746647429802,5349.857142857143,0.49791775569150104,0.6164079741451662,0.8008886322645054,0.7367573204746434,0.73488266038919,0.5025125628140703,0.9871779488134405,0.015666977914784552,0.1557960188051882,0.5863440088743602,0.5836604440893944,0.1820546853917969,1475.061852716609,18.05334232467172,1.5883126936055103,13.28840424385519,0.7363204019227366,0.7486955396983958,846.382880270793
731,Cherie Giannandrea,24244451,2,01:43:48,2025-08-02,2025-11-01,1.6361460571060626,1058,740,1105,1103,1094,1101,1106,1128,1128,1130,1130,1114,1109,1149,1044,1104,2,1.4126775780960341,1.6361460571060626,6228.0,1.3625525164309675,1.3814959998872038,1.3814959998872038,0.929945054945055,0.9294741493592575,0.9047619047619048,1.4126775780960341,1.3625525164309675,1.3814959998872038,0.929945054945055,0.9294741493592575,1.3814959998872038,1482.555627828872,12.289315136344959,2.8681792347124953,3.684777432207474,1.3814959998872038,1.6289833733024954,800.7717680048258
732,Sonia Lara,24675966,2,01:10:53,2025-11-15,2026-03-27,1.63622104902765,120,741,275,293,292,330,363,246,263,246,264,310,322,323,396,251,2,0.747635763064268,1.6362210490276499,4253.0,-0.38868160804626817,-0.397230795073155,-0.397230795073155,0.35846938775510206,0.3500837520938023,0.3469387755102041,0.747635763064268,-0.38868160804626817,-0.397230795073155,0.35846938775510206,0.3500837520938023,-0.397230795073155,1503.1738490266941,25.69649549147606,2.8961011373407928,17.008192079453682,-0.39723079507315506,-0.14974342165786342,994.1688868402331
733,Maya Drucker,22639736,1,02:11:35,2025-04-04,2025-04-04,1.6365646706280033,751,742,744,751,777,746,770,771,767,774,770,684,693,670,767,651,1,1.0344601677148848,1.6365646706280033,7895.0,0.059466383094582534,0.3192537243230569,0.3192537243230569,0.6666666666666666,0.6649214659685864,0.6666666666666666,1.0344601677148848,0.059466383094582534,0.3192537243230569,0.6666666666666666,0.6649214659685864,0.3192537243230569,1495.157894736842,21.083921533645785,3.801199186569688,9.680323973936721,0.3192537243230569,0.6692537243230569,932.3590037165837
734,Jennifer Fry,24727514,1,01:20:14,2026-03-27,2026-03-27,1.6367075400242403,681,744,659,668,712,674,694,677,675,685,683,617,621,598,792,549,1,0.9806477897738848,1.6367075400242403,4814.0,-0.04537507904480533,0.15092831819894795,0.15092831819894795,0.6030150753768844,0.601010101010101,0.6030150753768844,0.9806477897738848,-0.04537507904480533,0.15092831819894795,0.6030150753768844,0.601010101010101,0.15092831819894795,1496.6599083202482,20.566473616636888,3.769850536599928,9.256922006837105,0.15092831819894795,0.5009283181989479,950.4433935950606
735,Rowan Cleland,24514756,1,01:23:33,2026-03-27,2026-03-27,1.6387623960247424,556,745,554,558,613,573,586,554,569,561,579,488,514,514,716,426,1,0.9243960907246912,1.6387623960247424,5013.0,-0.17545841180572405,0.0033079444430150445,0.0033079444430150445,0.54,0.5376884422110553,0.54,0.9243960907246912,-0.17545841180572405,0.0033079444430150445,0.54,0.5376884422110553,0.0033079444430150445,1498.4128546542331,21.94010967387175,3.7680638377105486,10.635918160740104,0.003307944443015045,0.353307944443015,966.1594350694552
736,Joe Feehan,22820661,4,01:30:34,2025-04-04,2026-03-27,1.6423966093618525,407,747,415,519,461,545,496,446,545,449,549,381,493,757,458,604,4,0.9029900110246739,1.641545161070931,5433.75,-0.2076559254282751,-0.0713599319438156,-0.036512304389053084,0.527654200208706,0.5222734388068241,0.385,0.8648081372665202,-0.30584943565971745,-0.18808896127194863,0.47942303033691114,0.47412024166588723,-0.1627603411035507,1493.4642337234923,21.91645688981146,2.1018126286799133,15.61101900377172,-0.048708974033219964,0.10364006805618439,939.5760652383453
737,Lisa Grow,24576206,2,01:05:06,2025-10-11,2026-03-27,1.6448564940066788,192,749,201,217,228,249,301,226,241,225,241,187,200,371,394,204,2,0.7789811157987306,1.6448564940066788,3905.5,-0.5294184777271859,-0.5161870049380848,-0.5161870049380848,0.3435491410541077,0.3360347662673244,0.32663316582914576,0.7789811157987306,-0.5294184777271859,-0.5161870049380848,0.3435491410541077,0.3360347662673244,-0.5161870049380848,1501.9643352526164,25.676714933294775,2.8648942368503203,17.082032222743813,-0.5161870049380848,-0.2686996315227932,1007.4427387810788
738,Frank Lieu,21125653,2,01:32:10,2025-04-04,2026-03-27,1.6469861750890165,818,750,805,806,783,803,823,818,813,826,821,765,781,893,707,798,2,1.090205108466392,1.6469861750890165,5530.0,0.19316364502860547,0.42987802499196665,0.42987802499196665,0.7056881264963561,0.7041733120680489,0.678391959798995,1.090205108466392,0.19316364502860547,0.42987802499196665,0.7056881264963561,0.7041733120680489,0.42987802499196665,1490.838818613629,19.324682461492674,2.829846785965885,10.835142103595018,0.42987802499196665,0.6773653984072583,905.68043621852
739,Samantha Nutter-Topel,22704935,5,01:43:55,2025-04-04,2025-11-08,1.6471714218972449,618,646,533,725,666,788,661,548,732,551,734,546,731,1093,490,844,5,1.0354662975612359,1.488129226088395,6235.4,0.11462670699790786,0.2675702131247101,0.4667042220335224,0.6401019827287293,0.6374308451718911,0.3669724770642202,0.9503430315759879,-0.12002616017594298,-0.026767628561454287,0.5376896148949267,0.5337868886223529,0.10666703792871425,1485.707840487666,20.606627268290236,1.860104573317764,15.026313548336944,0.3970073189154381,0.42409497154969533,893.8572936089607
740,Heather Putnam,24715045,1,01:31:42,2025-08-16,2025-08-16,1.6475108746877474,431,751,455,470,533,495,506,424,449,426,448,397,413,512,660,326,1,0.8719492868462757,1.6475108746877474,5502.0,-0.2893860994134058,-0.14311790600321614,-0.14311790600321614,0.4675324675324675,0.4605263157894737,0.4675324675324675,0.8719492868462757,-0.2893860994134058,-0.14311790600321614,0.4675324675324675,0.4605263157894737,-0.14311790600321614,1498.4959756683054,23.391935137181854,3.8770048456363453,11.760920600272819,-0.14311790600321614,0.20688209399678384,981.5490572214212
741,Mallory Roy,22233166,2,01:49:14,2025-04-04,2026-03-27,1.6475539280386764,756,752,751,756,745,750,775,781,778,785,783,703,710,822,671,751,2,1.0406375939325885,1.6475539280386764,6554.5,0.08261019260714675,0.3241309319637955,0.3241309319637955,0.6749502721943048,0.6732772753715162,0.6614583333333334,1.0406375939325885,0.08261019260714675,0.3241309319637955,0.6749502721943048,0.6732772753715162,0.3241309319637955,1492.1888031790118,19.987027290061217,2.828378306991474,11.501892369086796,0.3241309319637955,0.5716183053790871,917.5026793874463
742,Rocio Morfin,24715409,1,01:24:13,2026-03-27,2026-03-27,1.6518384973295477,576,753,568,571,633,584,600,582,597,587,604,509,529,539,734,449,1,0.9317720818735018,1.6518384973295477,5053.0,-0.15834051797101928,0.023599402467916197,0.023599402467916197,0.555,0.5527638190954773,0.555,0.9317720818735018,-0.15834051797101928,0.023599402467916197,0.555,0.5527638190954773,0.023599402467916197,1498.0194120312824,21.58101749572224,3.7688526135175384,10.274459655169624,0.023599402467916197,0.3735994024679162,964.1259173965916
743,Nailun Chen,23764078,2,01:48:17,2025-04-04,2026-03-27,1.6518901001196211,761,754,757,760,746,758,780,760,758,767,764,715,723,780,667,760,2,1.043335192262825,1.6518901001196213,6497.0,0.10126219311077989,0.33161436287587576,0.33161436287587576,0.6609217964824121,0.6591702363953673,0.578125,1.043335192262825,0.10126219311077989,0.33161436287587576,0.6609217964824121,0.6591702363953673,0.33161436287587576,1492.9193250546757,20.032494982711242,2.828969030333635,11.545587891710337,0.33161436287587576,0.5791017362911673,914.9754181658905
744,Marie-Claire Batau,21088872,1,01:20:01,2026-03-27,2026-03-27,1.652842144340587,645,755,653,662,706,667,686,699,698,706,706,599,608,606,809,536,1,0.9598160735705716,1.652842144340587,4801.0,-0.06777053747347192,0.14037049982327388,0.14037049982327388,0.62,0.6180904522613065,0.62,0.9598160735705716,-0.06777053747347192,0.14037049982327388,0.62,0.6180904522613065,0.14037049982327388,1496.4876887892433,20.32043980417954,3.769881552057241,9.010795148007816,0.14037049982327388,0.49037049982327385,951.9972412007254
745,Angela Bourgeois,24676109,3,01:28:46,2025-11-01,2026-03-27,1.659759210682918,610,785,616,680,639,537,703,575,626,576,629,620,696,860,574,745,3,0.9790276439044138,1.7080568355233205,5326.0,0.06150092612353921,0.17705179425370302,-0.19740640481796934,0.5778344671201814,0.5723131448720008,0.3673469387755102,0.947897876575738,-0.03828691937973355,0.08343724448578493,0.5521258503401361,0.5473253109153071,0.17705179425370302,1491.3768772560593,20.460355242839725,2.3983137038136317,13.26541413139883,-0.06634603514288401,0.379124388470072,918.4656797971383
746,Jen Mackan,23837939,1,01:41:00,2025-06-20,2025-06-20,1.659998531293837,492,757,486,501,552,521,532,517,526,472,488,434,451,619,782,350,1,0.8944649446494465,1.659998531293837,6060.0,-0.2513930812304163,-0.09792281642971339,-0.09792281642971339,0.5196078431372549,0.48598130841121495,0.5196078431372549,0.8944649446494465,-0.2513930812304163,-0.09792281642971339,0.5196078431372549,0.48598130841121495,-0.09792281642971339,1496.1477549941249,20.958496792393902,3.837116706304966,9.447146673479004,-0.0979228164297134,0.2520771835702866,977.393129432564
747,Luann Thompson,22293191,2,01:53:04,2025-04-04,2026-03-27,1.662364060949688,825,759,764,766,753,766,787,697,695,702,703,806,815,627,688,783,2,1.0981956582601007,1.6623640609496881,6783.5,0.2645386533250868,0.34529492416936247,0.34529492416936247,0.6189473684210527,0.6169471697109888,0.35789473684210527,1.0981956582601007,0.2645386533250868,0.34529492416936247,0.6189473684210527,0.6169471697109888,0.34529492416936247,1496.0646226609886,19.74343102359091,2.8426774901029055,11.215398553282196,0.34529492416936247,0.5927822975846541,908.9975483539816
748,Andrea Nixon,19884260,1,03:10:10,2025-07-05,2025-07-05,1.6626482177888162,1089,760,1127,1124,1128,1123,1127,1135,1133,1137,1135,1141,1139,948,1100,1112,1,1.497571859824124,1.6626482177888162,11410.0,1.6756693831334335,1.5740879840066166,1.5740879840066166,0.9337748344370861,0.9333333333333333,0.9337748344370861,1.497571859824124,1.6756693831334335,1.5740879840066166,0.9337748344370861,0.9333333333333333,1.5740879840066166,1489.6499846002826,13.384463696176647,3.846851568293876,1.8439089912950184,1.5740879840066166,1.9240879840066167,793.3952272083827
749,Lucas Carter,23905997,1,01:24:48,2026-03-27,2026-03-27,1.6632800859712524,588,761,585,589,647,600,615,591,604,601,612,524,544,543,742,465,1,0.9382260741287112,1.6632800859712524,5088.0,-0.1433623608656526,0.041223094245803026,0.041223094245803026,0.56,0.5577889447236181,0.56,0.9382260741287112,-0.1433623608656526,0.041223094245803026,0.56,0.5577889447236181,0.041223094245803026,1497.8882644902988,21.461316938749903,3.7691108462901766,10.153984399879374,0.041223094245803026,0.391223094245803,962.1991928421346
750,Katie Frank,23889376,3,01:22:45,2025-05-03,2025-11-08,1.6658741260485623,680,652,626,685,646,692,708,562,625,569,630,637,699,792,484,739,3,1.0093064563804623,1.497117219204191,4965.333333333333,0.06700816405008285,0.18867485594198596,0.2155538681570295,0.5759699027903135,0.5725219094013421,0.45871559633027525,0.9804646907701953,-0.01977226419510375,0.09552524600841183,0.5466563261753039,0.5428173579769324,0.18867485594198596,1492.673854880292,22.30914818654214,2.364577113615921,15.215416845694376,0.20614621388176427,0.390747450158355,918.9564008540809
751,Anne Marie Barrette,23758339,2,01:54:07,2025-04-04,2025-11-15,1.668963032816163,745,763,729,736,728,733,753,710,708,711,710,692,698,832,640,723,2,1.0302406713853187,1.668963032816163,6847.0,0.06506065080128635,0.28473773901600613,0.28473773901600613,0.6246818970503181,0.620980870980871,0.6098901098901099,1.0302406713853187,0.06506065080128635,0.28473773901600613,0.6246818970503181,0.620980870980871,0.28473773901600613,1491.9586695119349,20.551723097546073,2.8405798684332337,12.029983492246373,0.28473773901600613,0.5322251124312978,921.0015321075776
752,Asha Philip,21602103,2,02:24:54,2025-04-04,2026-03-27,1.6693787514375007,1006,764,944,943,923,944,950,918,915,923,920,962,962,1074,839,965,2,1.3208384915153393,1.6693787514375007,8694.0,0.6617356166454834,0.8123471413578074,0.8123471413578074,0.7738825707484792,0.7727272727272727,0.6582914572864321,1.3208384915153393,0.6617356166454834,0.8123471413578074,0.7738825707484792,0.7727272727272727,0.8123471413578074,1487.5631743380084,16.825388529334443,2.8455651046305808,8.2886932154427,0.8123471413578074,1.059834514773099,861.2944777861969
753,Erin West,23742990,1,02:14:20,2025-04-04,2025-04-04,1.670767732142078,775,765,778,778,802,779,800,777,773,780,776,712,720,678,775,691,1,1.0560796645702306,1.670767732142078,8060.0,0.09677418997901645,0.3697273310102927,0.3697273310102927,0.671875,0.6701570680628273,0.671875,1.0560796645702306,0.09677418997901645,0.3697273310102927,0.671875,0.6701570680628273,0.3697273310102927,1495.017543859649,20.958802563480862,3.8016862495779438,9.553743814747031,0.3697273310102927,0.7197273310102927,926.6587056142182
754,Michele Kunde,17731894,1,01:27:53,2026-03-27,2026-03-27,1.6722012120970275,774,766,765,767,792,767,789,799,794,801,796,728,740,660,837,672,1,1.0554443554843875,1.6722012120970275,5273.0,0.12187471859969805,0.34986008457365003,0.34986008457365003,0.6934673366834171,0.6919191919191919,0.6934673366834171,1.0554443554843875,0.12187471859969805,0.34986008457365003,0.6934673366834171,0.6919191919191919,0.34986008457365003,1495.3105072568246,19.693951683842926,3.7739622522801097,8.372064927002597,0.34986008457365003,0.69986008457365,929.3752856881005
755,Tanya Vattanasil,21130118,3,01:50:57,2025-04-04,2026-03-27,1.6730411089892252,785,743,776,775,742,776,798,806,797,808,800,739,753,1072,681,813,3,1.0628451549599935,1.636647186670091,6656.666666666667,0.14477280729098785,0.36399460011610413,0.37185859210146593,0.696114429518291,0.6938832772166106,0.631578947368421,1.064092513602354,0.1483425036838203,0.3659605981124446,0.6979652191236428,0.6959175084175084,0.36399460011610413,1487.7058036021795,18.52696383067301,2.400372488141233,11.325846366249312,0.3691061949065893,0.5660671943324731,902.2518972948203
756,Lisa Schuler,18497651,4,01:40:10,2025-04-04,2026-03-27,1.6731762382770592,769,832,763,777,732,755,709,754,756,760,759,744,772,1086,558,852,4,1.0654285222701114,1.7928493830762209,6009.5,0.17638343550460045,0.36934947122529826,0.3053251877100476,0.6605581369367689,0.6580938314296578,0.5229357798165137,1.05210042998556,0.15709263449657646,0.3435011110572157,0.6567980268968907,0.654572580526208,0.1905041939976783,1486.0058146334536,19.781455332102436,2.0802310601132317,13.54076215176274,0.3277336869403853,0.5443494712252983,891.6531994702275
757,Davion Johnson,24718098,1,01:28:00,2026-03-27,2026-03-27,1.674421088540168,777,767,769,770,795,770,792,807,802,810,806,729,742,669,840,676,1,1.0568454763811048,1.674421088540168,5280.0,0.12495458513470846,0.35340310896209315,0.35340310896209315,0.6984924623115578,0.696969696969697,0.6984924623115578,1.0568454763811048,0.12495458513470846,0.35340310896209315,0.6984924623115578,0.696969696969697,0.35340310896209315,1495.1814749987602,19.570249750191103,3.7744665808246,8.246850007717303,0.35340310896209315,0.7034031089620931,929.0683403959924
758,Lizabeth Stanley,22607732,1,01:37:22,2026-01-25,2026-01-25,1.675515398374864,988,768,1033,1028,1042,1028,1036,1023,1017,1026,1021,1043,1036,840,903,997,1,1.3002448252837748,1.675515398374864,5842.0,0.9144144694354408,1.0444390961303434,1.0444390961303434,0.8484848484848485,0.8469387755102041,0.8484848484848485,1.3002448252837748,0.9144144694354408,1.0444390961303434,0.8484848484848485,0.8469387755102041,1.0444390961303434,1491.851533224279,18.433684626225816,3.8359512634975657,6.9258308357331195,1.0444390961303434,1.3944390961303434,852.5990495951095
759,Emily Landgraf,23848770,2,01:30:15,2025-04-04,2026-03-27,1.676191640039929,800,769,790,790,772,790,809,834,829,840,837,756,769,914,741,780,2,1.077382555429866,1.676191640039929,5415.0,0.17239304547000794,0.39943036986537284,0.39943036986537284,0.714008524296877,0.7125332270069111,0.7094240837696335,1.077382555429866,0.17239304547000794,0.39943036986537284,0.714008524296877,0.7125332270069111,0.39943036986537284,1490.3636961404427,18.648971172555175,2.830791308501075,10.15659724705195,0.39943036986537284,0.6469177432806644,909.802559037491
760,Jennifer Waltman,22453619,2,01:37:55,2025-07-26,2026-03-27,1.6766112303282807,673,770,645,653,631,660,677,680,679,686,684,603,610,934,719,614,2,0.9729027376713539,1.6766112303282807,5875.0,-0.06147867087950126,0.12601259548349564,0.12601259548349564,0.6058333333333333,0.6022391368607745,0.545,0.9729027376713539,-0.06147867087950126,0.12601259548349564,0.6058333333333333,0.6022391368607745,0.12601259548349564,1489.9300975938709,19.34662843396074,2.9199990196439756,10.586631375028812,0.12601259548349564,0.3734999688987872,937.9571214160142
761,Jennifer McCarthy,21979616,6,01:23:32,2025-04-12,2025-11-15,1.6782406903347022,642,552,673,779,719,819,604,614,744,615,746,696,806,1075,468,909,6,1.0528893493526954,1.3682048756229352,5011.833333333333,0.2481751268051655,0.3713288573780343,0.5189238940161207,0.6506970976602232,0.646793908609173,0.3877551020408163,0.9588496952373023,0.0732248879999991,0.1732804805990142,0.5741401585902366,0.5669247616846993,0.02603195721736551,1487.5307936124277,20.583984798669345,1.7156916840058805,15.436909746651704,0.46726563119279046,0.5142157590403864,876.9454282254064
762,Danielle Randall,21141643,1,01:33:28,2025-08-16,2025-08-16,1.6792513604596304,474,771,488,504,554,523,534,474,490,475,491,433,450,564,701,356,1,0.8887480190174326,1.6792513604596304,5608.0,-0.2514220814210531,-0.09481115914987616,-0.09481115914987616,0.4935064935064935,0.4868421052631579,0.4935064935064935,0.8887480190174326,-0.2514220814210531,-0.09481115914987616,0.4935064935064935,0.4868421052631579,-0.09481115914987616,1497.4050665773964,22.58813826556867,3.883788894834059,10.936771581066493,-0.09481115914987616,0.25518884085012383,976.5132618527675
763,Deborah Green,24796935,1,01:25:43,2026-03-27,2026-03-27,1.68125972526536,613,772,602,614,663,616,639,607,617,616,624,547,563,555,754,482,1,0.9483680619583256,1.68125972526536,5143.0,-0.1198252568429335,0.06867400079054362,0.06867400079054362,0.57,0.5678391959798995,0.57,0.9483680619583256,-0.1198252568429335,0.06867400079054362,0.57,0.5678391959798995,0.06867400079054362,1497.6259694083317,21.22051620256433,3.7696248632968254,9.911641612673854,0.06867400079054362,0.4186740007905436,959.2423385894893
764,Jason Martin,22856324,1,03:12:34,2025-07-05,2025-07-05,1.6836316834646787,1094,773,1137,1135,1138,1135,1137,1147,1146,1149,1148,1146,1144,971,1123,1123,1,1.516471977949862,1.6836316834646787,11554.0,1.7393191829675707,1.6185453934117018,1.6185453934117018,0.9470198675496688,0.9466666666666667,0.9470198675496688,1.516471977949862,1.7393191829675707,1.6185453934117018,0.9470198675496688,0.9466666666666667,1.6185453934117018,1489.3299846002824,12.551187774296755,3.8625537161998,0.9635266256973551,1.618545393411702,1.9685453934117016,788.5475257890496
765,Melissa Churchill,23887867,1,02:05:31,2025-04-26,2025-04-26,1.6855334885618556,937,774,972,971,989,969,978,926,923,918,912,1002,999,876,1024,931,1,1.2408963585434174,1.6855334885618556,7531.0,0.7535850159688653,0.8750333791555405,0.8750333791555405,0.782051282051282,0.7692307692307693,0.782051282051282,1.2408963585434174,0.7535850159688653,0.8750333791555405,0.782051282051282,0.7692307692307693,0.8750333791555405,1491.1881291068269,16.463295860977656,4.092790510197994,4.184924330383673,0.8750333791555405,1.2250333791555406,870.7520357185404
766,Kara Bancroft,22874878,7,01:30:05,2025-04-04,2026-03-27,1.6888618703325764,543,694,514,783,716,783,621,522,771,523,771,497,797,1172,476,928,7,1.0643271404304009,1.5406145389084802,5405.0,0.22985035498712142,0.3762788960978702,0.38570312945007995,0.6692250823955097,0.6650933130601958,0.36180904522613067,0.9171763021187205,-0.16919347782295002,-0.055909204615215174,0.523744511084325,0.5174818253757878,0.04908773807339475,1480.4476330521547,20.122892397815086,1.599014487984552,15.32584893386143,0.3824046477768065,0.5085664616510996,871.1836538944732
767,Karen May,21641657,2,01:34:34,2025-04-04,2026-03-27,1.690288813303061,847,775,837,839,812,838,854,848,846,857,854,798,807,926,730,827,2,1.1186587543079973,1.690288813303061,5674.0,0.25479454850801464,0.49795361824132756,0.49795361824132756,0.724795443184509,0.7233785220627326,0.7035175879396985,1.1186587543079973,0.25479454850801464,0.49795361824132756,0.724795443184509,0.7233785220627326,0.49795361824132756,1490.1165779218516,18.82737252908265,2.831511941372747,10.332836704964407,0.49795361824132756,0.7454409916566191,898.3542555576576
768,Susan Adams,24189141,3,02:08:13,2025-07-05,2025-11-01,1.69146252919681,1072,735,1107,1093,1070,1096,1098,1125,1116,1127,1120,1110,1101,1189,983,1107,3,1.4135149733550125,1.6222163112890502,7692.666666666667,1.3019842890648776,1.3348969370548416,1.3542036227896876,0.9208275431075809,0.9203014680610792,0.8874172185430463,1.4515134390351503,1.34665187235482,1.3874331559180635,0.9270152151538149,0.9265274709088231,1.3348969370548416,1477.9176664037207,12.34504548732321,2.3859110004995934,5.18731248582443,1.3474462827824916,1.5369695312712106,795.7148939703579
769,Heather Harris,22703414,5,02:15:03,2025-04-04,2026-03-27,1.6965828558662226,952,731,978,1064,1033,1030,962,986,1045,989,1048,992,1084,1208,838,1109,5,1.3771482324043038,1.6180465358865614,8103.4,1.138413078383587,1.1959822812349146,0.9851835412699427,0.863603425813279,0.8628124032233622,0.7613065326633166,1.2637157363638,0.7225260749579145,0.8893350115652531,0.8217103492380171,0.8207232962369948,0.8447372929630461,1472.394738380181,13.984096705906085,1.8907976030228537,8.311703896837525,1.058963100257683,1.3525070396599,794.9765868882693
770,Kristine Moody,20859958,1,01:23:12,2026-03-27,2026-03-27,1.697225600291028,721,777,706,713,754,711,735,703,703,713,711,675,676,622,821,600,1,1.0169077205133428,1.697225600291028,4992.0,0.03964349011282992,0.24510645629778302,0.24510645629778302,0.6231155778894473,0.6212121212121212,0.6231155778894473,1.0169077205133428,0.03964349011282992,0.24510645629778302,0.6231155778894473,0.6212121212121212,0.24510645629778302,1496.1295215799169,20.07572473153187,3.7710874349267827,8.762462426751522,0.24510645629778305,0.595106456297783,940.0149177639457
771,Shayla Jones,21984502,2,02:16:59,2025-04-04,2026-03-27,1.6974030024270572,980,778,953,950,928,951,957,939,939,944,944,946,947,1077,843,963,2,1.2903979247115012,1.6974030024270572,8219.0,0.6259376004269055,0.8290014775432875,0.8290014775432875,0.7925548796614652,0.7914862914862915,0.7587939698492462,1.2903979247115012,0.6259376004269055,0.8290014775432875,0.7925548796614652,0.7914862914862915,0.8290014775432875,1487.3857171612885,16.727557567378064,2.8400868926986287,8.207296889282178,0.8290014775432875,1.076488850958579,861.389279376123
772,Viola Tran,23769134,1,03:37:23,2025-04-04,2025-04-04,1.7000782064650677,1132,779,1115,1112,1118,1112,1114,1105,1103,1108,1106,1117,1113,937,1068,1094,1,1.7000782064650677,1.7000782064650677,13043.0,1.4301019508878428,1.4573164636314266,1.4573164636314266,0.9105263157894737,0.91005291005291,0.9105263157894737,1.7000782064650677,1.4301019508878428,1.4573164636314266,0.9105263157894737,0.91005291005291,1.4573164636314266,1489.8983050847457,14.619966231433075,3.8612464924526706,3.036226754075063,1.4573164636314266,1.8073164636314267,806.3589816785773
773,Colleen Morris,22344704,1,01:29:22,2026-03-27,2026-03-27,1.7004253554455266,796,780,784,785,811,784,804,823,819,829,825,748,762,683,855,698,1,1.0732586068855083,1.7004253554455266,5362.0,0.16103302168768768,0.39456081578283053,0.39456081578283053,0.7085427135678392,0.7070707070707071,0.7085427135678392,1.0732586068855083,0.16103302168768768,0.39456081578283053,0.7085427135678392,0.7070707070707071,0.39456081578283053,1494.923410482631,19.318940012547383,3.7755084132657575,7.992414772750111,0.39456081578283053,0.7445608157828305,924.5362091367332
774,Mary Beth Guilbo,22627242,1,01:29:24,2026-03-27,2026-03-27,1.7010596058578524,797,781,785,786,813,785,805,832,826,837,834,750,763,687,860,699,1,1.0736589271417134,1.7010596058578524,5364.0,0.1619129835548335,0.39555678102938324,0.39555678102938324,0.7135678391959799,0.7121212121212122,0.7135678391959799,1.0736589271417134,0.1619129835548335,0.39555678102938324,0.7135678391959799,0.7121212121212122,0.39555678102938324,1494.7943782245666,19.191199531422633,3.776047104794,7.863058217040633,0.3955567810293833,0.7455567810293833,924.5221756459424
775,Stephanie Ho,21926706,2,01:18:24,2025-11-15,2026-03-27,1.703591069297263,471,782,474,489,483,510,520,453,468,457,473,426,442,561,501,452,2,0.8882930924947174,1.703591069297263,4704.5,-0.2561377521505992,-0.11283781770539258,-0.11283781770539258,0.48249489204263074,0.4784659784659785,0.4725274725274725,0.8882930924947174,-0.2561377521505992,-0.11283781770539258,0.48249489204263074,0.4784659784659785,-0.11283781770539258,1497.4524076848932,23.23773867785072,2.8235962713966853,14.766949863660665,-0.11283781770539258,0.134649555709899,963.9754683832858
776,Andrew Dunkman,23741751,3,01:55:40,2025-04-04,2026-03-27,1.7055628830568454,793,797,789,833,786,870,848,802,841,806,850,740,794,1087,697,865,3,1.1066232635686373,1.7213003538800982,6940.333333333333,0.22047256439055085,0.4821531925263671,0.6470327812868599,0.7208199786324787,0.7187883503098321,0.625,1.0707211461970698,0.14976045633695256,0.3987248236253537,0.696864983974359,0.6948701572047359,0.4821531925263671,1485.986040471198,18.193371491689373,2.381413806936977,11.04913007087844,0.5893249252206875,0.6842257867427362,888.5320802202716
777,Wan-Yu Lai,24941757,1,01:27:02,2026-03-27,2026-03-27,1.7070850253423506,650,783,631,639,688,648,662,625,629,633,636,580,596,565,769,516,1,0.9629356444772268,1.7070850253423506,5222.0,-0.08601741651939156,0.1075941142361508,0.1075941142361508,0.58,0.5778894472361809,0.58,0.9629356444772268,-0.08601741651939156,0.1075941142361508,0.58,0.5778894472361809,0.1075941142361508,1497.3636743263644,20.97661126328489,3.77017813443484,9.66607685998037,0.1075941142361508,0.45759411423615076,954.9665255432446
778,Jen DeMint,24718495,1,01:29:46,2026-03-27,2026-03-27,1.7080363603934363,802,784,793,793,824,794,813,841,836,847,844,755,767,694,866,707,1,1.078062449959968,1.7080363603934363,5386.0,0.17159256409343768,0.40648795482200684,0.40648795482200684,0.7185929648241206,0.7171717171717171,0.7185929648241206,1.078062449959968,0.17159256409343768,0.40648795482200684,0.7185929648241206,0.7171717171717171,0.40648795482200684,1494.665345966502,19.061738315988446,3.7765837066394785,7.73198719607001,0.40648795482200684,0.7564879548220068,923.3655931723536
779,Kimberly Ziaei,24234701,2,01:14:10,2025-08-03,2025-11-15,1.7081763410404025,229,786,317,329,331,375,395,336,356,336,353,279,291,475,457,291,2,0.7968585618522708,1.7081763410404025,4450.0,-0.41285518516019776,-0.33826157746811186,-0.33826157746811186,0.41431681526021147,0.4052197802197802,0.33962264150943394,0.7968585618522708,-0.41285518516019776,-0.33826157746811186,0.41431681526021147,0.4052197802197802,-0.33826157746811186,1499.2748786218435,24.334006504743734,2.9020684409766266,15.627801181813854,-0.33826157746811186,-0.09077420405282027,987.2411041356378
780,Jonathan Cluff,17593434,13,01:15:07,2025-04-04,2025-11-15,1.7096360578295184,227,481,228,307,221,325,237,222,303,224,300,202,280,202,217,633,13,0.8438603774484468,1.3040209556239069,4506.615384615385,-0.42703246944713263,-0.3740132612619099,-0.42491551034450803,0.3805388768135499,0.3736544491724751,0.2564102564102564,0.795495052036781,-0.512528524380204,-0.47925283641627603,0.34138152037964514,0.33502558565972496,-0.6594023641668327,1508.6700660001209,26.620492416093896,1.191448661325161,23.046146432118412,-0.40709972316559867,-0.27694072692249483,935.7727236367907
781,Molly Rentz,24715969,1,01:27:15,2026-03-27,2026-03-27,1.7113347582664125,655,787,638,644,693,652,666,635,642,646,652,584,599,572,776,518,1,0.96533284160059,1.7113347582664125,5235.0,-0.0804541010231125,0.11394222317177304,0.11394222317177304,0.585,0.5829145728643216,0.585,0.96533284160059,-0.0804541010231125,0.11394222317177304,0.585,0.5829145728643216,0.11394222317177304,1497.2325267853807,20.852783958841318,3.7704580407149617,9.541409836696433,0.11394222317177305,0.463942223171773,954.3364930156481
782,Alexandra Pfleegor,24680496,1,01:23:54,2026-03-27,2026-03-27,1.7115051426011687,734,788,716,724,763,723,744,729,727,734,732,685,694,632,826,615,1,1.0254634345080464,1.7115051426011687,5034.0,0.05970405137474386,0.26683839195097653,0.26683839195097653,0.6381909547738693,0.6363636363636364,0.6381909547738693,1.0254634345080464,0.05970405137474386,0.26683839195097653,0.6381909547738693,0.6363636363636364,0.26683839195097653,1495.996924894834,19.9536926930847,3.771423284715943,8.639422838936873,0.26683839195097653,0.6168383919509766,937.817252701517
783,Soraya Merriweather,24563467,1,01:27:18,2026-03-27,2026-03-27,1.712315465864273,658,790,639,645,694,653,668,643,646,655,657,586,600,575,784,521,1,0.9658860409367508,1.712315465864273,5238.0,-0.07917025898550964,0.11540493261709928,0.11540493261709928,0.59,0.5879396984924623,0.59,0.9658860409367508,-0.07917025898550964,0.11540493261709928,0.59,0.5879396984924623,0.11540493261709928,1497.101379244397,20.72780990470789,3.770720157434236,9.415649432405182,0.11540493261709928,0.46540493261709925,954.2682814294354
784,Jennifer Leiras,24712342,1,01:30:00,2026-03-27,2026-03-27,1.7124761132797173,806,791,796,799,829,797,816,853,851,860,857,760,775,703,874,712,1,1.0808646917534028,1.7124761132797173,5400.0,0.17775229716345853,0.413420933105882,0.413420933105882,0.7261306532663316,0.7247474747474747,0.7261306532663316,1.0808646917534028,0.17775229716345853,0.413420933105882,0.7261306532663316,0.7247474747474747,0.413420933105882,1494.5363137084375,18.930470183432792,3.7771176056673528,7.599117366430734,0.413420933105882,0.763420933105882,922.7190544385521
785,Emily English,23767196,2,01:53:28,2025-04-04,2026-03-27,1.7127949758653624,736,792,717,726,721,725,745,721,718,726,723,665,665,783,651,718,2,1.0265735375299938,1.7127949758653624,6807.5,0.02506164663833893,0.26938927674684626,0.26938927674684626,0.6317708333333334,0.6298902891420453,0.55,1.0265735375299938,0.02506164663833893,0.26938927674684626,0.6317708333333334,0.6298902891420453,0.26938927674684626,1492.87359732903,20.423796057405276,2.828373893594812,11.93867437662084,0.26938927674684626,0.5168766501621378,921.5688030707289
786,Carol Meyer,24548163,1,01:23:05,2026-03-27,2026-03-27,1.7161878961753438,703,793,697,703,747,703,726,753,750,759,755,646,647,649,846,590,1,0.9966013594562176,1.7161878961753438,4985.0,-0.005731836502731456,0.2315840979128002,0.2315840979128002,0.655,0.6532663316582915,0.655,0.9966013594562176,-0.005731836502731456,0.2315840979128002,0.655,0.6532663316582915,0.2315840979128002,1495.579580681135,19.478486557660222,3.772570663078074,8.160774568426,0.2315840979128002,0.5815840979128002,942.20767742043
787,Sandra Vita,24672264,1,01:27:38,2026-03-27,2026-03-27,1.7188535165166756,665,794,643,650,697,658,674,667,665,679,679,595,606,578,790,528,1,0.969574036511156,1.7188535165166756,5258.0,-0.07061131206815724,0.12513497208762928,0.12513497208762928,0.6,0.5979899497487438,0.6,0.969574036511156,-0.07061131206815724,0.12513497208762928,0.6,0.5979899497487438,0.12513497208762928,1496.9702317034134,20.60163282083351,3.770963309718749,9.288742891677265,0.12513497208762928,0.4751349720876292,953.3493268903245
788,Katie Graham,21927072,5,01:53:47,2025-05-03,2025-11-01,1.718938978877802,1069,758,1106,1080,1049,1102,1037,1115,1085,1117,1078,1109,1095,1216,998,1126,5,1.3786161702166175,1.6609535902139467,6827.0,1.2704438228712338,1.2715125905416311,1.4490069766593954,0.8962566996348633,0.8887494114119475,0.75,1.445890862076559,1.3430515348747245,1.383813876580977,0.9196427541051204,0.916968849446655,1.0506595189766765,1466.4778915499342,11.006020493808384,2.0654184931364843,4.809765014398931,1.386883941518178,1.4280373489666163,786.0644706647305
789,Lynn Kang,24712844,1,01:24:18,2026-03-27,2026-03-27,1.7196648810641064,746,795,724,731,765,729,748,736,734,742,739,694,701,639,831,626,1,1.0303524139335911,1.7196648810641064,5058.0,0.07116722923869469,0.2791753787056014,0.2791753787056014,0.6432160804020101,0.6414141414141414,0.6432160804020101,1.0303524139335911,0.07116722923869469,0.2791753787056014,0.6432160804020101,0.6414141414141414,0.2791753787056014,1495.864328209751,19.83030201205735,3.7717473431859436,8.515059982499517,0.2791753787056014,0.6291753787056014,936.4990017372979
790,Erin Bahr,24098345,6,01:34:36,2025-05-03,2026-01-25,1.7220636036072372,861,655,861,821,761,855,761,885,817,887,823,867,848,1153,518,946,6,1.0989517888813918,1.4979138181959986,5675.666666666667,0.3137409850097384,0.47048521497239126,0.602272665393642,0.7078974657948521,0.7056656349088435,0.45364238410596025,1.1281276601519195,0.38373304956852083,0.5604248847075997,0.7490910078211124,0.74683106483922,0.29859239862364684,1482.2885338576252,19.54994777170619,1.7141040201776179,14.407635711173336,0.5561470577462042,0.6133721166347433,866.8601927433583
791,Dwight Bell,22251355,1,01:35:51,2025-08-16,2025-08-16,1.722071072397171,531,798,529,538,593,555,568,495,503,494,505,470,498,581,722,401,1,0.9114104595879556,1.722071072397171,5751.0,-0.20020647224269042,-0.03106974571138946,-0.03106974571138946,0.5064935064935064,0.5,0.5064935064935064,0.9114104595879556,-0.20020647224269042,-0.03106974571138946,0.5064935064935064,0.5,-0.03106974571138946,1496.8596120319419,22.18830241814623,3.8877537740723933,10.52504109592905,-0.03106974571138946,0.3189302542886105,969.4427395670818
792,Laurie Burlingame,19440409,2,01:42:14,2025-08-16,2025-09-27,1.725873034292951,893,799,903,902,893,899,910,913,906,915,909,912,913,1070,817,910,2,1.1661811675621174,1.725873034292951,6134.0,0.5235391356407483,0.6865434831332915,0.6865434831332915,0.7702121821840131,0.7676371780515118,0.6883116883116883,1.1661811675621174,0.5235391356407483,0.6865434831332915,0.7702121821840131,0.7676371780515118,0.6865434831332915,1487.8377639580049,17.471200173477605,2.8897144302427975,8.802056882749213,0.6865434831332915,0.9340308565485831,876.3623031025214
793,Heather Stober,22453522,1,01:30:44,2026-03-27,2026-03-27,1.7264296223508853,816,800,806,808,838,804,824,863,860,869,865,769,784,711,879,730,1,1.089671737389912,1.7264296223508853,5444.0,0.19711145824066686,0.43509385806083123,0.43509385806083123,0.7336683417085427,0.7323232323232324,0.7336683417085427,1.089671737389912,0.19711145824066686,0.43509385806083123,0.7336683417085427,0.7323232323232324,0.43509385806083123,1494.407281450373,18.79730313817778,3.777648046125593,7.464358999801004,0.43509385806083123,0.7850938580608312,920.3774218375772
794,Elizabeth Butler,21248894,1,01:42:30,2025-04-04,2025-04-04,1.7267068246480477,909,801,899,898,913,896,908,901,894,905,898,876,880,781,878,845,1,1.1960326721120187,1.7267068246480477,6150.0,0.41672906161485934,0.6715234945903513,0.6715234945903513,0.7617801047120419,0.7605263157894737,0.7617801047120419,1.1960326721120187,0.41672906161485934,0.6715234945903513,0.7617801047120419,0.7605263157894737,0.6715234945903513,1492.909090909091,18.89927331262394,3.8103838334910862,7.468121812150681,0.6715234945903513,1.0215234945903513,893.7502488967523
795,Lisa Benson,21039865,2,01:51:54,2025-04-04,2026-03-27,1.7267847799573328,742,802,732,739,730,736,757,731,730,736,735,686,695,774,663,729,2,1.0292134238013337,1.7267847799573326,6714.0,0.06023375574478887,0.29238462175804525,0.29238462175804525,0.6393229166666667,0.6374740193112158,0.625,1.0292134238013337,0.06023375574478887,0.29238462175804525,0.6393229166666667,0.6374740193112158,0.29238462175804525,1493.0371390162122,20.205136018056944,2.8275713529599122,11.722421959177208,0.29238462175804525,0.5398719951733368,920.424338394441
796,Christopher Morrissey,22233683,7,01:46:58,2025-04-04,2026-03-27,1.7300337657127671,907,680,906,929,886,927,779,886,908,889,914,909,952,1204,648,1058,7,1.200040627254633,1.5251605861758588,6417.571428571428,0.6391365262555423,0.7787517358005681,0.7855779130709672,0.772008438029828,0.7693563761771519,0.6119791666666666,1.1882198715947703,0.5150731546968783,0.6928723426897613,0.7492590085115444,0.7473103458829968,0.3296663645087167,1473.8469078333412,16.74282811092936,1.5996016513119657,11.944023156993463,0.7831887510263276,0.9110393013537976,829.9026797574737
797,Emily Doroff,23994883,3,01:22:43,2025-11-08,2026-03-27,1.7330689186788253,679,829,666,694,657,654,717,705,725,712,729,648,678,992,580,736,3,0.9995137024405993,1.7875823216176787,4963.0,0.04307066584399999,0.2066587074756344,0.06648649659764715,0.635118462916628,0.6322358833725189,0.5779816513761468,0.9774941332878665,-0.005038229598029936,0.15872694007594396,0.623838847187471,0.6211618371525047,0.2066587074756344,1489.0758026664294,20.32209042057963,2.377239577898813,13.190371686883191,0.11554677040494268,0.40873130169200345,919.2735790286289
798,Irene Tang,24521816,1,01:20:44,2025-08-03,2025-08-03,1.7360146023349168,424,803,500,515,568,533,544,563,577,563,580,430,446,594,729,364,1,0.8702838663312972,1.7360146023349168,4844.0,-0.2520841119585588,-0.07651510149665706,-0.07651510149665706,0.5471698113207547,0.5384615384615384,0.5471698113207547,0.8702838663312972,-0.2520841119585588,-0.07651510149665706,0.5471698113207547,0.5384615384615384,-0.07651510149665706,1496.7397913232028,22.408200088742944,4.005272654785336,10.392382124386938,-0.07651510149665706,0.2734848985033429,975.4824815789325
799,Kate Pieplow,23763803,2,02:32:56,2025-04-04,2026-03-27,1.7371423791882583,1051,804,1015,1009,994,1008,1018,1000,997,1004,1001,1025,1021,1091,893,1022,2,1.3982945480471969,1.7371423791882585,9176.0,0.826034437928288,0.9855475073862717,0.9855475073862717,0.8306532663316584,0.8297859547859547,0.7613065326633166,1.3982945480471969,0.826034437928288,0.9855475073862717,0.8306532663316584,0.8297859547859547,0.9855475073862717,1485.9083811581356,15.626902778648624,2.8527241998224446,7.068730179181291,0.9855475073862717,1.2330348808015632,843.4367372004613
800,Jose Salinas,22717065,5,01:50:04,2025-07-05,2026-03-27,1.741497113334025,930,724,952,1033,990,1010,922,964,1034,965,1037,944,1051,1206,850,1088,5,1.300191210902241,1.6119813629757682,6603.8,0.9736871245717443,1.0687752351884807,0.9573944930389972,0.8571987086383132,0.8563255098620628,0.73,1.2262356341791496,0.6189161945644648,0.8247498518623051,0.8060624737130543,0.8049813266714037,0.7434260064834207,1473.137833174885,13.703908988437128,1.8751680557012507,8.078404821333375,0.9963777527913164,1.2252999936134659,808.9792665303428
801,Diana Stanley,22828246,2,02:19:08,2025-04-04,2026-03-27,1.7416156176107085,990,805,960,957,934,958,965,963,962,966,963,930,932,1084,885,974,2,1.300697447819621,1.7416156176107083,8348.5,0.574834224145975,0.8496488038065813,0.8496488038065813,0.8060526315789474,0.8050570311876845,0.77,1.300697447819621,0.574834224145975,0.8496488038065813,0.8060526315789474,0.8050570311876845,0.8496488038065813,1486.3653274506894,15.707018091808019,2.8438805775303257,7.175376359217042,0.8496488038065813,1.0971361772218728,859.2389574588593
802,Stephanie Vargas,20736847,9,01:59:40,2025-04-04,2026-03-27,1.7466900021290503,916,722,918,1020,951,1038,913,924,1029,929,1032,927,1038,1222,755,1110,9,1.2954846286524768,1.6067012487586312,7179.777777777777,0.9164935098104097,1.0299163369355364,1.1151189286925607,0.8565329981828071,0.8544690799855412,0.69,1.2033127858833053,0.5706993202540098,0.745626754679394,0.7795644508903551,0.7780089857186688,0.6928432808863773,1460.8931532504478,14.192318735881827,1.4313987014378737,9.898122631568206,1.0852980215776022,1.146583003602203,794.7691429976217
803,Jodi Nichol,21925929,2,01:15:31,2025-04-04,2025-10-11,1.7472012819247065,456,806,441,460,449,487,498,456,473,456,472,417,434,585,512,409,2,0.883900208634468,1.7472012819247063,4531.0,-0.2677256008454274,-0.15783166398458656,-0.15783166398458656,0.4853281383173018,0.4782741738066095,0.4418604651162791,0.883900208634468,-0.2677256008454274,-0.15783166398458656,0.4853281383173018,0.4782741738066095,-0.15783166398458656,1496.8410826321085,23.147477550061218,2.8882578676709434,14.482703947048389,-0.15783166398458656,0.08965570943070503,968.5364205571692
804,Jeannette Huffman,23591763,1,01:24:39,2026-03-27,2026-03-27,1.7485493128735348,719,807,721,729,764,728,747,759,755,765,761,666,666,654,852,618,1,1.015393842463015,1.7485493128735348,5079.0,0.02596184768884248,0.27689113322374387,0.27689113322374387,0.66,0.6582914572864321,0.66,1.015393842463015,0.02596184768884248,0.27689113322374387,0.66,0.6582914572864321,0.27689113322374387,1495.4498509514053,19.35810801362346,3.7730557740103094,8.038940691592533,0.27689113322374387,0.6268911332237439,937.0973683596713
805,Emily Ma,24715625,2,01:18:52,2025-11-15,2026-03-27,1.751844077090521,379,809,394,420,418,451,464,399,422,402,426,360,375,544,475,378,2,0.8569549351053105,1.751844077090521,4732.0,-0.33296335888631434,-0.2167517295288714,-0.2167517295288714,0.45046703296703294,0.44604892594842344,0.335,0.8569549351053105,-0.33296335888631434,-0.2167517295288714,0.45046703296703294,0.44604892594842344,-0.2167517295288714,1497.8673634779996,23.80786698533516,2.826491623902782,15.328392113626814,-0.2167517295288714,0.030735643886420194,973.1750187924364
806,Mariah Westerhausen,24715372,1,01:24:49,2026-03-27,2026-03-27,1.7519920167775975,723,810,726,733,767,731,750,769,764,772,768,668,669,659,857,624,1,1.0173930427828868,1.7519920167775975,5089.0,0.02933351621986098,0.2816615946891532,0.2816615946891532,0.665,0.6633165829145728,0.665,1.0173930427828868,0.02933351621986098,0.2816615946891532,0.665,0.6633165829145728,0.2816615946891532,1495.3201212216757,19.236246243867907,3.7735388044092937,7.915629830640025,0.2816615946891532,0.6316615946891532,936.6487652911493
807,Sarah Misiakiewicz,23837868,1,01:46:36,2025-06-20,2025-06-20,1.75203805382102,597,811,587,591,649,602,617,622,628,568,586,531,548,675,829,467,1,0.944059040590406,1.75203805382102,6396.0,-0.13325591298787104,0.04471534497535819,0.04471534497535819,0.5784313725490197,0.5420560747663551,0.5784313725490197,0.944059040590406,-0.13325591298787104,0.04471534497535819,0.5784313725490197,0.5420560747663551,0.04471534497535819,1495.0400626864325,20.111658574550052,3.843032259921136,8.582561794786644,0.04471534497535819,0.39471534497535815,962.1662114592161
808,Aaron Langston,22127534,2,02:46:34,2025-05-03,2025-07-05,1.7579366252489383,1124,813,1167,1164,1154,1165,1166,1157,1156,1160,1159,1175,1174,1163,1117,1174,2,1.634833109726186,1.7579366252489383,9994.0,2.248559149834061,1.9036367052494598,1.9036367052494598,0.9531942438878653,0.9528787878787879,0.9139072847682119,1.634833109726186,2.248559149834061,1.9036367052494598,0.9531942438878653,0.9528787878787879,1.9036367052494598,1481.5499277093206,10.33121743597083,3.030407988998388,1.2399934689756655,1.9036367052494598,2.1511240786647514,740.9084944882926
809,Isabel Lucas,24643760,1,01:26:11,2026-03-27,2026-03-27,1.7580836496604375,770,814,760,763,789,761,784,779,776,783,780,730,743,667,858,660,1,1.0533713587288651,1.7580836496604375,5171.0,0.12513969168146313,0.3364862765576472,0.3364862765576472,0.6733668341708543,0.6717171717171717,0.6733668341708543,1.0533713587288651,0.12513969168146313,0.3364862765576472,0.6733668341708543,0.6717171717171717,0.3364862765576472,1495.2013447843367,19.223622574567127,3.7736560555795116,7.902654407828592,0.3364862765576472,0.6864862765576472,930.5112635596896
810,Maria Pyrdek,24715907,1,01:25:15,2026-03-27,2026-03-27,1.7609430469281613,730,815,734,741,770,738,759,775,772,778,774,673,674,668,864,635,1,1.0225909636145545,1.7609430469281613,5115.0,0.038099854400509094,0.29402105842302445,0.29402105842302445,0.67,0.6683417085427136,0.67,1.0225909636145545,0.038099854400509094,0.29402105842302445,0.67,0.6683417085427136,0.29402105842302445,1495.190391491946,19.11283157095961,3.7740193045575814,7.790773657286866,0.29402105842302445,0.6440210584230244,935.3274269617541
811,Zoe-Alanah Robert,19542190,1,01:38:02,2025-08-16,2025-08-16,1.7612975217944984,577,816,570,574,635,586,603,558,574,564,582,514,532,643,770,455,1,0.9321711568938194,1.7612975217944984,5882.0,-0.1532886764219526,0.02594677777886338,0.02594677777886338,0.5454545454545454,0.5394736842105263,0.5454545454545454,0.9321711568938194,-0.1532886764219526,0.02594677777886338,0.5454545454545454,0.5394736842105263,0.02594677777886338,1495.7687029410326,21.352232016096135,3.898060118579348,9.65805166035809,0.02594677777886338,0.3759467777788634,963.6650601449235
812,Brandon Harrington,24685819,3,01:58:31,2025-04-04,2026-03-27,1.766831479315163,843,824,807,832,785,778,846,790,790,793,794,790,828,1092,686,869,3,1.1391491414077308,1.7756405669788597,7110.666666666667,0.28480332779268697,0.4796968813290534,0.3102703056936627,0.6911749319181215,0.6885213551880218,0.554945054945055,1.1150564985491775,0.23867819742190766,0.4373402374202058,0.6842103446672344,0.6817950567950568,0.4796968813290534,1485.7844922240665,18.34536649753286,2.36684884931161,11.244819949598032,0.3695696071660495,0.6817694755454224,887.4134571068638
813,Chloe Weakly,24699110,1,01:25:39,2026-03-27,2026-03-27,1.769205536297912,738,818,738,747,774,743,764,782,779,786,784,679,681,673,868,641,1,1.027389044382247,1.769205536297912,5139.0,0.0461918588749535,0.30537415967910886,0.30537415967910886,0.675,0.6733668341708543,0.675,1.027389044382247,0.0461918588749535,0.30537415967910886,0.675,0.6733668341708543,0.30537415967910886,1495.0606617622161,18.987789978448323,3.774496725042862,7.664299803319738,0.30537415967910886,0.6553741596791088,934.1218203173044
814,Anika Bruno,23764880,1,02:22:24,2025-04-04,2025-04-04,1.771096712583364,849,819,845,846,874,844,863,822,818,828,824,773,788,720,820,773,1,1.119496855345912,1.771096712583364,8544.0,0.20621042350668925,0.5120314297922326,0.5120314297922326,0.7083333333333334,0.7068062827225131,0.7083333333333334,1.119496855345912,0.20621042350668925,0.5120314297922326,0.7083333333333334,0.7068062827225131,0.5120314297922326,1494.1754385964912,20.181779431528764,3.8051532697610053,8.766319622245748,0.5120314297922326,0.8620314297922326,911.0229009209618
815,Karen Floyd,21617173,1,01:25:46,2026-03-27,2026-03-27,1.7716154290307562,741,820,740,748,775,744,765,788,785,790,787,682,686,682,876,644,1,1.0287884846061577,1.7716154290307562,5146.0,0.04855202684666645,0.3086754947128268,0.3086754947128268,0.68,0.678391959798995,0.68,1.0287884846061577,0.04855202684666645,0.3086754947128268,0.68,0.678391959798995,0.3086754947128268,1494.9309320324865,18.861042722695856,3.7749704002522684,7.536131521939051,0.3086754947128268,0.6586754947128268,933.8421667884269
816,Wendi Dietrich,21412177,1,01:26:53,2026-03-27,2026-03-27,1.772363191970579,782,821,772,772,797,772,794,795,789,799,793,737,756,681,869,681,1,1.061927072723569,1.772363191970579,5213.0,0.14520025294337707,0.3574689711350036,0.3574689711350036,0.6884422110552764,0.6868686868686869,0.6884422110552764,1.061927072723569,0.14520025294337707,0.3574689711350036,0.6884422110552764,0.6868686868686869,0.3574689711350036,1494.936151414171,18.97968346854563,3.774597608654253,7.655890642582872,0.3574689711350036,0.7074689711350035,928.399761220982
817,Christian Cimaglia,24716027,2,01:59:50,2025-11-21,2026-03-27,1.7727299024506702,848,822,484,499,490,520,530,708,707,281,302,801,811,223,813,461,2,1.1188951160928744,1.7727299024506702,7190.0,0.26134867454231275,-0.1006664079289018,-0.1006664079289018,0.6243718592964824,0.37373737373737376,0.5,1.1188951160928744,0.26134867454231275,-0.1006664079289018,0.6243718592964824,0.37373737373737376,-0.1006664079289018,1507.4773844581507,19.865001328714936,3.6534076757577854,8.90477830144158,-0.1006664079289018,0.1468209654863898,963.1252068084399
818,Sophia Hubbard,21552980,1,01:48:07,2025-06-20,2025-06-20,1.7769654245054654,637,825,612,622,671,628,646,696,693,637,641,568,582,717,856,491,1,0.957490774907749,1.7769654245054654,6487.0,-0.10126042992218168,0.08205766459819482,0.08205766459819482,0.6176470588235294,0.5794392523364486,0.6176470588235294,0.957490774907749,-0.10126042992218168,0.08205766459819482,0.6176470588235294,0.5794392523364486,0.08205766459819482,1494.301601147971,19.518112461588775,3.8487295572730713,7.97192378976956,0.08205766459819482,0.4320576645981948,958.6561584280801
819,Alex Anderson,24196520,1,01:27:21,2026-03-27,2026-03-27,1.7818828868440058,786,826,779,780,805,780,801,807,802,810,806,745,759,693,882,689,1,1.0676308820533713,1.7818828868440058,5241.0,0.1585739604513197,0.37136372487200553,0.37136372487200553,0.6984924623115578,0.696969696969697,0.6984924623115578,1.0676308820533713,0.1585739604513197,0.37136372487200553,0.6984924623115578,0.696969696969697,0.37136372487200553,1494.6709580440051,18.735070104939677,3.775604865240156,7.4082555092192095,0.37136372487200553,0.7213637248720055,927.0028695663525
820,Cecilia Frew,22490556,3,01:39:20,2025-04-04,2026-03-27,1.7844029953669294,772,808,742,743,710,764,760,714,701,708,696,716,721,963,621,793,3,1.0496594478937873,1.749153845952697,5960.0,0.09707091347110734,0.29471368585958385,0.36768233811112516,0.621871300003422,0.6107326268990468,0.45098039215686275,1.0537944660604843,0.11121145939494938,0.3129558489224692,0.6276534750025664,0.6188534902747875,0.29471368585958385,1489.4235228929767,19.522168467479144,2.368908197612751,12.415443874640891,0.3421433098230857,0.4967862800759529,906.6072313300889
821,John Walczak,20568290,4,01:47:32,2025-04-04,2026-03-27,1.7860962834978764,714,789,702,686,626,697,628,750,712,749,701,662,646,1071,563,782,4,0.9957636698892366,1.711692054323935,6451.75,-0.008950511104677955,0.19380700834029677,0.22738828056454496,0.625418728718676,0.6160733952790027,0.39215686274509803,1.0065395410122786,0.021878717874884167,0.23613146508645305,0.6531744448639016,0.6470518491546529,0.05894112768655362,1487.798071332971,19.718369716780142,2.1078281759394293,13.394885188961855,0.2156348352860581,0.3688070083402968,909.2250043605743
822,Brian Stevenson,22758183,1,02:13:02,2025-04-26,2025-04-26,1.786473018948444,1003,827,1036,1034,1044,1032,1039,1003,999,988,986,1061,1059,935,1098,1004,1,1.3152084363157028,1.786473018948444,7982.0,0.9860520762985221,1.0696903914908942,1.0696903914908942,0.8333333333333334,0.8205128205128205,0.8333333333333334,1.3152084363157028,0.9860520762985221,1.0696903914908942,0.8333333333333334,0.8205128205128205,1.0696903914908942,1489.9249712120902,14.472725888969224,4.201602013190113,1.8679198493988842,1.0696903914908942,1.419690391490894,849.3921203256157
823,Cameron Couch,24702908,1,01:27:36,2026-03-27,2026-03-27,1.786982723383342,792,828,781,784,808,782,803,832,826,837,834,753,764,712,886,693,1,1.070686494194337,1.786982723383342,5256.0,0.16573844661628895,0.3787768381640233,0.3787768381640233,0.7135678391959799,0.7121212121212122,0.7135678391959799,1.070686494194337,0.16573844661628895,0.3787768381640233,0.7135678391959799,0.7121212121212122,0.3787768381640233,1494.4057646738395,18.486693181030855,3.776733032533308,7.15649408343093,0.3787768381640233,0.7287768381640233,926.4518690754588
824,Alyssa Rogowski,21588077,1,01:00:27,2025-10-11,2025-10-11,1.7882282752712646,70,830,83,90,126,118,161,85,92,88,95,95,107,233,348,52,1,0.7097847358121331,1.7882282752712646,3627.0,-0.7148077382016252,-0.8942745531754993,-0.8942745531754993,0.19767441860465115,0.18604651162790697,0.19767441860465115,0.7097847358121331,-0.7148077382016252,-0.8942745531754993,0.19767441860465115,0.18604651162790697,-0.8942745531754993,1506.6368026559476,29.99702685488995,3.89765069455217,18.304074771233438,-0.8942745531754992,-0.5442745531754993,1062.5349106676774
825,Caleb Pieplow,23764728,2,01:36:28,2025-04-04,2026-03-27,1.7908151564146788,880,831,866,865,851,865,881,875,871,879,877,854,864,972,780,858,2,1.1513897746453363,1.7908151564146788,5787.5,0.3372763418204865,0.5704646431326809,0.5704646431326809,0.7409692441263911,0.7396331738437001,0.7382198952879581,1.1513897746453363,0.3372763418204865,0.5704646431326809,0.7409692441263911,0.7396331738437001,0.5704646431326809,1489.3235535939352,17.984058430494947,2.833453672979016,9.483697411557898,0.5704646431326809,0.8179520165479724,890.7095338421171
826,Jolene Metty,22812262,6,01:39:32,2025-04-12,2026-01-25,1.791971105836076,917,699,930,905,863,902,756,902,884,906,886,956,933,1196,599,1020,6,1.171037429587798,1.55141744283287,5972.333333333333,0.5761926685732659,0.6944184324389688,0.6909682073549508,0.750810519547989,0.7488768195450223,0.6055045871559633,1.2089596072137998,0.6508894660420784,0.7741597703574361,0.7626793909751198,0.760594018969595,0.2915413463157755,1475.920292118496,17.933268665849468,1.7188530252677645,12.776709590046174,0.6921757861343572,0.8373053341013209,844.1451167957018
827,Sarah Fleming,24825726,3,01:30:35,2025-04-04,2026-03-27,1.7963807355794594,698,855,679,702,668,710,725,686,709,694,713,638,657,964,593,754,3,1.0096513082277359,1.8368247883907536,5435.333333333333,0.018743985838919137,0.2269396373463931,0.2518210541863951,0.6247006309571755,0.6216031477999212,0.565,0.993454597711462,-0.017931074724415214,0.1850108009428974,0.6097754732178816,0.6069058784378806,0.2269396373463931,1489.4106842429626,19.998203737813107,2.359641946524546,12.919277898239468,0.24311255829239442,0.42901223156276214,916.6816390659685
828,Clare Kay,22862686,3,01:43:00,2025-04-04,2026-03-27,1.7965932886395586,731,869,718,727,696,727,746,747,737,752,742,683,688,967,603,769,3,1.0216794551448467,1.8533850324516097,6179.666666666667,0.053831290331327546,0.26986080301218757,0.2753915136620346,0.6469354077315761,0.6438320260309789,0.5911458333333334,1.0228648755860168,0.054892838556401924,0.2712434806746493,0.6522869829343605,0.6495406861899009,0.26986080301218757,1489.3973335750109,19.786185481658233,2.36080418494198,12.703772926832293,0.2734557649345881,0.4719333972285566,912.2686216810689
829,Jessica Cutshall,23764862,3,02:00:43,2025-04-04,2026-03-27,1.8002653579016572,812,872,801,824,779,832,838,830,850,820,829,762,792,1104,725,857,3,1.1091694938876364,1.85743545758464,7243.0,0.2182519970005211,0.471433385528724,0.48771267953517194,0.7256300394948599,0.7101072211900611,0.6733668341708543,1.0888827248993143,0.1790883304254429,0.423463713087578,0.7125642381638585,0.7005097088218388,0.471433385528724,1484.9428191213553,17.6378334945797,2.3856290163315674,10.480946445584996,0.4820149266329151,0.6735059797450931,890.7321947084176
830,Cathy Luers,22871065,3,01:44:56,2025-04-04,2026-03-27,1.8016337176640136,857,842,835,843,796,831,859,856,845,848,831,810,826,1105,727,876,3,1.133723119808999,1.819724994899472,6296.0,0.28294327468736186,0.5038313317190578,0.4672769992613158,0.7245872451605458,0.7112609949304489,0.6078431372549019,1.1260129163179182,0.26874500597964124,0.4946927486046223,0.7281138007045802,0.717789180541271,0.5038313317190578,1484.9236048653515,17.597461969725675,2.37706740347728,10.466259759293836,0.4800710156215255,0.7059039259354268,885.6959569582102
831,Jennifer Holliday,24213547,1,01:12:09,2025-11-15,2025-11-15,1.8035328831419937,46,833,190,206,271,240,292,175,181,162,175,251,262,346,532,133,1,0.6786330145790876,1.8035328831419937,4329.0,-0.44868893889001243,-0.5347208213538486,-0.5347208213538486,0.30612244897959184,0.2916666666666667,0.30612244897959184,0.6786330145790876,-0.44868893889001243,-0.5347208213538486,0.30612244897959184,0.2916666666666667,-0.5347208213538486,1502.6462902853987,26.204499839766253,3.990621919496632,14.232634081276357,-0.5347208213538486,-0.1847208213538486,1023.3551921156864
832,Kristina Navarrete,24717764,1,01:27:32,2026-03-27,2026-03-27,1.8081080904138227,766,834,773,773,798,773,795,800,795,802,797,705,712,702,890,679,1,1.0499800079968014,1.8081080904138227,5252.0,0.08429171327546259,0.3581255619971809,0.3581255619971809,0.695,0.6934673366834171,0.695,1.0499800079968014,0.08429171327546259,0.3581255619971809,0.695,0.6934673366834171,0.3581255619971809,1494.5417428432972,18.472821201806237,3.776478419792472,7.1433859424288215,0.3581255619971809,0.7081255619971809,928.4554090507261
833,Josh Denton,24158046,1,01:32:13,2026-03-27,2026-03-27,1.808751712987213,726,835,711,718,757,716,738,699,698,706,706,680,683,603,814,608,1,1.0202839756592292,1.808751712987213,5533.0,0.04707420804543816,0.255293595642908,0.255293595642908,0.62,0.6180904522613065,0.62,1.0202839756592292,0.04707420804543816,0.255293595642908,0.62,0.6180904522613065,0.255293595642908,1496.5767890804627,20.21436589046774,3.771737969061817,8.89915198328229,0.255293595642908,0.605293595642908,938.7810851814675
834,Peggy Brown,23764569,1,01:47:24,2025-04-04,2025-04-04,1.8092518338263448,943,836,936,934,950,933,940,930,929,934,933,916,918,801,897,894,1,1.253208868144691,1.8092518338263448,6444.0,0.5382750379191933,0.7910343958197829,0.7910343958197829,0.7853403141361257,0.7842105263157895,0.7853403141361257,1.253208868144691,0.5382750379191933,0.7910343958197829,0.7853403141361257,0.7842105263157895,0.7910343958197829,1492.5,18.4456193342478,3.8136500882367597,7.004669069537522,0.791034395819783,1.1410343958197828,880.4776994438494
835,Frank Hollander,21973858,3,02:05:05,2025-04-04,2026-03-27,1.80957101682651,868,817,852,861,830,830,877,847,873,854,873,815,845,1136,778,896,3,1.1517877795419522,1.767564723887405,7505.0,0.31184319146536865,0.5625040186030369,0.43447161005301665,0.7416795411985019,0.7370951370378176,0.67,1.1367986071071372,0.28716183815954516,0.5289616262342232,0.7237596558988764,0.7199067799140417,0.5625040186030369,1483.2366804302665,16.717726102899213,2.4047167865858348,9.50357574314171,0.4792829530455237,0.7645766128194059,880.1917352214546
836,Angela McFarland,24718584,1,01:35:20,2026-03-27,2026-03-27,1.8139561792518488,875,837,865,864,889,863,880,892,886,895,890,844,854,734,905,799,1,1.1449159327461969,1.8139561792518488,5720.0,0.318546195906792,0.5671716297396898,0.5671716297396898,0.7537688442211056,0.7525252525252525,0.7537688442211056,1.1449159327461969,0.318546195906792,0.5671716297396898,0.7537688442211056,0.7525252525252525,0.5671716297396898,1493.8911524181149,18.24143021262634,3.7801315002525624,6.901035711868653,0.5671716297396898,0.9171716297396898,905.5904881447597
837,Nathalia Garcia,24138695,2,02:17:48,2025-04-04,2025-05-24,1.8161840752730956,929,838,925,922,907,920,929,927,924,930,928,892,898,1079,836,938,2,1.2247864048485464,1.8161840752730956,8267.5,0.4743858782038808,0.7587000296991391,0.7587000296991391,0.7826522435897436,0.7808186577820087,0.7447916666666666,1.2247864048485464,0.4743858782038808,0.7587000296991391,0.7826522435897436,0.7808186577820087,0.7587000296991391,1487.2415155638976,17.090536911467222,2.893526468205908,8.409957506849498,0.7587000296991391,1.0061874031144307,869.1938998145486
838,Jay Ritch,23764671,1,02:26:06,2025-04-04,2025-04-04,1.8171153771659376,878,839,869,868,891,867,883,858,856,866,862,800,809,747,842,809,1,1.1485849056603774,1.8171153771659376,8766.0,0.25640638186029124,0.5746266886167359,0.5746266886167359,0.7291666666666666,0.7277486910994765,0.7291666666666666,1.1485849056603774,0.25640638186029124,0.5746266886167359,0.7291666666666666,0.7277486910994765,0.5746266886167359,1493.6140350877192,19.633567467230087,3.808097102460312,8.209276159849152,0.5746266886167359,0.9246266886167359,904.2411128228107
839,Stacie Bartholow,21925151,1,01:24:32,2025-08-03,2025-08-03,1.817726272304438,529,840,572,576,637,588,606,600,609,600,611,492,516,626,759,453,1,0.9112468559108876,1.817726272304438,5072.0,-0.17247860291901393,0.027378925262355136,0.027378925262355136,0.5660377358490566,0.5576923076923077,0.5660377358490566,0.9112468559108876,-0.17247860291901393,0.027378925262355136,0.5660377358490566,0.5576923076923077,0.027378925262355136,1496.0731246565363,21.83633070563085,4.0140713018308,9.79411680013845,0.027378925262355136,0.3773789252623551,963.9120269922122
840,Jennifer Cadwell,24718662,2,01:24:08,2025-04-04,2025-11-08,1.818201133117501,624,841,576,581,572,592,611,604,613,611,619,539,557,766,604,564,2,0.9523452886543522,1.8182011331175008,5048.0,-0.1273124359171187,0.030999598635537445,0.030999598635537445,0.568375042028916,0.5650584795321638,0.47706422018348627,0.9523452886543522,-0.1273124359171187,0.030999598635537445,0.568375042028916,0.5650584795321638,0.030999598635537445,1493.170077370052,21.286656821538458,2.861427135301399,12.702375415634261,0.030999598635537445,0.27848697205082906,947.5249004571991
841,Hannah Jansen-Meza,24677823,1,01:28:10,2026-03-27,2026-03-27,1.8211903652492616,778,844,780,782,807,781,802,810,806,817,812,713,722,709,896,692,1,1.0575769692123151,1.8211903652492616,5290.0,0.0971040536933329,0.3756102648228336,0.3756102648228336,0.7,0.6984924623115578,0.7,1.0575769692123151,0.0971040536933329,0.3756102648228336,0.7,0.6984924623115578,0.3756102648228336,1494.4120131135676,18.34099350679172,3.777009783139184,7.009964157374167,0.3756102648228336,0.7256102648228335,926.544668225776
842,Zoe Petitt,22858108,1,02:26:35,2025-04-04,2025-04-04,1.8231268243411385,881,845,873,871,892,869,885,865,862,871,866,803,813,756,851,812,1,1.1523846960167714,1.8231268243411385,8795.0,0.26296351155513115,0.5826862400323018,0.5826862400323018,0.734375,0.7329842931937173,0.734375,1.1523846960167714,0.26296351155513115,0.5826862400323018,0.734375,0.7329842931937173,0.5826862400323018,1493.4736842105262,19.491973182045204,3.8089304677828575,8.065181778696632,0.5826862400323018,0.9326862400323018,903.4184310766872
843,Emily Reinwald,21935920,1,01:48:26,2025-04-04,2025-04-04,1.8266592847414955,953,846,945,944,960,945,951,940,940,946,946,924,925,812,909,906,1,1.265266433294438,1.8266592847414955,6506.0,0.563907182582012,0.8155402705508633,0.8155402705508633,0.7931937172774869,0.7921052631578948,0.7931937172774869,1.265266433294438,0.563907182582012,0.8155402705508633,0.7931937172774869,0.7921052631578948,0.8155402705508633,1492.3636363636363,18.28892307505307,3.814867294268814,6.844321192246628,0.8155402705508633,1.1655402705508633,877.8165919126025
843,Kristin Ramsay,23764707,1,01:48:26,2025-04-04,2025-04-04,1.8266592847414955,953,846,945,944,960,945,951,940,940,946,946,924,925,819,914,906,1,1.265266433294438,1.8266592847414955,6506.0,0.563907182582012,0.8155402705508633,0.8155402705508633,0.7931937172774869,0.7921052631578948,0.7931937172774869,1.265266433294438,0.563907182582012,0.8155402705508633,0.7931937172774869,0.7921052631578948,0.8155402705508633,1492.2272727272727,18.129200468437258,3.8161577206365696,6.680727306527549,0.8155402705508633,1.1655402705508633,877.8165919126025
845,Marian Grocholski,21926151,1,01:15:45,2025-11-15,2025-11-15,1.8294201109124049,274,848,309,321,403,360,388,300,315,303,318,252,263,466,554,218,1,0.8118971061093248,1.8294201109124049,4545.0,-0.44832444994635673,-0.3520396392638604,-0.3520396392638604,0.3901098901098901,0.38461538461538464,0.3901098901098901,0.8118971061093248,-0.44832444994635673,-0.3520396392638604,0.3901098901098901,0.38461538461538464,-0.3520396392638604,1499.478875372497,24.987407942210073,3.7946975589610936,13.603315265326792,-0.3520396392638604,-0.0020396392638604155,1004.0266049979437
846,Jeff Amey,23743266,4,01:41:12,2025-04-04,2026-03-27,1.829931919811366,844,885,844,816,766,791,771,859,814,865,822,831,810,1132,644,881,4,1.0926884041651406,1.8774115817726973,6072.25,0.25659907528363257,0.4560841355738863,0.37076992481358084,0.7064844491445854,0.7043709704517483,0.6328125,1.1154457235774724,0.31069796101373975,0.5102141725245573,0.7293779537230971,0.7275720034695352,0.3203413488436779,1483.4667448608323,18.25949462772595,2.087240056970659,11.997774456813973,0.4006298985796878,0.6310841355738863,883.8762474738096
847,Jessica Crosby,22255681,2,01:54:28,2025-04-04,2026-03-27,1.8301971846818963,830,849,825,826,804,825,840,813,809,819,814,759,773,898,756,821,2,1.1043655650947168,1.8301971846818965,6868.5,0.17645198074921437,0.4724402120095774,0.4724402120095774,0.7004166666666667,0.6988739509063643,0.6458333333333334,1.1043655650947168,0.17645198074921437,0.4724402120095774,0.7004166666666667,0.6988739509063643,0.4724402120095774,1490.7269779041947,18.386452144949697,2.832189240171766,9.889884424434399,0.4724402120095774,0.719927585424869,900.1346121821814
848,Allyson Haim,21991929,2,01:26:50,2025-08-03,2026-03-27,1.8307928248986605,693,850,689,696,690,695,719,766,762,766,763,632,635,940,781,665,2,0.9886180274566423,1.8307928248986605,5210.5,-0.02674051272945447,0.21306910465166207,0.21306910465166207,0.663254716981132,0.65901623502126,0.6415094339622641,0.9886180274566423,-0.02674051272945447,0.21306910465166207,0.663254716981132,0.65901623502126,0.21306910465166207,1489.8919967693246,18.25702465280654,2.9322527676843393,9.460266349753521,0.21306910465166207,0.46055647806695366,929.8758115409203
849,Courtney Wong,24689138,2,01:24:40,2025-11-15,2026-03-27,1.831881218582088,646,851,625,633,606,637,655,606,616,612,620,574,592,713,597,596,2,0.9612716611302619,1.831881218582088,5080.5,-0.09221242364306842,0.0952153138684539,0.0952153138684539,0.5688607874537523,0.5652125652125652,0.4945054945054945,0.9612716611302619,-0.09221242364306842,0.0952153138684539,0.5688607874537523,0.5652125652125652,0.0952153138684539,1494.3955645192937,21.31286117749357,2.826636548884622,12.832951530839704,0.0952153138684539,0.3427026872837455,940.4889186918539
850,Emily Tarascio,24493622,1,01:25:13,2025-08-03,2025-08-03,1.8324200375182556,545,852,591,594,650,604,620,634,641,632,635,510,530,656,801,466,1,0.918613007545814,1.8324200375182556,5113.0,-0.1581635771706747,0.04556507937446814,0.04556507937446814,0.5849056603773585,0.5769230769230769,0.5849056603773585,0.918613007545814,-0.1581635771706747,0.04556507937446814,0.5849056603773585,0.5769230769230769,0.04556507937446814,1495.4064579898695,21.24508859531184,4.023879478751356,9.173450159057774,0.04556507937446814,0.3955650793744681,962.1979777598852
851,Brooke Vlasich,22549310,3,01:31:21,2025-04-04,2026-03-27,1.8328959967828191,711,900,688,734,704,642,751,726,749,731,751,677,732,975,659,777,3,1.0360240076846472,1.9264229322631083,5480.666666666667,0.11558450938905075,0.28309147659602146,0.0012707758660598688,0.6547010145177684,0.6514136132755546,0.575,1.0023778618210626,0.04513256739698501,0.2093650193247839,0.6347757608883263,0.631776290358676,0.28309147659602146,1489.27004281529,18.907881537477525,2.3797437735545643,11.768650216813832,0.09990802112154643,0.4851640708123905,910.4241775522613
852,Megan Bangerter,23592055,1,01:01:58,2025-10-11,2025-10-11,1.833094217661583,93,853,93,111,139,131,178,106,122,107,127,108,119,295,423,63,1,0.7275929549902153,1.833094217661583,3718.0,-0.6709456315419166,-0.8167396851876138,-0.8167396851876138,0.2441860465116279,0.23255813953488372,0.2441860465116279,0.7275929549902153,-0.6709456315419166,-0.8167396851876138,0.2441860465116279,0.23255813953488372,-0.8167396851876138,1504.2368026559477,27.950070183216148,3.8896021490608774,16.281263736033516,-0.8167396851876139,-0.4667396851876138,1054.5486334072102
853,Jennifer Shah,24675784,1,01:13:25,2025-11-15,2025-11-15,1.835195738101289,54,854,220,236,294,274,315,201,211,198,203,264,275,373,556,152,1,0.6905471076971312,1.835195738101289,4405.0,-0.4320546172531144,-0.49788514644858983,-0.49788514644858983,0.32653061224489793,0.3125,0.32653061224489793,0.6905471076971312,-0.4320546172531144,-0.49788514644858983,0.32653061224489793,0.3125,-0.49788514644858983,1501.919017558126,25.533935146978532,3.9857064453398174,13.57681581095908,-0.49788514644858983,-0.14788514644858985,1019.5272527668877
854,Chelsie Vaillancourt,22862256,1,01:30:11,2026-03-27,2026-03-27,1.839681034289814,828,856,816,815,847,814,832,857,854,863,860,791,802,722,906,748,1,1.1022611529843145,1.839681034289814,5411.0,0.23977147032097135,0.4541634547041164,0.4541634547041164,0.7286432160804021,0.7272727272727273,0.7286432160804021,1.1022611529843145,0.23977147032097135,0.4541634547041164,0.7286432160804021,0.7272727272727273,0.4541634547041164,1494.1405713036736,18.23060802938118,3.7779999771805115,6.896608097839646,0.4541634547041164,0.8041634547041163,918.0839157110365
855,Alaina Kmitta,24718393,1,01:29:05,2026-03-27,2026-03-27,1.8401252367216072,787,857,791,791,819,792,810,815,810,823,817,720,733,718,907,704,1,1.0685725709716114,1.8401252367216072,5345.0,0.11564823061393467,0.40069588583188015,0.40069588583188015,0.705,0.7035175879396985,0.705,1.0685725709716114,0.11564823061393467,0.40069588583188015,0.705,0.7035175879396985,0.40069588583188015,1494.2822833838377,18.207062902555503,3.777538220401117,6.874448241352152,0.4006958858318801,0.7506958858318802,923.7598218097357
856,Monica Shin,20498409,2,01:57:14,2025-07-12,2025-08-03,1.8408566718947132,898,858,894,892,884,891,904,915,912,912,905,894,900,1110,938,897,2,1.1747778887169609,1.8408566718947132,7033.5,0.4775423602226886,0.6576922867745103,0.6576922867745103,0.7732139071443713,0.7646931719965429,0.6981132075471698,1.1747778887169609,0.4775423602226886,0.6576922867745103,0.7732139071443713,0.7646931719965429,0.6576922867745103,1484.6601744935424,15.430072948900703,3.0758502502400473,6.202522198180562,0.6576922867745103,0.9051796601898019,879.8762210684908
857,Emily Patterson,18956269,1,01:36:46,2026-03-27,2026-03-27,1.841228946981859,886,859,879,877,896,873,888,910,903,916,910,858,869,753,923,815,1,1.1621297037630105,1.841228946981859,5806.0,0.3563845561940629,0.6070263597887319,0.6070263597887319,0.7688442211055276,0.7676767676767676,0.7688442211055276,1.1621297037630105,0.3563845561940629,0.6070263597887319,0.7688442211055276,0.7676767676767676,0.6070263597887319,1493.5040556439214,17.807507893837546,3.7823654914016185,6.46041141963269,0.6070263597887319,0.9570263597887319,901.3087017268084
858,Sara Mainwaring,20862341,2,01:50:45,2025-04-04,2025-06-20,1.8412733391753435,856,860,841,842,820,841,858,864,861,836,833,812,823,1069,808,831,2,1.124953605428703,1.8412733391753435,6645.0,0.2725312962963122,0.503551494641884,0.503551494641884,0.7338312288266092,0.7120388588293163,0.7058823529411765,1.124953605428703,0.2725312962963122,0.503551494641884,0.7338312288266092,0.7120388588293163,0.503551494641884,1487.882986764334,17.648758546430464,2.8765754445469627,9.019032212789575,0.503551494641884,0.7510388680571756,897.757795071623
859,Gwen Guerra,24718284,2,01:39:02,2026-01-25,2026-03-27,1.8423783879483069,962,861,993,988,965,988,997,953,953,957,956,1020,1018,1081,862,1006,2,1.2736593221197348,1.8423783879483069,5942.5,0.813315868700676,0.9261801102710157,0.9261801102710157,0.8013045023095274,0.8000927643784786,0.6834170854271356,1.2736593221197348,0.813315868700676,0.9261801102710157,0.8013045023095274,0.8000927643784786,0.9261801102710157,1486.8921387791881,16.435708516646226,2.866920386515034,7.834947357101123,0.9261801102710157,1.1736674836863072,848.7061989239921
860,Jiamei Qian,24243631,2,01:24:18,2025-11-15,2026-03-27,1.8429456447839991,622,862,599,611,588,613,636,578,591,580,596,565,576,706,575,578,2,0.95204012441822,1.8429456447839991,5057.5,-0.10538965531256163,0.06659965980742195,0.06659965980742195,0.5525153238721079,0.5485625485625485,0.5226130653266332,0.95204012441822,-0.10538965531256163,0.06659965980742195,0.5525153238721079,0.5485625485625485,0.06659965980742195,1494.4861642753062,21.71309599755449,2.826525208598946,13.233520371757653,0.06659965980742195,0.31408703322271353,944.3418703252954
861,Terra Jansma,22549197,1,01:09:15,2025-11-08,2025-11-08,1.8430185496317877,143,863,121,142,182,164,214,101,121,106,125,125,137,354,461,82,1,0.7584884994523549,1.8430185496317877,4155.0,-0.6378489246734387,-0.7066873301078,-0.7066873301078,0.23853211009174313,0.23148148148148148,0.23853211009174313,0.7584884994523549,-0.6378489246734387,-0.7066873301078,0.23853211009174313,0.23148148148148148,-0.7066873301078,1502.4679592272935,27.072693646913574,3.837013814366962,15.561652203812688,-0.7066873301078,-0.35668733010780007,1041.7795338446338
862,Sariah Bronson,23972201,1,01:02:19,2025-10-11,2025-10-11,1.8434478966747336,100,864,98,115,143,134,182,116,129,117,134,112,123,313,444,64,1,0.7317025440313112,1.8434478966747336,3739.0,-0.6608236069281377,-0.7991166163789778,-0.7991166163789778,0.2558139534883721,0.2441860465116279,0.2558139534883721,0.7317025440313112,-0.6608236069281377,-0.7991166163789778,0.2558139534883721,0.2441860465116279,-0.7991166163789778,1503.6368026559476,27.49488582628649,3.8899563811702325,15.825016682775795,-0.7991166163789778,-0.4491166163789778,1052.754538633752
863,Becca Foster,23887601,1,01:29:22,2026-03-27,2026-03-27,1.8459778333585144,795,865,794,795,826,795,814,826,824,831,827,727,739,721,912,711,1,1.071971211515394,1.8459778333585144,5362.0,0.12138006711666613,0.4083974204739912,0.4083974204739912,0.71,0.7085427135678392,0.71,1.071971211515394,0.12138006711666613,0.4083974204739912,0.71,0.7085427135678392,0.4083974204739912,1494.152553654108,18.07091785268506,3.778062578519662,6.736730117126074,0.4083974204739912,0.7583974204739912,922.974145325893
864,Chelsea Jacobs,21141700,3,02:21:21,2025-04-04,2026-03-27,1.846252901511042,961,843,940,992,945,971,1001,891,930,894,934,938,997,1141,818,1035,3,1.3319102152577087,1.8207236363908423,8481.0,0.747073710926741,0.9346849243025295,0.8508593151360238,0.7857433648223121,0.7844098639743531,0.6575,1.2700925360514321,0.6094122411333651,0.8038791586904075,0.7536825236167342,0.7522521215988554,0.9346849243025295,1483.1568541630106,16.03369548576014,2.4161796907996305,8.78515641336125,0.8801982783443008,1.1367575185188985,837.1409310660129
865,Charles Huynh,24520855,1,01:25:55,2025-08-03,2025-08-03,1.847472187249483,561,867,597,608,660,611,633,678,676,675,674,523,543,691,830,476,1,0.9261588214157384,1.847472187249483,5155.0,-0.1434994044528638,0.06404421063090797,0.06404421063090797,0.6037735849056604,0.5961538461538461,0.6037735849056604,0.9261588214157384,-0.1434994044528638,0.06404421063090797,0.6037735849056604,0.5961538461538461,0.06404421063090797,1494.7397913232028,20.629189470230255,4.034973306252524,8.524269551472685,0.06404421063090797,0.41404421063090796,960.4502361559607
866,Melissa Reveles,24483674,1,01:26:15,2025-08-03,2025-08-03,1.854639877597687,570,870,606,617,665,620,642,702,702,701,700,528,546,726,861,480,1,0.9297520661157024,1.854639877597687,5175.0,-0.13651646506343004,0.07279094453625043,0.07279094453625043,0.6226415094339622,0.6153846153846154,0.6226415094339622,0.9297520661157024,-0.13651646506343004,0.07279094453625043,0.6226415094339622,0.6153846153846154,0.07279094453625043,1494.0731246565363,19.9819861718112,4.047701029574273,7.838883083088383,0.07279094453625043,0.42279094453625043,959.8217202474124
867,Paula Van Camp,24720044,1,01:29:52,2026-03-27,2026-03-27,1.856305945070703,801,871,800,802,834,800,820,837,832,842,839,733,746,731,919,719,1,1.07796881247501,1.856305945070703,5392.0,0.13149507270972163,0.4219289889238632,0.4219289889238632,0.715,0.7135678391959799,0.715,1.07796881247501,0.13149507270972163,0.4219289889238632,0.715,0.7135678391959799,0.4219289889238632,1494.0228239243784,17.93243838650428,3.778581454483037,6.59669402305517,0.4219289889238632,0.7719289889238632,921.5180149541576
868,Olga Brezo Fernandez,22858066,7,01:40:59,2025-04-12,2025-11-15,1.8579112655812444,846,640,854,915,875,907,856,852,926,856,929,860,939,1205,615,1040,7,1.1794514788960135,1.4781444334981033,6058.857142857143,0.6065151432866368,0.7366202835626369,0.7010069462653751,0.783527456407484,0.7815873171123418,0.6373626373626373,1.1182287616261606,0.35866714854495907,0.5359846867595851,0.7258987452990653,0.7225137647419693,0.4991862377063894,1473.3995569424976,17.30983700378211,1.5849408434939183,12.555014473300355,0.7134716143194166,0.8689078491158664,835.2554661787552
869,Adrienne Cardiel,20807780,1,01:34:44,2026-03-27,2026-03-27,1.8581139954128536,764,873,749,754,780,748,773,722,719,727,725,717,729,613,827,657,1,1.0481283422459893,1.8581139954128536,5684.0,0.11169425727144873,0.3240375271659659,0.3240375271659659,0.6325,0.6306532663316583,0.6325,1.0481283422459893,0.11169425727144873,0.3240375271659659,0.6325,0.6306532663316583,0.3240375271659659,1496.3144939984954,19.947653814334313,3.7722929654848136,8.630774917879872,0.3240375271659659,0.6740375271659659,931.1255330563158
869,Jessica Bossiere,24717930,1,01:34:44,2026-03-27,2026-03-27,1.8581139954128536,764,873,749,754,780,748,773,722,719,727,725,717,729,618,833,657,1,1.0481283422459893,1.8581139954128536,5684.0,0.11169425727144873,0.3240375271659659,0.3240375271659659,0.6325,0.6306532663316583,0.6325,1.0481283422459893,0.11169425727144873,0.3240375271659659,0.6325,0.6306532663316583,0.3240375271659659,1496.1833464575118,19.811793503095,3.772556805495687,8.494123086607939,0.3240375271659659,0.6740375271659659,931.1255330563158
871,Todd OHara,23765422,2,01:56:56,2025-04-04,2026-03-27,1.861559367326977,854,875,847,847,831,845,864,842,837,850,846,775,789,943,786,839,2,1.124074374443095,1.861559367326977,7015.5,0.21041172812627315,0.5182599034983012,0.5182599034983012,0.71984375,0.7184022205267173,0.6796875,1.124074374443095,0.21041172812627315,0.5182599034983012,0.71984375,0.7184022205267173,0.5182599034983012,1489.8137821245766,17.886981975947805,2.8337041292298526,9.385869588258247,0.5182599034983012,0.7657472769135928,895.5424309943115
872,Lisa Helms,21056080,1,01:43:39,2025-08-16,2025-08-16,1.8622083114654853,688,876,670,676,722,680,700,632,640,635,639,626,630,692,824,560,1,0.9855784469096672,1.8622083114654853,6219.0,-0.03259175129532169,0.16698075675055477,0.16698075675055477,0.5844155844155844,0.5789473684210527,0.5844155844155844,0.9855784469096672,-0.03259175129532169,0.16698075675055477,0.5844155844155844,0.5789473684210527,0.16698075675055477,1494.6777938501236,20.441519149874882,3.913791272289322,8.700145333006915,0.16698075675055477,0.5169807567505548,948.2253733423998
873,Jennifer King,24740059,1,01:38:02,2026-03-27,2026-03-27,1.86533046265024,900,877,887,886,901,883,898,917,914,923,920,870,875,760,931,833,1,1.177341873498799,1.86533046265024,5882.0,0.3898231071456046,0.6417584952785967,0.6417584952785967,0.7738693467336684,0.7727272727272727,0.7738693467336684,1.177341873498799,0.3898231071456046,0.6417584952785967,0.7738693467336684,0.7727272727272727,0.6417584952785967,1493.3750233858568,17.661886046484568,3.78316387105744,6.312394433312248,0.6417584952785967,0.9917584952785967,897.4150086580366
874,Ever Capps,24115212,2,02:05:50,2025-04-12,2025-09-27,1.865610172844939,1133,878,1190,1188,1184,1189,1189,1185,1185,1187,1187,1188,1186,1168,1136,1195,2,1.7044147191193115,1.8656101728449392,7550.5,2.4991442589416217,2.17875912395321,2.17875912395321,0.9745753935376968,0.9743892828999212,0.9632352941176471,1.7044147191193115,2.4991442589416217,2.17875912395321,0.9745753935376968,0.9743892828999212,2.17875912395321,1481.0164497232886,8.9943458547337,2.998906632584505,-0.00237404301981492,2.17875912395321,2.4262464973685014,710.25597652435
875,Zachary Dell,23009466,1,02:30:00,2025-04-04,2025-04-04,1.8656215371313525,901,879,886,885,900,882,897,895,889,898,892,830,843,772,873,834,1,1.179245283018868,1.8656215371313525,9000.0,0.30931563526003386,0.638912190067343,0.638912190067343,0.7552083333333334,0.7539267015706806,0.7552083333333334,1.179245283018868,0.30931563526003386,0.638912190067343,0.7552083333333334,0.7539267015706806,0.638912190067343,1493.0526315789473,19.054621088231887,3.811707964413693,7.619497194990807,0.638912190067343,0.988912190067343,897.369113489324
876,Kathy Jansen,19812445,1,02:30:30,2025-04-04,2025-04-04,1.8718402755884571,903,880,891,889,905,886,902,907,900,913,907,840,850,802,898,836,1,1.1831761006289307,1.8718402755884571,9030.0,0.3160988728753855,0.6470327812868599,0.6470327812868599,0.7682291666666666,0.7670157068062827,0.7682291666666666,1.1831761006289307,0.3160988728753855,0.6470327812868599,0.7682291666666666,0.7670157068062827,0.6470327812868599,1492.4912280701753,18.437321980867964,3.816195490033641,6.988735510767041,0.6470327812868599,0.9970327812868599,896.6956621657464
876,Larry Blanck,19615079,1,02:30:30,2025-04-04,2025-04-04,1.8718402755884571,903,880,891,889,905,886,902,907,900,913,907,840,850,795,888,836,1,1.1831761006289307,1.8718402755884571,9030.0,0.3160988728753855,0.6470327812868599,0.6470327812868599,0.7682291666666666,0.7670157068062827,0.7682291666666666,1.1831761006289307,0.3160988728753855,0.6470327812868599,0.7682291666666666,0.7670157068062827,0.6470327812868599,1492.6315789473683,18.595750516046984,3.81497643029462,7.150821225163124,0.6470327812868599,0.9970327812868599,896.6956621657464
878,Amy Coenen,21831797,1,01:03:22,2025-10-11,2025-10-11,1.8745089337141847,114,882,106,126,164,145,192,151,162,149,161,129,141,356,493,71,1,0.7440313111545989,1.8745089337141847,3802.0,-0.6304575330868009,-0.7468352475199026,-0.7468352475199026,0.29069767441860467,0.27906976744186046,0.29069767441860467,0.7440313111545989,-0.6304575330868009,-0.7468352475199026,0.29069767441860467,0.27906976744186046,-0.7468352475199026,1502.4368026559478,26.606905002477397,3.890800062506882,14.934504814956751,-0.7468352475199026,-0.3968352475199026,1047.439855633563
879,Kelly Cooper,23750812,1,01:51:23,2025-04-04,2025-04-04,1.8763547494508783,986,883,975,974,995,973,982,970,968,976,974,951,951,835,929,935,1,1.2996888370283937,1.8763547494508783,6683.0,0.6370828213774784,0.8842364275828268,0.8842364275828268,0.8115183246073299,0.8105263157894737,0.8115183246073299,1.2996888370283937,0.6370828213774784,0.8842364275828268,0.8115183246073299,0.8105263157894737,0.8842364275828268,1491.9545454545455,17.79987538975378,3.8189845878891537,6.342921626086319,0.8842364275828268,1.2342364275828268,870.2830260005234
880,Caitlin Lowry,2376560,1,01:32:01,2026-03-27,2026-03-27,1.8770798355782785,855,884,842,844,872,842,861,871,868,876,874,820,834,737,917,768,1,1.1246689753513954,1.8770798355782785,5521.0,0.29231103553074594,0.5063648365794823,0.5063648365794823,0.7386934673366834,0.7373737373737373,0.7386934673366834,1.1246689753513954,0.29231103553074594,0.5063648365794823,0.7386934673366834,0.7373737373737373,0.5063648365794823,1493.875377933508,17.96569360882094,3.7794429523327917,6.627364751822563,0.5063648365794823,0.8563648365794823,912.2817618204951
881,Ted DesMaisons,21863962,2,01:32:10,2025-04-04,2025-11-15,1.8800904172577504,750,886,725,732,725,730,749,720,717,720,719,690,697,869,646,731,2,1.0329640357470558,1.8800904172577502,5530.5,0.06499088458219911,0.28031655063136723,0.28031655063136723,0.6304873137333871,0.6270098322729902,0.5384615384615384,1.0329640357470558,0.06499088458219911,0.28031655063136723,0.6304873137333871,0.6270098322729902,0.28031655063136723,1491.2649282152129,20.48910838269895,2.8418331704741653,11.963608871276456,0.28031655063136723,0.5278039240466588,920.0813973432397
882,Alison Wright,24694265,1,01:31:17,2026-03-27,2026-03-27,1.8855689282552373,821,887,817,818,849,815,833,843,838,851,848,746,760,733,924,753,1,1.0949620151939223,1.8855689282552373,5477.0,0.16015425522337892,0.4598634554056082,0.4598634554056082,0.72,0.7185929648241206,0.72,1.0949620151939223,0.16015425522337892,0.4598634554056082,0.72,0.7185929648241206,0.4598634554056082,1493.8930941946487,17.791495202052786,3.779093145635651,6.4542157651458325,0.4598634554056082,0.8098634554056081,917.2555513087569
883,Jennifer Benn,18641373,3,02:41:54,2025-05-03,2025-08-02,1.8893565043699247,1137,904,1189,1197,1187,1180,1198,1189,1189,1191,1191,1197,1200,1202,1142,1207,3,1.7843438759627528,1.9349897609748183,9713.666666666666,2.8255290070218426,2.2533467708545243,1.9424855644525938,0.9760004528216449,0.9758422939068101,0.9536423841059603,1.7335153251815498,2.6691598701382153,2.1756314692540415,0.9755900832059772,0.9754301075268818,2.2533467708545243,1474.5399406525655,7.412173531616502,2.6252490974850287,-0.46357376083858437,2.0512869866932695,2.4554193650708935,691.4176663946528
884,Kandace Gordon,23764828,3,02:26:39,2025-04-04,2026-03-27,1.8953945355205604,940,918,909,968,926,1031,976,874,925,862,906,918,985,1161,848,1019,3,1.324866738359318,1.9670040026065703,8799.333333333334,0.716779284634199,0.8656664734253576,1.1734895670778098,0.7831648783995657,0.7657370320921723,0.6130653266331658,1.2453815673160356,0.5416443389691318,0.7041299159088278,0.7406399904579658,0.727080551846907,0.8656664734253576,1481.7667585082131,15.347806894476891,2.4208813683459085,8.085162789439165,1.0657514842994515,1.0677390676417267,844.189359449551
885,Maria Fernandez,24113872,1,01:18:33,2025-11-15,2025-11-15,1.8970422404246785,344,888,366,386,454,422,438,363,384,366,388,323,339,482,582,254,1,0.8419078242229368,1.8970422404246785,4713.0,-0.3767969023765676,-0.25642745574421144,-0.25642745574421144,0.42857142857142855,0.4230769230769231,0.42857142857142855,0.8419078242229368,-0.3767969023765676,-0.25642745574421144,0.42857142857142855,0.4230769230769231,-0.25642745574421144,1499.0344309280526,24.56294078192904,3.7952511253954397,13.177187405742721,-0.25642745574421144,0.09357254425578854,993.8004346624148
886,Joan Rau,24184497,1,01:39:47,2026-03-27,2026-03-27,1.8986286092973457,910,889,904,903,916,900,911,931,931,935,935,879,883,770,945,850,1,1.1983586869495595,1.8986286092973457,5987.0,0.43602110517076087,0.6890124842311595,0.6890124842311595,0.7864321608040201,0.7853535353535354,0.7864321608040201,1.1983586869495595,0.43602110517076087,0.6890124842311595,0.7864321608040201,0.7853535353535354,0.6890124842311595,1493.1169588697278,17.36404043849496,3.7848715470087306,6.009425797468769,0.6890124842311595,1.0390124842311594,892.2320562098989
886,Kristina Mauersberger,24718539,1,01:39:47,2026-03-27,2026-03-27,1.8986286092973457,910,889,904,903,916,900,911,931,931,935,935,879,883,778,952,850,1,1.1983586869495595,1.8986286092973457,5987.0,0.43602110517076087,0.6890124842311595,0.6890124842311595,0.7864321608040201,0.7853535353535354,0.7864321608040201,1.1983586869495595,0.43602110517076087,0.6890124842311595,0.7864321608040201,0.7853535353535354,0.6890124842311595,1492.9879266116634,17.211541945417668,3.7857868325699227,5.8541814477079,0.6890124842311595,1.0390124842311594,892.2320562098989
888,Julia Salzman,22325383,1,01:11:26,2025-11-08,2025-11-08,1.9011257530016468,198,892,152,167,237,198,259,197,204,202,209,156,169,449,567,104,1,0.7824023366192041,1.9011257530016468,4286.0,-0.5746907922983665,-0.607926935260294,-0.607926935260294,0.3211009174311927,0.3148148148148148,0.3211009174311927,0.7824023366192041,-0.5746907922983665,-0.607926935260294,0.3211009174311927,0.3148148148148148,-0.607926935260294,1499.8497774091115,24.867345802912997,3.8425114771418327,13.3398113714875,-0.607926935260294,-0.257926935260294,1032.0734645839598
889,Jennifer Davis,24689863,1,01:32:24,2026-03-27,2026-03-27,1.908635044412459,837,893,833,835,865,835,850,849,847,858,855,763,778,743,933,766,1,1.1083566573370651,1.908635044412459,5544.0,0.18274443438120289,0.4893521087559726,0.4893521087559726,0.725,0.7236180904522613,0.725,1.1083566573370651,0.18274443438120289,0.4893521087559726,0.725,0.7236180904522613,0.4893521087559726,1493.7633644649188,17.647948647028574,3.7795955889552757,6.309161880162748,0.4893521087559727,0.8393521087559725,913.964356173465
890,Lawren Didonna,18141629,1,01:53:21,2025-04-04,2025-04-04,1.9094850592571335,1007,894,995,990,1008,990,999,987,984,990,988,977,976,847,947,951,1,1.322637106184364,1.9094850592571335,6801.0,0.6858665805744559,0.9290303733661279,0.9290303733661279,0.8219895287958116,0.8210526315789474,0.8219895287958116,1.322637106184364,0.6858665805744559,0.9290303733661279,0.8219895287958116,0.8210526315789474,0.9290303733661279,1491.6818181818182,17.455844024830565,3.8221923032798086,5.98926711499114,0.929030373366128,1.279030373366128,865.3411463192134
891,Judy Moulder,21068044,1,01:06:25,2025-07-11,2025-07-11,1.9133237660035072,460,895,219,235,293,272,314,210,225,104,120,196,207,302,662,150,1,0.8851621501554865,1.9133237660035072,3985.0,-0.5208455066842985,-0.49843990281749445,-0.49843990281749445,0.3333333333333333,0.2222222222222222,0.3333333333333333,0.8851621501554865,-0.5208455066842985,-0.49843990281749445,0.3333333333333333,0.2222222222222222,-0.49843990281749445,1503.9603386156919,26.81514216471972,5.026250537285262,11.736390552863934,-0.49843990281749445,-0.14843990281749447,1019.7271041710804
892,Cindy Grimley-Beason,21968784,7,02:03:32,2025-04-04,2026-03-27,1.9168236160740089,873,823,870,1006,940,943,872,845,985,849,987,873,1030,1215,743,1091,7,1.279296317123326,1.7738346845698933,7411.857142857143,0.869701162727499,0.9773337089740375,0.7215495761402556,0.8225996219618857,0.820990429235939,0.6507537688442211,1.1429050823611597,0.39927793351068475,0.5748174702522626,0.7204691583582261,0.7179681436580956,0.5430241415028433,1467.7638299109035,14.941859822766988,1.6019587135335036,10.135983682166477,0.8110740226320793,1.1096212745272669,807.8412448860757
893,Marissa King,24718148,1,01:04:51,2025-10-11,2025-10-11,1.918388811436584,152,896,129,150,203,172,226,165,177,161,174,143,155,375,511,87,1,0.7614481409001957,1.918388811436584,3891.0,-0.5875594287712617,-0.674435193880358,-0.674435193880358,0.3023255813953488,0.29069767441860467,0.3023255813953488,0.7614481409001957,-0.5875594287712617,-0.674435193880358,0.3023255813953488,0.29069767441860467,-0.674435193880358,1501.8368026559476,26.17063276029707,3.891420141098362,14.496372337001985,-0.674435193880358,-0.324435193880358,1039.3464076045502
894,Johannah Barhorst,22346413,1,01:56:49,2025-06-20,2025-06-20,1.9199553970030536,752,897,730,737,768,734,754,796,791,751,749,702,709,786,921,625,1,1.034538745387454,1.9199553970030536,7009.0,0.08227409931177261,0.28663231846788745,0.28663231846788745,0.6911764705882353,0.6495327102803738,0.6911764705882353,1.034538745387454,0.08227409931177261,0.28663231846788745,0.6911764705882353,0.6495327102803738,0.28663231846788745,1492.8246780710479,18.17861542727635,3.8685233727446358,6.573045309042442,0.28663231846788745,0.6366323184678875,936.6006614683596
895,Dessa Burt,22830270,7,01:39:55,2025-04-04,2026-03-27,1.9211443321868849,906,796,902,901,850,879,768,879,893,884,897,910,914,1203,635,1029,7,1.1735443124952063,1.7204999666117509,5994.714285714285,0.5240122352069081,0.6835594229297455,0.6074116366746893,0.7603061616225288,0.7586401268211792,0.5871559633027523,1.1835832081907258,0.5208298326133878,0.6831289565607377,0.7438345215004961,0.7421748563858299,0.31431741815735387,1474.246501368069,16.90722651385128,1.595786877486827,12.119865881390801,0.6340633618639591,0.815846988482975,840.35333167034
896,Meiyong Pelos,23741830,1,02:34:38,2025-04-04,2025-04-04,1.923248513500521,919,898,913,910,924,906,918,935,935,939,939,863,871,820,916,861,1,1.2156708595387842,1.923248513500521,9278.0,0.37217363716229224,0.7131476383043648,0.7131476383043648,0.7890625,0.7879581151832461,0.7890625,1.2156708595387842,0.37217363716229224,0.7131476383043648,0.7890625,0.7879581151832461,0.7131476383043648,1492.2105263157894,18.111194421037045,3.8188615201800498,6.654609860496896,0.7131476383043648,1.0631476383043648,889.5091202753999
897,Julie Estabrook,22124190,1,01:54:12,2025-08-02,2025-08-02,1.9261843992897871,1141,899,1204,1205,1205,1204,1205,1204,1205,1205,1206,1201,1199,1032,1185,1196,1,1.7377631245244738,1.9261843992897871,6852.0,2.793519251265236,2.3170725770044505,2.3170725770044505,0.9871794871794872,0.9870967741935484,0.9871794871794872,1.7377631245244738,2.793519251265236,2.3170725770044505,0.9871794871794872,0.9870967741935484,2.3170725770044505,1488.3624202383955,8.878454953153263,4.037237349826301,-3.233257096325639,2.3170725770044505,2.6670725770044506,709.0200920684798
898,Deborah Wilson,20719464,3,02:06:17,2025-04-04,2026-03-27,1.926902666487601,997,891,1010,1017,984,1027,1027,1032,1043,1035,1046,997,1007,1178,895,1054,3,1.3268890124220727,1.90080932912744,7577.333333333333,0.7853215452845009,1.0163019979065842,1.0547256484718317,0.8627594889549469,0.8619864307176327,0.8241206030150754,1.311569881814553,0.734954833676191,0.9709366335308436,0.853099767469979,0.8522979038463052,1.0163019979065842,1479.609299931046,14.167786587892511,2.378685579510331,7.0317298493615175,1.041277370773995,1.2183745921229532,831.0873796618481
899,Deborah Warick,21123321,1,01:38:15,2026-03-27,2026-03-27,1.9270904297957023,811,901,798,801,833,799,818,769,764,772,768,770,785,650,863,722,1,1.0870366955559654,1.9270904297957023,5895.0,0.20199114724951647,0.41709845588506095,0.41709845588506095,0.665,0.6633165829145728,0.665,1.0870366955559654,0.20199114724951647,0.41709845588506095,0.665,0.6633165829145728,0.41709845588506095,1495.5276087525938,19.150634705268658,3.774130215354304,7.828244059205746,0.417098455885061,0.7670984558850609,921.0735262536199
900,Kayli Bodway,24802854,1,01:52:17,2026-01-25,2026-01-25,1.932205963514457,1090,903,1121,1119,1126,1118,1121,1127,1127,1129,1129,1130,1126,939,1067,1105,1,1.4994435789005118,1.932205963514457,6737.0,1.5210867823670342,1.5275634830022224,1.5275634830022224,0.9292929292929293,0.9285714285714286,0.9292929292929293,1.4994435789005118,1.5210867823670342,1.5275634830022224,0.9292929292929293,0.9285714285714286,1.5275634830022224,1489.8923495508095,14.805541046526367,3.9146717297096276,3.061525857397484,1.5275634830022224,1.8775634830022225,798.6559067210048
901,KaSaundra Olsen,21922408,5,01:40:34,2025-04-12,2026-01-25,1.9340254666386596,981,812,1026,1031,983,1058,975,1037,1048,1038,1050,1044,1052,1210,815,1084,5,1.2875113891978622,1.7567536190805952,6033.8,0.9740022986582068,1.0545798877097965,1.2080836154579764,0.8657813425721796,0.8646793145410656,0.7981651376146789,1.2924386877308294,0.9153820726827313,1.0316854301080034,0.8551630990570247,0.8538496385846617,0.8615469220904556,1471.2096903364445,14.5911590549632,1.9024004713392635,8.88395764094541,1.1543573107461134,1.2111046461347819,811.9750342426851
902,Jennie Zumbusch,23764055,1,02:35:43,2025-04-04,2025-04-04,1.9367224468242472,928,905,917,913,929,911,921,955,955,959,958,868,873,837,934,868,1,1.2241876310272537,1.9367224468242472,9343.0,0.38687065199555404,0.7301838818849823,0.7301838818849823,0.8020833333333334,0.8010471204188482,0.8020833333333334,1.2241876310272537,0.38687065199555404,0.7301838818849823,0.8020833333333334,0.8010471204188482,0.7301838818849823,1491.9298245614034,17.771300907596746,3.821878447970141,6.305665563686324,0.7301838818849823,1.0801838818849823,887.8103689302956
903,Katie Bartosh,24727972,1,01:33:57,2026-03-27,2026-03-27,1.9406521907202432,860,906,853,853,880,851,870,867,863,872,867,776,790,754,944,781,1,1.1269492203118752,1.9406521907202432,5637.0,0.21410095171967497,0.5296988168635831,0.5296988168635831,0.735,0.7336683417085427,0.735,1.1269492203118752,0.21410095171967497,0.5296988168635831,0.735,0.7336683417085427,0.5296988168635831,1493.5039050054595,17.358177764694556,3.7806460091398915,6.016239737274882,0.5296988168635831,0.8796988168635831,909.5244847410899
904,Laresa Meadows,23742161,2,02:05:53,2025-04-04,2025-05-24,1.9413553106464605,1036,907,1032,1026,1013,1026,1035,1024,1018,1027,1022,1021,1019,1114,932,1034,2,1.367959967223678,1.9413553106464603,7553.0,0.8151622720979907,1.0407083290246235,1.0407083290246235,0.8486038394415358,0.8471633629528367,0.8333333333333334,1.367959967223678,0.8151622720979907,1.0407083290246235,0.8486038394415358,0.8471633629528367,1.0407083290246235,1484.5443953588654,15.0503397698251,2.913608708172901,6.309513645306398,1.0407083290246235,1.288195702439915,838.5337787254512
905,Britney Hartmann,23766433,1,01:12:59,2025-11-08,2025-11-08,1.9423774317298672,237,908,188,203,269,235,289,219,236,220,238,185,198,470,589,128,1,0.7993793355239138,1.9423774317298672,4379.0,-0.5298533395435443,-0.5396299380495096,-0.5396299380495096,0.3394495412844037,0.3333333333333333,0.3394495412844037,0.7993793355239138,-0.5298533395435443,-0.5396299380495096,0.3394495412844037,0.3333333333333333,-0.5396299380495096,1499.413413772748,24.485232951116448,3.844246480120604,12.952493510754636,-0.5396299380495096,-0.18962993804950967,1024.5862823817836
906,Danielle Dudley,22860411,2,02:01:43,2025-04-26,2026-03-27,1.9423819589332485,949,909,979,976,948,975,984,909,902,907,899,1009,1005,1085,935,998,2,1.261947375299004,1.9423819589332485,7303.0,0.7784898911615334,0.8913766260491742,0.8913766260491742,0.7682371794871794,0.7610166215693854,0.6775,1.261947375299004,0.7784898911615334,0.8913766260491742,0.7682371794871794,0.7610166215693854,0.8913766260491742,1486.2079203343264,15.363295032088827,3.0202787750083537,6.302458707063765,0.8913766260491742,1.1388639994644658,852.5902579009611
907,Kate Lasher,24716848,1,01:35:20,2026-03-27,2026-03-27,1.944737667000136,891,910,875,875,894,871,886,892,886,895,890,869,874,748,928,814,1,1.1652067630882053,1.944737667000136,5720.0,0.3873598853193382,0.5982124304637114,0.5982124304637114,0.7537688442211056,0.7525252525252525,0.7537688442211056,1.1652067630882053,0.3873598853193382,0.5982124304637114,0.7537688442211056,0.7525252525252525,0.5982124304637114,1493.6101845633423,17.691134104301888,3.781087248337881,6.347872359288246,0.5982124304637114,0.9482124304637114,902.0207960614972
908,Shara Taylor,23758322,3,02:18:37,2025-04-04,2026-03-27,1.9489268434203035,1067,868,1074,1095,1075,1095,1099,1047,1070,1050,1071,1077,1093,1182,971,1111,3,1.4814201582907043,1.8501252958171355,8317.333333333334,1.2487964107016771,1.3381413850656882,1.3481112425056847,0.8837584345479083,0.8831466886689235,0.795,1.4370347308731661,1.0647207122049611,1.224450619442699,0.8615688259109312,0.8608524788132503,1.3381413850656882,1478.5224030501488,12.587536179384493,2.3940478107725043,5.40539274706698,1.3446217924016861,1.5402139792820573,793.4934380782496
909,Anna Morrissette,22351118,1,01:13:15,2025-11-08,2025-11-08,1.949474494736873,245,911,195,210,274,242,296,231,248,234,251,193,206,486,614,132,1,0.8023001095290252,1.949474494736873,4395.0,-0.5221393691771233,-0.5280263210586373,-0.5280263210586373,0.3486238532110092,0.3425925925925926,0.3486238532110092,0.8023001095290252,-0.5221393691771233,-0.5280263210586373,0.3486238532110092,0.3425925925925926,-0.5280263210586373,1498.9770501363844,24.101746605579656,3.8451197307219576,12.566387413413784,-0.5280263210586373,-0.17802632105863736,1023.4353526663654
910,Mackenzie Graham,24718312,1,01:39:33,2026-03-27,2026-03-27,1.9525888273400729,827,912,815,814,846,812,830,785,783,788,786,788,800,672,880,752,1,1.101419878296146,1.9525888273400729,5973.0,0.23537104022719083,0.45065917214391865,0.45065917214391865,0.6775,0.6758793969849246,0.6775,1.101419878296146,0.23537104022719083,0.45065917214391865,0.6775,0.6758793969849246,0.45065917214391865,1495.134166129643,18.770901227123186,3.775371205787211,7.444787609761553,0.4506591721439187,0.8006591721439187,917.4640438838512
911,Amy Davis,24718550,1,01:42:44,2026-03-27,2026-03-27,1.954759770788181,932,913,928,925,942,923,932,942,942,949,949,908,910,784,958,886,1,1.233787029623699,1.954759770788181,6164.0,0.5138977304131672,0.76682401193006,0.76682401193006,0.7939698492462312,0.7929292929292929,0.7939698492462312,1.233787029623699,0.5138977304131672,0.76682401193006,0.7939698492462312,0.7929292929292929,0.76682401193006,1492.8588943535988,17.05573267358163,3.786715659644615,5.695585694647786,0.76682401193006,1.1168240119300599,883.4344842933696
912,Dana Mercury,23765005,1,04:10:00,2025-04-04,2025-04-04,1.9551616266944736,1177,914,1150,1149,1151,1148,1151,1132,1131,1134,1133,1154,1153,952,1086,1143,1,1.9551616266944736,1.9551616266944736,15000.0,1.95117987266917,1.7809443204259776,1.7809443204259776,0.9315789473684211,0.9312169312169312,0.9315789473684211,1.9551616266944736,1.95117987266917,1.7809443204259776,0.9315789473684211,0.9312169312169312,1.7809443204259776,1489.6271186440679,14.035146124262889,3.8734803740981194,2.41470500196853,1.7809443204259776,2.1309443204259777,769.5628307787829
913,Cristina Wood,24505873,2,01:55:58,2025-07-12,2025-11-15,1.9552178526030424,884,915,880,878,871,874,889,820,815,814,809,881,886,1082,825,883,2,1.1604060796692721,1.9552178526030424,6958.5,0.44095441648060724,0.6077206088022338,0.6077206088022338,0.706692184220274,0.6983269539449315,0.6043956043956044,1.1604060796692721,0.44095441648060724,0.6077206088022338,0.706692184220274,0.6983269539449315,0.6077206088022338,1486.7460142098578,17.44158316095315,2.924346748499687,8.66854291545409,0.6077206088022338,0.8552079822175254,883.7486119722714
914,Barbara Harris,24196093,2,01:45:30,2025-08-02,2026-03-27,1.9621663907750353,1071,916,1111,1108,1102,1108,1110,1075,1071,1076,1072,1129,1125,1126,1055,1119,2,1.4504917213292061,1.9621663907750353,6330.0,1.5151627610827618,1.444733356091519,1.444733356091519,0.8848569771936605,0.8842619745845552,0.7889447236180904,1.4504917213292061,1.5151627610827618,1.444733356091519,0.8848569771936605,0.8842619745845552,1.444733356091519,1483.7179173191719,12.182591678818623,2.9049406616197686,3.4677696939593172,1.444733356091519,1.6922207295068106,791.1831284184533
915,Kasey Petro,23764826,1,01:56:35,2025-04-04,2025-04-04,1.963953534701316,1028,917,1018,1011,1029,1011,1021,1005,1001,1008,1004,1007,1003,868,969,981,1,1.3603656164916376,1.963953534701316,6995.0,0.766070388067792,1.0010120805336982,1.0010120805336982,0.8350785340314136,0.8342105263157895,0.8350785340314136,1.3603656164916376,0.766070388067792,1.0010120805336982,0.8350785340314136,0.8342105263157895,1.0010120805336982,1491.2727272727273,16.907314762259265,3.827898525200023,5.423619186659197,1.0010120805336982,1.3510120805336983,857.3250300996549
916,Kim Bottorff,22211710,2,02:08:20,2025-04-04,2026-03-27,1.971766037922706,899,919,884,883,877,877,895,884,880,888,883,856,867,1025,819,880,2,1.1765384092755022,1.971766037922706,7700.5,0.3516118648125731,0.6249936862709509,0.6249936862709509,0.7481249999999999,0.7468362756189324,0.715,1.1765384092755022,0.3516118648125731,0.6249936862709509,0.7481249999999999,0.7468362756189324,0.6249936862709509,1488.4486089681086,17.2836477900963,2.8377223166564622,8.770480840126913,0.6249936862709509,0.8724810596862425,883.9742959754568
917,Rebecca Calkin,24205295,1,02:20:31,2025-05-24,2025-05-24,1.9750231817727713,1061,920,1067,1063,1076,1066,1070,1021,1015,1022,1017,1060,1058,908,1051,1039,1,1.4188825311342983,1.9750231817727713,8431.0,0.9832868979951087,1.1932979802059474,1.1932979802059474,0.8461538461538461,0.8441558441558441,0.8461538461538461,1.4188825311342983,0.9832868979951087,1.1932979802059474,0.8461538461538461,0.8441558441558441,1.1932979802059474,1490.516773709894,15.412006036430451,3.956505924136602,3.542488264020646,1.1932979802059474,1.5432979802059474,835.4336578797949
918,Katie Greenfield,21916237,7,02:11:28,2025-04-12,2026-03-27,1.9751151649696492,1038,866,1050,1136,1112,1143,1046,962,1108,964,1111,1083,1145,1221,951,1179,7,1.5319507961313783,1.8463320847046647,7888.0,1.7411072044544726,1.619735414044827,1.7808249171691966,0.9147628912934199,0.9142562588397959,0.65,1.371033454315962,1.0992479709262943,1.1289934337558698,0.805599315537516,0.8045634441043403,1.090822706884121,1460.9615448423576,10.82489904745895,1.6441322334842714,5.892502347006136,1.724443591075667,1.7520229795980566,733.9499734260506
919,Katelyn Squire,21685800,1,00:47:15,2025-10-25,2025-10-25,1.9781425036741511,62,921,71,83,115,98,141,33,37,36,41,70,85,211,339,43,1,0.7034739454094293,1.9781425036741511,2835.0,-0.820484348233922,-0.9611444553266171,-0.9611444553266171,0.09836065573770492,0.08196721311475409,0.09836065573770492,0.7034739454094293,-0.820484348233922,-0.9611444553266171,0.09836065573770492,0.08196721311475409,-0.9611444553266171,1508.162143464928,30.458985336766567,3.975078388080721,18.533750172524407,-0.9611444553266171,-0.6111444553266171,1068.238674157717
920,Catherine Pribylshay,24475467,2,01:29:12,2025-11-15,2026-03-27,1.986516975768718,536,922,589,593,576,603,619,576,590,573,589,545,562,631,624,569,2,0.9139225359626542,1.986516975768718,5352.0,-0.12026562390765178,0.04497848138794426,0.04497848138794426,0.5523979591836734,0.5461159966499163,0.4897959183673469,0.9139225359626542,-0.12026562390765178,0.04497848138794426,0.5523979591836734,0.5461159966499163,0.04497848138794426,1495.9969294230427,21.001074368227115,2.8976011973539033,12.308270776165406,0.04497848138794426,0.29246585480323584,946.1719629043496
921,Kristen Lyda,23591788,1,01:44:25,2026-03-27,2026-03-27,1.9867894166106348,944,923,943,942,958,942,949,954,954,958,957,922,924,789,963,902,1,1.2540032025620496,1.9867894166106348,6265.0,0.5583358047040319,0.810229707662458,0.810229707662458,0.8015075376884422,0.8005050505050505,0.8015075376884422,1.2540032025620496,0.5583358047040319,0.810229707662458,0.8015075376884422,0.8005050505050505,0.810229707662458,1492.7298620955344,16.89639689971373,3.787657303560139,5.5334249890333105,0.810229707662458,1.1602297076624581,878.593583052988
922,Cecilia Agraz,24717895,1,01:41:21,2026-03-27,2026-03-27,1.9878943008630476,852,924,836,838,868,837,853,800,795,802,797,814,825,690,894,767,1,1.1213350543979348,1.9878943008630476,6081.0,0.2815893535808937,0.49641138379925226,0.49641138379925226,0.695,0.6934673366834171,0.695,1.1213350543979348,0.2815893535808937,0.49641138379925226,0.695,0.6934673366834171,0.49641138379925226,1494.7407235066921,18.394545961746804,3.7768610799003244,7.063962722045831,0.4964113837992523,0.8464113837992522,912.5525395434879
923,Gretchen Jacobs,23764846,1,04:14:14,2025-04-04,2025-04-04,1.9882690302398331,1182,925,1158,1156,1158,1155,1158,1138,1136,1140,1138,1161,1159,960,1096,1151,1,1.9882690302398331,1.9882690302398331,15254.0,2.0188108344128883,1.8198160763073599,1.8198160763073599,0.9368421052631579,0.9365079365079365,0.9368421052631579,1.9882690302398331,2.0188108344128883,1.8198160763073599,0.9368421052631579,0.9365079365079365,1.8198160763073599,1489.491525423729,13.715527582755511,3.880975157020473,2.072602111694092,1.8198160763073599,2.16981607630736,765.1978420103186
924,Puja Wheeldon,22703943,1,01:22:28,2025-11-15,2025-11-15,1.991632719206728,455,926,464,480,538,501,512,422,447,428,449,410,423,542,630,334,1,0.8838871025366202,1.991632719206728,4948.0,-0.2767434876212078,-0.1282519878149575,-0.1282519878149575,0.46703296703296704,0.46153846153846156,0.46703296703296704,0.8838871025366202,-0.2767434876212078,-0.1282519878149575,0.46703296703296704,0.46153846153846156,-0.1282519878149575,1497.9233198169416,23.572347858412872,3.7969264886264433,12.181568392533542,-0.1282519878149575,0.22174801218504248,979.8294866197814
925,Hanna Feldman,21241639,1,01:41:35,2026-03-27,2026-03-27,1.9924709363197295,853,927,839,841,870,840,857,810,806,817,812,816,830,699,902,770,1,1.1239166513000185,1.9924709363197295,6095.0,0.2875806164230404,0.5022826461989972,0.5022826461989972,0.7,0.6984924623115578,0.7,1.1239166513000185,0.2875806164230404,0.5022826461989972,0.7,0.6984924623115578,0.5022826461989972,1494.6095759657087,18.269289801427764,3.7774255186284087,6.937013245542538,0.5022826461989972,0.8522826461989972,911.9773443675173
926,Crystal Thomas,24520278,1,01:44:54,2026-03-27,2026-03-27,1.9959860475893592,948,928,950,948,964,949,955,971,969,977,975,928,930,813,991,908,1,1.2598078462770217,1.9959860475893592,6294.0,0.5710952517776464,0.822563473122445,0.822563473122445,0.8115577889447236,0.8106060606060606,0.8115577889447236,1.2598078462770217,0.5710952517776464,0.822563473122445,0.8115577889447236,0.8106060606060606,0.822563473122445,1492.3427653213407,16.41086324451254,3.790628860723226,5.038976662342863,0.822563473122445,1.172563473122445,877.3762050502153
927,Amanda McDermott,23839280,2,02:32:46,2025-04-04,2025-05-24,1.99677243111576,1017,929,1002,998,973,998,1007,1007,1003,1010,1006,954,955,1115,926,1007,2,1.3346884797275127,1.99677243111576,9166.0,0.6420653796945893,0.9476915904434877,0.9476915904434877,0.836338141025641,0.8346365676208609,0.782051282051282,1.3346884797275127,0.6420653796945893,0.9476915904434877,0.836338141025641,0.8346365676208609,0.9476915904434877,1484.5418660605317,15.117034807382797,2.908449449598365,6.391686458587703,0.9476915904434877,1.1951789638587793,848.2050626366407
928,Amy Hanson,24718503,1,01:41:49,2026-03-27,2026-03-27,1.9970475717764116,858,930,843,845,873,843,862,815,810,823,817,822,836,707,911,772,1,1.1264982482021022,1.9970475717764116,6109.0,0.2935718792651871,0.5081404379750479,0.5081404379750479,0.705,0.7035175879396985,0.705,1.1264982482021022,0.2935718792651871,0.5081404379750479,0.705,0.7035175879396985,0.5081404379750479,1494.478428424725,18.14211237870307,3.7779953189586917,6.808126421826996,0.5081404379750479,0.8581404379750479,911.4036983132714
929,Wendy Bryant,24493534,1,01:32:53,2025-08-03,2025-08-03,1.9972769155269388,709,931,704,711,750,708,732,787,784,784,782,653,654,788,930,593,1,1.0012576356449874,1.9972769155269388,5573.0,0.0024440287863018166,0.2401579077762435,0.2401579077762435,0.6792452830188679,0.6730769230769231,0.6792452830188679,1.0012576356449874,0.0024440287863018166,0.2401579077762435,0.6792452830188679,0.6730769230769231,0.2401579077762435,1492.7397913232028,18.55599482862361,4.080004928157542,6.315980044150987,0.24015790777624346,0.5901579077762434,941.7065949465112
930,Jennifer Ferris,23839584,3,01:51:30,2025-08-02,2026-03-27,2.0010506041922427,1064,902,1098,1118,1110,1134,1120,1040,1081,1043,1082,1111,1133,1187,1030,1142,3,1.4802169603673396,1.9288318784913223,6690.333333333333,1.6094925087919103,1.527184868575503,1.666072652495302,0.8925303960515228,0.8919514065408259,0.75,1.4229047449850751,1.3527284660253904,1.33931896229952,0.8568977970386421,0.8561494845538606,1.527184868575503,1478.0579591068272,11.352789660936914,2.4191685223537114,4.0952840938757795,1.6174619281233724,1.729257462791872,770.8534374746209
931,Ashlin B. Lockhart,24691203,1,01:36:59,2026-03-27,2026-03-27,2.0033094017741875,889,933,878,876,895,872,887,880,877,886,882,813,824,764,956,817,1,1.1633346661335466,2.0033094017741875,5819.0,0.2754653189842117,0.6067662180410306,0.6067662180410306,0.745,0.7437185929648241,0.745,1.1633346661335466,0.2754653189842117,0.6067662180410306,0.745,0.7437185929648241,0.6067662180410306,1493.244445546,17.063147948221083,3.7818402350227043,5.71762724315297,0.6067662180410306,0.9567662180410306,900.8617336056834
932,Siyu Wu,22200391,1,01:51:32,2025-08-16,2025-08-16,2.003842743258889,780,934,768,769,794,769,791,764,760,763,758,734,749,723,844,680,1,1.06053882725832,2.003842743258889,6692.0,0.13681372521772403,0.35254678663039446,0.35254678663039446,0.6623376623376623,0.6578947368421053,0.6623376623376623,1.06053882725832,0.13681372521772403,0.35254678663039446,0.6623376623376623,0.6578947368421053,0.35254678663039446,1494.1323393046691,19.95233172037559,3.923196227838808,8.182743036859165,0.35254678663039446,0.7025467866303945,928.4437214646598
933,Caitlin Lowry,23765608,1,02:41:17,2025-04-04,2025-04-04,2.005957734980011,958,935,947,946,962,947,953,991,989,995,992,887,893,873,973,903,1,1.2679507337526206,2.005957734980011,9677.0,0.46239069744646877,0.8158960185890348,0.8158960185890348,0.8255208333333334,0.824607329842932,0.8255208333333334,1.2679507337526206,0.46239069744646877,0.8158960185890348,0.8255208333333334,0.824607329842932,0.8158960185890348,1491.2280701754387,16.84717862267568,3.831471356465916,5.352764553277932,0.8158960185890348,1.1658960185890348,878.4222232093296
933,Kaite Hu,23766456,1,02:41:17,2025-04-04,2025-04-04,2.005957734980011,958,935,947,946,962,947,953,991,989,995,992,887,893,861,961,903,1,1.2679507337526206,2.005957734980011,9677.0,0.46239069744646877,0.8158960185890348,0.8158960185890348,0.8255208333333334,0.824607329842932,0.8255208333333334,1.2679507337526206,0.46239069744646877,0.8158960185890348,0.8255208333333334,0.824607329842932,0.8158960185890348,1491.3684210526314,17.041824198259246,3.8292672579983176,5.554022424264293,0.8158960185890348,1.1658960185890348,878.4222232093296
935,Mary Obelnicki,22235002,1,01:23:07,2025-11-15,2025-11-15,2.0073307135577916,479,937,479,494,547,515,524,444,461,448,463,420,439,559,655,348,1,0.890853876384423,2.0073307135577916,4987.0,-0.2601388783639354,-0.10757094563119193,-0.10757094563119193,0.47802197802197804,0.4725274725274725,0.47802197802197804,0.890853876384423,-0.2601388783639354,-0.10757094563119193,0.47802197802197804,0.4725274725274725,-0.10757094563119193,1497.478875372497,23.20679990640379,3.798017989196449,11.812745938814444,-0.10757094563119193,0.24242905436880804,977.6709469884286
936,Valerie Mackey,21038813,1,01:56:40,2026-01-25,2026-01-25,2.0076357050024045,1107,938,1141,1140,1142,1139,1142,1148,1147,1151,1150,1143,1141,966,1105,1129,1,1.5579790785666592,2.0076357050024045,7000.0,1.6993603223681617,1.657360436089159,1.657360436089159,0.9494949494949495,0.9489795918367347,0.9494949494949495,1.5579790785666592,1.6993603223681617,1.657360436089159,0.9494949494949495,0.9489795918367347,1.657360436089159,1489.402553632442,13.44738943791239,3.9618594456754823,1.5618111008859437,1.6573604360891592,2.007360436089159,784.1332975200476
937,Erin May,22438798,1,01:23:20,2025-11-15,2025-11-15,2.012563378341479,488,939,483,498,550,519,529,455,470,454,471,428,444,570,665,351,1,0.8931761343336906,2.012563378341479,5000.0,-0.2546040086115112,-0.10071319005729627,-0.10071319005729627,0.4835164835164835,0.47802197802197804,0.4835164835164835,0.8931761343336906,-0.2546040086115112,-0.10071319005729627,0.4835164835164835,0.47802197802197804,-0.10071319005729627,1497.2566531502748,23.022455860320065,3.798498034846868,11.626961755779462,-0.10071319005729627,0.2492868099427037,976.9921952073207
938,Amy Carr,18522533,2,02:13:30,2025-04-04,2025-07-11,2.015830672152343,984,940,1027,1021,1009,1021,1030,1042,1035,960,959,1040,1034,1127,939,1031,2,1.2990846322964327,2.015830672152343,8010.5,0.9027570456340717,1.0334751256715737,1.0334751256715737,0.8576023391812866,0.8015873015873016,0.8263157894736842,1.2990846322964327,0.9027570456340717,1.0334751256715737,0.8576023391812866,0.8015873015873016,1.0334751256715737,1483.6815143667734,16.761257023571208,3.5232349242089964,6.191552250944218,1.0334751256715737,1.2809624990868653,839.2252462338588
939,Linda Andrews,18636320,1,02:00:00,2025-04-04,2025-04-04,2.021510428856251,1052,941,1037,1035,1048,1033,1041,1016,1010,1018,1012,1032,1027,879,980,1005,1,1.4002333722287048,2.021510428856251,7200.0,0.8508218341303377,1.0749374713735669,1.0749374713735669,0.8429319371727748,0.8421052631578947,0.8429319371727748,1.4002333722287048,0.8508218341303377,1.0749374713735669,0.8429319371727748,0.8421052631578947,1.0749374713735669,1491.1363636363635,16.714428489826982,3.8300934497370904,5.224148140615711,1.0749374713735669,1.4249374713735667,848.9806782158972
940,Allen Greenwell,21178889,1,01:08:24,2025-10-11,2025-10-11,2.023404698569967,249,942,208,224,286,258,306,232,250,228,244,223,235,439,577,140,1,0.8031311154598826,2.023404698569967,4104.0,-0.4848931791172184,-0.507676242704379,-0.507676242704379,0.3488372093023256,0.3372093023255814,0.3488372093023256,0.8031311154598826,-0.4848931791172184,-0.507676242704379,0.3488372093023256,0.3372093023255814,-0.507676242704379,1500.0368026559477,24.90487858331422,3.8951181861904525,13.21952402474286,-0.507676242704379,-0.15767624270437908,1021.0993607774521
941,Hana Johnstone,23763434,1,01:46:23,2026-03-27,2026-03-27,2.0242101909378585,965,943,970,967,982,967,974,997,994,1000,997,940,941,834,1010,918,1,1.2776220976781425,2.0242101909378585,6383.0,0.610253554865636,0.8600635905760832,0.8600635905760832,0.8291457286432161,0.8282828282828283,0.8291457286432161,1.2776220976781425,0.610253554865636,0.8600635905760832,0.8291457286432161,0.8282828282828283,0.8600635905760832,1491.9556685471473,15.906168999771067,3.794241642740589,4.523444071549299,0.8600635905760832,1.210063590576083,873.4154503370166
942,India Eaford,24718079,2,01:47:50,2025-08-16,2026-03-27,2.030775595707223,863,944,824,825,803,824,839,804,799,805,801,818,831,998,800,826,2,1.1295412804645175,2.030775595707223,6470.0,0.2901473568757698,0.4723252006912199,0.4723252006912199,0.696991450760295,0.6947767145135566,0.5628140703517588,1.1295412804645175,0.2901473568757698,0.4723252006912199,0.696991450760295,0.6947767145135566,0.4723252006912199,1488.9399142825357,17.97871824647366,2.934329324352867,9.17573027341506,0.47232520069121986,0.7198125741065116,898.4874532241611
943,Lucy Wang,22861844,1,02:43:38,2025-04-04,2025-04-04,2.035185805728402,977,945,962,959,974,960,967,1017,1011,1019,1013,898,903,896,1005,916,1,1.2864255765199162,2.035185805728402,9818.0,0.4942719142386214,0.8511952432634672,0.8511952432634672,0.84375,0.8429319371727748,0.84375,1.2864255765199162,0.4942719142386214,0.8511952432634672,0.84375,0.8429319371727748,0.8511952432634672,1490.8070175438597,16.226784335421872,3.8392367624155677,4.709074048175168,0.8511952432634673,1.2011952432634672,874.7273957051032
944,Mary Tankersley,24800676,1,02:03:58,2025-06-20,2025-06-20,2.037470144515439,824,946,809,810,842,807,826,851,849,794,789,787,799,825,957,737,1,1.097859778597786,2.037470144515439,7438.0,0.23310994805002241,0.44366028325748863,0.44366028325748863,0.7254901960784313,0.6822429906542056,0.7254901960784313,1.097859778597786,0.23310994805002241,0.44366028325748863,0.7254901960784313,0.6822429906542056,0.44366028325748863,1492.0862165325864,17.366169273178038,3.8859126489909217,5.708431326205272,0.44366028325748863,0.7936602832574886,919.2287200273594
945,Elizabeth May,19873435,1,01:40:00,2026-03-27,2026-03-27,2.0399346157344085,925,947,916,912,927,910,920,905,897,909,902,911,911,762,941,867,1,1.2222448563862294,2.0399346157344085,6000.0,0.5210969603987644,0.7221740801890353,0.7221740801890353,0.7638190954773869,0.7626262626262627,0.7638190954773869,1.2222448563862294,0.5210969603987644,0.7221740801890353,0.7638190954773869,0.7626262626262627,0.7221740801890353,1493.3449911931764,17.407251210018337,3.7829097202488557,6.058522049271771,0.7221740801890353,1.0721740801890354,887.9662113682106
946,Barbara Sproatmeyer,24716463,1,01:44:10,2026-03-27,2026-03-27,2.043140828875851,882,948,863,863,888,862,879,826,824,831,827,857,868,715,915,806,1,1.1524986170016596,2.043140828875851,6250.0,0.35391245503252144,0.5663993710040335,0.5663993710040335,0.71,0.7085427135678392,0.71,1.1524986170016596,0.35391245503252144,0.5663993710040335,0.71,0.7085427135678392,0.5663993710040335,1494.3472808837414,18.012916497014366,3.778570247991682,6.6772057530393205,0.5663993710040335,0.9163993710040335,904.803921014938
947,Stephanie Kelley,22699462,1,01:54:12,2025-08-16,2025-08-16,2.051752910461731,810,949,795,798,828,796,815,835,830,834,830,766,782,773,892,713,1,1.0858954041204438,2.051752910461731,6852.0,0.19411790331938855,0.41235985035334266,0.41235985035334266,0.7142857142857143,0.7105263157894737,0.7142857142857143,1.0858954041204438,0.19411790331938855,0.41235985035334266,0.7142857142857143,0.7105263157894737,0.41235985035334266,1493.04143021376,18.901392737161583,3.9427608759343484,7.073110109358538,0.41235985035334266,0.7623598503533426,922.6041801754818
948,Valerie Surprenant,24718362,1,01:39:33,2026-03-27,2026-03-27,2.056327041896756,908,950,898,897,912,895,907,906,898,911,904,847,858,790,990,843,1,1.1941223510595762,2.056327041896756,5973.0,0.3273890143618967,0.6701172556156718,0.6701172556156718,0.765,0.7638190954773869,0.765,1.1941223510595762,0.3273890143618967,0.6701172556156718,0.765,0.7638190954773869,0.6701172556156718,1492.725526627081,16.44122279867486,3.7847900820104186,5.086852552643606,0.6701172556156718,1.0201172556156717,893.9763642845996
949,Becky Hierlinger,24695339,1,01:48:42,2026-03-27,2026-03-27,2.068290594594503,992,952,989,984,1004,984,993,1012,1007,1015,1010,967,967,845,1026,945,1,1.3054443554843875,2.068290594594503,6522.0,0.6714109046322716,0.9175977223008622,0.9175977223008622,0.8391959798994975,0.8383838383838383,0.8391959798994975,1.3054443554843875,0.6714109046322716,0.9175977223008622,0.8391959798994975,0.8383838383838383,0.9175977223008622,1491.6976040310183,15.542315096426623,3.7973614824513002,4.150230649072723,0.9175977223008622,1.267597722300862,867.0000302137927
950,Pam Woolsey,24193791,1,01:41:35,2026-03-27,2026-03-27,2.072233580483537,939,953,926,923,941,921,930,914,907,920,916,926,928,765,950,887,1,1.2415970666123446,2.072233580483537,6095.0,0.5664720394435697,0.7629215778672888,0.7629215778672888,0.7713567839195979,0.7702020202020202,0.7713567839195979,1.2415970666123446,0.5664720394435697,0.7629215778672888,0.7713567839195979,0.7702020202020202,0.7629215778672888,1493.2123945080937,17.26171256011503,3.783876302967265,5.910083651213235,0.7629215778672888,1.1129215778672887,883.4310029040557
951,Linda ANDREWS,22871950,1,01:48:58,2026-03-27,2026-03-27,2.0733645978931095,995,954,992,987,1007,987,996,1018,1012,1020,1014,971,970,852,1037,947,1,1.3086469175340272,2.0733645978931095,6538.0,0.6784505995694382,0.9241415069595686,0.9241415069595686,0.8442211055276382,0.8434343434343434,0.8442211055276382,1.3086469175340272,0.6784505995694382,0.9241415069595686,0.8442211055276382,0.8434343434343434,0.9241415069595686,1491.5685717729536,15.347828493249592,3.799142033152133,3.950402393793194,0.9241415069595686,1.2741415069595687,866.3479974906044
952,Mark Feldman,21237765,1,01:45:53,2026-03-27,2026-03-27,2.076811789735725,897,955,881,879,897,875,890,843,838,851,848,872,878,724,925,820,1,1.1714917942098468,2.076811789735725,6353.0,0.39799103165688626,0.608132491633601,0.608132491633601,0.72,0.7185929648241206,0.72,1.1714917942098468,0.39799103165688626,0.608132491633601,0.72,0.7185929648241206,0.608132491633601,1494.084985801774,17.74878137150854,3.7797844935151983,6.409427890962943,0.608132491633601,0.9581324916336009,900.2046121425378
953,Rob Shields,21169712,2,02:51:44,2025-04-04,2026-03-27,2.0782360940432434,1119,956,1109,1105,1098,1104,1108,1103,1101,1106,1104,1104,1102,1142,1050,1106,2,1.6178615467973962,2.0782360940432434,10304.0,1.3068720908837417,1.4111061815486643,1.4111061815486643,0.9099180111081724,0.9094516594516595,0.9052631578947369,1.6178615467973962,1.3068720908837417,1.4111061815486643,0.9099180111081724,0.9094516594516595,1.4111061815486643,1483.130161327572,12.186929968604435,2.8782690148540326,3.5521229240423366,1.4111061815486643,1.6585935549639559,797.3766221764145
954,Kirsten Erich,24826478,1,01:49:29,2026-03-27,2026-03-27,2.08319547928416,1002,957,998,994,1012,993,1003,1026,1019,1031,1023,979,978,857,1041,954,1,1.3148518815052042,2.08319547928416,6569.0,0.6920900085101986,0.9367746432202748,0.9367746432202748,0.8492462311557789,0.8484848484848485,0.8492462311557789,1.3148518815052042,0.6920900085101986,0.9367746432202748,0.8492462311557789,0.8484848484848485,0.9367746432202748,1491.4395395148892,15.146596047322966,3.800986668470688,3.743636041910902,0.9367746432202748,1.2867746432202747,864.9956893331859
955,Max Schooley,24718209,3,01:49:51,2025-04-04,2026-03-27,2.09117275656191,941,982,921,926,899,908,933,919,909,922,915,915,927,1158,807,987,3,1.2626753059030138,2.1568340566121904,6591.0,0.5656599222124533,0.770894248234265,0.6827600514610871,0.7723465244447117,0.7699590857485594,0.6428571428571429,1.2458955907162914,0.531710284684525,0.7488606990409705,0.7739835114239861,0.771913758755864,0.770894248234265,1482.0661812919277,16.190893713761636,2.3769590834128063,9.060016463523217,0.7136070203316993,0.972966842450634,855.6840016710062
956,Ermelinda Kraft,22344894,2,02:22:07,2025-04-04,2025-11-15,2.0912510547207765,973,958,954,951,930,952,958,948,948,952,952,950,950,1095,884,964,2,1.2852922390351686,2.0912510547207765,8527.0,0.6315267477349679,0.8340401238666176,0.8340401238666176,0.7986986697513013,0.7953805453805454,0.7842105263157895,1.2852922390351686,0.6315267477349679,0.8340401238666176,0.7986986697513013,0.7953805453805454,0.8340401238666176,1485.5094885904086,15.833314178085864,2.879318294498689,7.195359294589796,0.8340401238666176,1.0815274972819093,861.318166178271
957,Evelyn Saavedra,24715845,1,02:35:51,2025-04-26,2025-04-26,2.0928726134035203,1102,959,1132,1130,1135,1128,1132,1118,1118,1109,1107,1142,1140,1015,1174,1121,1,1.5407810182896688,2.0928726134035203,9351.0,1.6917004257249084,1.599478416151712,1.599478416151712,0.9230769230769231,0.9102564102564102,0.9230769230769231,1.5407810182896688,1.6917004257249084,1.599478416151712,0.9230769230769231,0.9102564102564102,1.599478416151712,1488.6618133173533,11.500574629366989,4.509974934793682,-2.0293501750140575,1.599478416151712,1.9494784161517118,790.2613692844935
958,Katherine Kwan,24726378,1,01:23:47,2025-11-15,2025-11-15,2.094331208952368,212,960,392,418,480,449,462,363,384,357,377,391,409,483,685,281,1,0.78805455400533,2.094331208952368,5027.0,-0.29591582701429114,-0.21832542059001825,-0.21832542059001825,0.42857142857142855,0.4166666666666667,0.42857142857142855,0.78805455400533,-0.29591582701429114,-0.21832542059001825,0.42857142857142855,0.4166666666666667,-0.21832542059001825,1499.009926649035,23.1615311394623,3.9720254364062875,11.245454830243439,-0.21832542059001825,0.13167457940998173,989.4187006196826
959,Jonathan Huang,21924461,2,01:53:24,2025-04-04,2026-03-27,2.09526123910441,1023,961,1013,1007,991,1006,1015,989,987,992,990,1008,1004,1090,899,1017,2,1.3519689821099516,2.09526123910441,6803.5,0.7781170511559283,0.9791019808077086,0.9791019808077086,0.8249953958273041,0.8240962254120149,0.7939698492462312,1.3519689821099516,0.7781170511559283,0.9791019808077086,0.8249953958273041,0.8240962254120149,0.9791019808077086,1485.9130479854352,15.51722688330413,2.848793117899957,6.970847529604258,0.9791019808077086,1.2265893542230002,844.8312390886543
960,Debra Atkinson,22444752,1,01:50:18,2026-03-27,2026-03-27,2.0987346143861423,1011,962,1003,999,1017,999,1008,1034,1024,1036,1027,987,984,866,1054,959,1,1.3246597277822258,2.0987346143861423,6618.0,0.7136490742552716,0.9566220627075777,0.9566220627075777,0.8542713567839196,0.8535353535353535,0.8542713567839196,1.3246597277822258,0.7136490742552716,0.9566220627075777,0.8542713567839196,0.8535353535353535,0.9566220627075777,1491.3105072568246,14.93798390394335,3.802896146938834,3.5292954631268483,0.9566220627075777,1.3066220627075777,862.8137386047089
961,Bryna Podwoiski,21554228,1,01:42:58,2026-03-27,2026-03-27,2.100452676001196,947,963,938,938,952,936,944,928,927,932,931,937,938,779,960,898,1,1.2585047871256876,2.100452676001196,6178.0,0.6061155295563997,0.7980055097460584,0.7980055097460584,0.7839195979899497,0.7828282828282829,0.7839195979899497,1.2585047871256876,0.6061155295563997,0.7980055097460584,0.7839195979899497,0.7828282828282829,0.7980055097460584,1492.9472011379278,16.964387528831594,3.785910621484197,5.606655664379003,0.7980055097460584,1.1480055097460584,879.6476070194042
962,Amelia Castle,21186562,1,02:07:56,2025-06-20,2025-06-20,2.1026648063055267,867,964,850,850,878,848,867,881,878,821,815,843,852,863,1003,779,1,1.132988929889299,2.1026648063055267,7676.0,0.31679044222182534,0.5269139026645895,0.5269139026645895,0.7450980392156863,0.7009345794392523,0.7450980392156863,1.132988929889299,0.31679044222182534,0.5269139026645895,0.7450980392156863,0.7009345794392523,0.5269139026645895,1491.347754994125,16.450219576493236,3.9101784138172393,4.719684335041517,0.5269139026645895,0.8769139026645895,910.0467106582878
963,Lihan Chen,23758345,3,01:43:22,2025-04-04,2026-03-27,2.103473605393977,871,978,858,858,825,857,874,889,885,891,888,804,821,1122,779,890,3,1.1367923878416604,2.149599677712273,6202.333333333333,0.2713850008867413,0.5562832732157393,0.5600555692389039,0.7535228122662678,0.7507633195215845,0.7142857142857143,1.137880176526987,0.2630487002375326,0.5572263472215304,0.7501421091997008,0.7477458564753592,0.5562832732157393,1483.9007056346304,16.76621683690796,2.422659621956559,9.498237971038284,0.5587352656307962,0.7583558674321084,881.7928352267081
964,Tina McConnell,24718513,1,01:50:34,2026-03-27,2026-03-27,2.103808617684749,1014,965,1007,1002,1019,1002,1011,1043,1036,1046,1039,991,988,877,1060,961,1,1.3278622898318655,2.103808617684749,6634.0,0.7206887691924383,0.9630710384404984,0.9630710384404984,0.8592964824120602,0.8585858585858586,0.8592964824120602,1.3278622898318655,0.7206887691924383,0.9630710384404984,0.8592964824120602,0.8585858585858586,0.9630710384404984,1491.1814749987602,14.721264546817618,3.804869586069316,3.306655788609671,0.9630710384404984,1.3130710384404982,862.1726089079858
965,Mayra Dube,24186303,1,01:51:13,2025-08-09,2025-08-09,2.109748164801891,1041,966,1055,1053,1064,1055,1059,1085,1080,1085,1080,1074,1073,973,1078,1025,1,1.3838656159270013,2.109748164801891,6673.0,1.0577969600950516,1.1476673773208212,1.1476673773208212,0.8923076923076924,0.890625,0.8923076923076924,1.3838656159270013,1.0577969600950516,1.1476673773208212,0.8923076923076924,0.890625,1.1476673773208212,1489.2871173316844,15.378190362731232,4.230022824729137,2.6881218885438187,1.1476673773208212,1.4976673773208211,841.6042541346612
966,Jenna Mikish,24718323,2,01:58:08,2025-04-04,2026-03-27,2.1138751212187676,1050,967,1039,1039,1023,1037,1044,1053,1047,1056,1049,1034,1029,1107,962,1043,2,1.3977289961101516,2.1138751212187676,7087.5,0.8586871500667298,1.0831400183380229,1.0831400183380229,0.8651964008524298,0.8645002658160552,0.856020942408377,1.3977289961101516,0.8586871500667298,1.0831400183380229,0.8651964008524298,0.8645002658160552,1.0831400183380229,1484.71127358037,14.115872128638099,2.8581002718378814,5.541571313124454,1.0831400183380229,1.3306273917533145,834.1078866359111
967,Kendelle Leckie,22451266,2,01:59:24,2025-08-03,2025-11-01,2.1156447380356855,1040,968,1042,1042,1027,1041,1048,1033,1023,1034,1026,1052,1047,1135,1057,1056,2,1.3816720178495872,2.1156447380356855,7163.5,0.9573046380858253,1.0937848687653677,1.0937848687653677,0.8535489667565139,0.851027397260274,0.7547169811320755,1.3816720178495872,0.9573046380858253,1.0937848687653677,0.8535489667565139,0.851027397260274,1.0937848687653677,1483.3058542764866,12.467279384390292,3.018817762671168,3.4108260963767876,1.0937848687653677,1.3412722421806593,830.8576496112404
968,Michelle Walker,22070949,1,00:50:38,2025-10-25,2025-10-25,2.1197872755421767,134,969,109,131,168,150,197,93,106,94,100,104,117,264,438,74,1,0.7538461538461538,2.1197872755421767,3038.0,-0.6811049987012976,-0.7393296267206797,-0.7393296267206797,0.21311475409836064,0.19672131147540983,0.21311475409836064,0.7538461538461538,-0.6811049987012976,-0.7393296267206797,0.21311475409836064,0.19672131147540983,-0.7393296267206797,1505.0653692713795,27.78718990456835,3.930191027964124,15.996616820675978,-0.7393296267206797,-0.3893296267206797,1045.0250508352474
969,Bill Iverson,23758420,1,04:31:05,2025-04-04,2025-04-04,2.1200469238790407,1195,970,1175,1172,1174,1172,1173,1159,1158,1162,1161,1178,1177,981,1114,1167,1,2.1200469238790407,2.1200469238790407,16265.0,2.288003363243201,1.9683756947730906,1.9683756947730906,0.9552631578947368,0.955026455026455,0.9552631578947368,2.1200469238790407,2.288003363243201,1.9683756947730906,0.9552631578947368,0.955026455026455,1.9683756947730906,1489.2203389830509,13.005432920737022,3.900006791961626,1.3054125448521443,1.9683756947730906,2.3183756947730907,748.4819069393911
969,Dana Keegan,23763003,1,04:31:05,2025-04-04,2025-04-04,2.1200469238790407,1195,970,1175,1172,1174,1172,1173,1159,1158,1162,1161,1178,1177,991,1126,1167,1,2.1200469238790407,2.1200469238790407,16265.0,2.288003363243201,1.9683756947730906,1.9683756947730906,0.9552631578947368,0.955026455026455,0.9552631578947368,2.1200469238790407,2.288003363243201,1.9683756947730906,0.9552631578947368,0.955026455026455,1.9683756947730906,1489.084745762712,12.605314619943137,3.9123879720110453,0.8681507039100005,1.9683756947730906,2.3183756947730907,748.4819069393911
971,Trisha Koetter,21930378,1,01:48:26,2026-03-27,2026-03-27,2.1268278772266056,914,972,897,896,911,894,906,849,847,858,855,889,895,732,937,848,1,1.1997049603540475,2.1268278772266056,6506.0,0.46346697557463207,0.668891773581817,0.668891773581817,0.725,0.7236180904522613,0.725,1.1997049603540475,0.46346697557463207,0.668891773581817,0.725,0.7236180904522613,0.668891773581817,1493.9538382607907,17.61363432960311,3.780425874696822,6.272356705512642,0.668891773581817,1.0188917735818168,893.3172947184929
972,Heather Haynes-O'Brien,19526690,4,01:33:42,2025-04-12,2026-03-27,2.1326158715689605,876,998,871,893,864,878,819,882,899,883,901,874,915,1186,761,970,4,1.1714075215584883,2.2086316228604197,5622.25,0.5256692842746826,0.6638529467017408,0.6113772554581572,0.7681172501001516,0.7621220613023891,0.639344262295082,1.1455384105694124,0.4045132528343925,0.575504913341755,0.7457572279547089,0.74149226608243,0.42158611873574475,1478.1815738657433,16.072730673137478,2.1133336569246444,9.732729702363546,0.6297437473934114,0.8388529467017407,860.113469440008
973,Andrew Kunka,21552123,1,04:32:44,2025-04-04,2025-04-04,2.132950990615224,1198,973,1178,1175,1177,1175,1176,1168,1168,1171,1171,1180,1179,997,1131,1170,1,2.132950990615224,2.132950990615224,16364.0,2.3143634625055167,1.9824234135281942,1.9824234135281942,0.9631578947368421,0.9629629629629629,0.9631578947368421,2.132950990615224,2.3143634625055167,1.9824234135281942,0.9631578947368421,0.9629629629629629,1.9824234135281942,1488.949152542373,12.165885439459014,3.9275821997846982,0.3831388401049196,1.9824234135281942,2.3324234135281943,747.0243140193965
974,Courtney Hilton,24691219,1,01:44:39,2026-03-27,2026-03-27,2.1347915753660587,966,974,956,953,971,954,960,949,949,953,953,958,959,798,987,914,1,1.2790792422081891,2.1347915753660587,6279.0,0.6543564030671928,0.8400676828174158,0.8400676828174158,0.7989949748743719,0.797979797979798,0.7989949748743719,1.2790792422081891,0.6543564030671928,0.8400676828174158,0.7989949748743719,0.797979797979798,0.8400676828174158,1492.5494110826792,16.51487874371457,3.7892381528797476,5.147164285075325,0.8400676828174158,1.190067682817416,875.1119646538865
975,Maria Castillo,23764810,1,02:07:07,2025-04-04,2025-04-04,2.1413972279009204,1083,975,1073,1069,1084,1071,1075,1060,1057,1065,1060,1067,1065,910,1029,1050,1,1.483274990276157,2.1413972279009204,7627.0,1.027352894953299,1.2223857355740941,1.2223857355740941,0.8743455497382199,0.8736842105263158,0.8743455497382199,1.483274990276157,1.027352894953299,1.2223857355740941,0.8743455497382199,0.8736842105263158,1.2223857355740941,1490.4545454545455,15.653103621098301,3.844207419842576,4.120481361570572,1.2223857355740941,1.5723857355740942,832.6524000841455
976,Rebecca Miller,22271460,1,01:12:25,2025-10-11,2025-10-11,2.1422254910542167,369,976,321,333,414,380,398,346,367,338,354,332,346,553,683,224,1,0.850293542074364,2.1422254910542167,4345.0,-0.3687308966448033,-0.32912832269405934,-0.32912832269405934,0.4186046511627907,0.4069767441860465,0.4186046511627907,0.850293542074364,-0.3687308966448033,-0.32912832269405934,0.4186046511627907,0.4069767441860465,-0.32912832269405934,1497.6368026559476,23.04921483741089,3.914128815392802,11.306828391232484,-0.32912832269405934,0.02087167730594064,1001.9616988134746
977,Melvina Lee,22796548,1,01:29:00,2025-11-15,2025-11-15,2.1494176880687,626,977,605,616,664,619,641,527,543,530,547,561,571,610,705,496,1,0.9539121114683816,2.1494176880687,5340.0,-0.10984587662503327,0.07258276639211877,0.07258276639211877,0.5274725274725275,0.521978021978022,0.5274725274725275,0.9539121114683816,-0.10984587662503327,0.07258276639211877,0.5274725274725275,0.521978021978022,0.07258276639211877,1496.367764261386,22.254261648985793,3.8006258030617777,10.85238423980046,0.07258276639211877,0.4225827663921188,957.9422810947588
978,Lori Zavitz,24715384,1,01:45:23,2026-03-27,2026-03-27,2.1497510958814443,978,979,965,963,978,963,970,958,958,962,961,970,969,805,993,921,1,1.2880423711550213,2.1497510958814443,6323.0,0.6753722291511026,0.8581806352198861,0.8581806352198861,0.8040201005025126,0.803030303030303,0.8040201005025126,1.2880423711550213,0.6753722291511026,0.8581806352198861,0.8040201005025126,0.803030303030303,0.8581806352198861,1492.4168143975962,16.36189640949298,3.7904560341678284,4.990528306989496,0.8581806352198861,1.208180635219886,873.1294776401653
979,Olivia Oliphant,23848942,1,00:51:22,2025-10-25,2025-10-25,2.1504886054051973,162,980,123,143,190,165,215,121,135,118,135,118,131,315,492,84,1,0.7647642679900745,2.1504886054051973,3082.0,-0.6508946963395466,-0.6932095277297633,-0.6932095277297633,0.26229508196721313,0.2459016393442623,0.26229508196721313,0.7647642679900745,-0.6508946963395466,-0.6932095277297633,0.26229508196721313,0.2459016393442623,-0.6932095277297633,1503.5169821746053,26.72014967262505,3.9259980057743493,14.942155655302,-0.6932095277297633,-0.3432095277297633,1040.7048460086692
980,Deanna Chorzempa,22846309,2,01:39:42,2025-11-08,2026-01-25,2.154272975238632,922,981,934,932,915,931,938,925,921,928,926,964,964,1101,889,955,2,1.2195795707362562,2.154272975238632,5982.5,0.6644606865366742,0.7888462740761327,0.7888462740761327,0.7797701788527477,0.7776832955404385,0.6605504587155964,1.2195795707362562,0.6644606865366742,0.7888462740761327,0.7797701788527477,0.7776832955404385,0.7888462740761327,1485.138883751945,15.891734278887824,2.914085933712476,7.149476477750397,0.7888462740761326,1.0363336474914244,864.0422575521728
981,Hannah Stafford,24718051,1,01:50:01,2026-03-27,2026-03-27,2.1578836178255183,920,983,910,908,921,904,916,867,863,872,867,902,907,740,940,864,1,1.2172229393324727,2.1578836178255183,6601.0,0.504121973432056,0.705903199213165,0.705903199213165,0.735,0.7336683417085427,0.735,1.2172229393324727,0.504121973432056,0.705903199213165,0.735,0.7336683417085427,0.705903199213165,1493.822690719807,17.476028729937347,3.781073665243843,6.132807734205819,0.705903199213165,1.055903199213165,889.260980770888
982,Loretta Nowak,22710362,2,02:15:06,2025-05-24,2026-03-27,2.1595577784881073,1075,984,1078,1074,1062,1075,1080,1059,1055,1062,1058,1079,1076,1123,1023,1078,2,1.4643872620816276,2.159557778488107,8105.5,1.0707154482131618,1.2399386540940807,1.2399386540940807,0.8737276124210798,0.8728354978354977,0.8115577889447236,1.4643872620816276,1.0707154482131618,1.2399386540940807,0.8737276124210798,0.8728354978354977,1.2399386540940807,1483.8113673871092,13.180744775437962,2.988137188422642,4.216333210170035,1.2399386540940807,1.4874260275093723,815.1867804546914
983,Jen Hsieh,22323913,1,01:29:27,2025-11-15,2025-11-15,2.160285530311744,640,985,620,628,677,634,652,539,554,540,558,570,584,620,715,504,1,0.9587352625937836,2.160285530311744,5367.0,-0.09835037790846002,0.0858680348938381,0.0858680348938381,0.532967032967033,0.5274725274725275,0.532967032967033,0.9587352625937836,-0.09835037790846002,0.0858680348938381,0.532967032967033,0.5274725274725275,0.0858680348938381,1496.1455420391637,22.05259133059763,3.80120100701752,10.648988309545068,0.0858680348938381,0.4358680348938381,956.5243653269512
984,Sandra Kopec,21659764,2,01:40:52,2025-11-15,2026-03-27,2.1664933779867073,879,986,859,859,848,856,875,872,869,875,870,849,860,1066,835,859,2,1.1489006138816018,2.166493377986707,6051.5,0.33056477477873975,0.558237796978251,0.558237796978251,0.739218068363797,0.736013986013986,0.6593406593406593,1.1489006138816018,0.33056477477873975,0.558237796978251,0.739218068363797,0.736013986013986,0.558237796978251,1487.9162648968227,16.963284306493154,2.8399614813970624,8.443399862301966,0.558237796978251,0.8057251703935426,890.5380364309306
985,Marie Mogni,23764496,6,01:57:00,2025-04-12,2025-11-15,2.16987617673447,991,776,1008,1037,986,1020,946,982,1031,984,1036,1023,1060,1213,785,1102,6,1.3164601591251948,1.6960441888860072,7020.0,0.9975497583488234,1.0790109175145528,0.9992332359784641,0.8570324151675809,0.8554054635376893,0.7417582417582418,1.3011030633801872,0.8222153284605476,0.9636639183339881,0.8183124956298012,0.815196887986982,0.8057590027094762,1469.457094448545,14.554717110265315,1.7223759270044856,9.387589329251858,1.0271554245160952,1.2218978191769048,802.6420541040553
986,Silvana Procopio,21575407,1,01:46:23,2026-03-27,2026-03-27,2.1701504420387883,989,988,974,973,993,972,980,968,965,973,970,982,981,816,997,933,1,1.3002648197188835,2.1701504420387883,6383.0,0.7040301738109797,0.8826780303620606,0.8826780303620606,0.8090452261306532,0.8080808080808081,0.8090452261306532,1.3002648197188835,0.7040301738109797,0.8826780303620606,0.8090452261306532,0.8080808080808081,0.8826780303620606,1492.2842177125135,16.205199222914136,3.791721068476603,4.830036017484327,0.8826780303620607,1.2326780303620606,870.412779711378
987,Bree Cowan,20534471,1,01:30:16,2025-11-15,2025-11-15,2.1800086514194903,661,989,636,640,689,650,663,594,606,591,605,587,601,653,747,519,1,0.9674883887102536,2.1800086514194903,5416.0,-0.07748817653393819,0.1098085184567572,0.1098085184567572,0.5604395604395604,0.554945054945055,0.5604395604395604,0.9674883887102536,-0.07748817653393819,0.1098085184567572,0.5604395604395604,0.554945054945055,0.1098085184567572,1495.478875372497,21.450872570314342,3.8029759675968893,10.041944667523675,0.10980851845675721,0.4598085184567572,954.3206602666661
988,Dawn Pratt,24677262,1,01:46:53,2026-03-27,2026-03-27,2.18035011511746,993,990,982,977,998,976,985,977,975,978,976,988,986,823,1006,939,1,1.3063760440008148,2.18035011511746,6413.0,0.7183591461409181,0.8948405092357928,0.8948405092357928,0.8140703517587939,0.8131313131313131,0.8140703517587939,1.3063760440008148,0.7183591461409181,0.8948405092357928,0.8140703517587939,0.8131313131313131,0.8948405092357928,1492.1516210274306,16.044531195503684,3.793036479884638,4.665421755849769,0.8948405092357928,1.2448405092357928,869.1145971534617
989,Gloria Johnston,22673646,7,02:10:54,2025-04-04,2026-03-27,2.184958012757452,1084,951,1097,1128,1107,1132,1043,1064,1106,1063,1100,1091,1132,1220,978,1173,7,1.5460624981987983,2.0601190661960413,7853.714285714285,1.6088278549125374,1.5813074916569112,1.6235649838567936,0.9129170049923404,0.9053672344475544,0.81,1.484283148280312,1.1697540494896121,1.337813978889332,0.8772767684264149,0.8735336682655772,1.0817457315525578,1461.0838831395085,10.238336695257884,1.6594252544212618,5.260060931994098,1.6087748615868347,1.7135950572101408,741.569184500661
990,Jennifer Luebbe,24716898,1,01:47:24,2026-03-27,2026-03-27,2.1908897772987546,999,991,987,982,1002,981,990,983,980,985,983,996,993,830,1011,943,1,1.3126909757588103,2.1908897772987546,6444.0,0.7331657508818546,0.9073487770522695,0.9073487770522695,0.8190954773869347,0.8181818181818182,0.8190954773869347,1.3126909757588103,0.7331657508818546,0.9073487770522695,0.8190954773869347,0.8181818181818182,0.9073487770522695,1492.0190243423476,15.879609212205798,3.7944056994525406,4.4963921138481755,0.9073487770522695,1.2573487770522696,867.7766488671297
991,Betta Whitehead,21993159,1,02:56:28,2025-04-04,2025-04-04,2.1948000927940847,1044,992,1029,1023,1039,1023,1032,1048,1039,1051,1042,965,965,906,1022,991,1,1.3873165618448635,2.1948000927940847,10588.0,0.6683750130326463,1.0354424084852496,1.0354424084852496,0.8619791666666666,0.8612565445026178,0.8619791666666666,1.3873165618448635,0.6683750130326463,1.0354424084852496,0.8619791666666666,0.8612565445026178,1.0354424084852496,1490.5263157894738,15.776857218088923,3.8456521038468217,4.239900906548458,1.0354424084852496,1.3854424084852495,853.9035550379316
991,Julie MacCartee,23763142,1,02:56:28,2025-04-04,2025-04-04,2.1948000927940847,1044,992,1029,1023,1039,1023,1032,1048,1039,1051,1042,965,965,912,1032,991,1,1.3873165618448635,2.1948000927940847,10588.0,0.6683750130326463,1.0354424084852496,1.0354424084852496,0.8619791666666666,0.8612565445026178,0.8619791666666666,1.3873165618448635,0.6683750130326463,1.0354424084852496,0.8619791666666666,0.8612565445026178,1.0354424084852496,1490.3859649122808,15.538725125142093,3.8493452315251226,3.990689430566725,1.0354424084852496,1.3854424084852495,853.9035550379316
993,Ashley Mixson,22566757,1,01:51:56,2026-03-27,2026-03-27,2.195477409076834,934,994,922,919,937,917,925,876,874,880,878,920,922,746,946,878,1,1.2384289138853033,2.195477409076834,6716.0,0.5533359182068323,0.75000031036329,0.75000031036329,0.7425,0.7412060301507538,0.7425,1.2384289138853033,0.5533359182068323,0.75000031036329,0.7425,0.7412060301507538,0.75000031036329,1493.6915431788234,17.335826182147837,3.781727238404086,5.99064446693558,0.75000031036329,1.1000003103632898,884.3398129886236
993,Ashley Stanley,24543386,1,01:51:56,2026-03-27,2026-03-27,2.195477409076834,934,994,922,919,937,917,925,876,874,880,878,920,922,751,953,878,1,1.2384289138853033,2.195477409076834,6716.0,0.5533359182068323,0.75000031036329,0.75000031036329,0.7425,0.7412060301507538,0.7425,1.2384289138853033,0.5533359182068323,0.75000031036329,0.7425,0.7412060301507538,0.75000031036329,1493.5603956378397,17.19287680311967,3.782385742603066,5.845719575310472,0.75000031036329,1.1000003103632898,884.3398129886236
995,Chelsea Linn,24718620,2,01:26:48,2025-10-11,2026-03-27,2.1997263546306742,743,996,737,746,735,742,763,757,753,758,754,700,706,961,796,734,2,1.0295252153541714,2.1997263546306742,5207.5,0.07722337282133653,0.3017210041055595,0.3017210041055595,0.6597093023255813,0.6530033890382143,0.645,1.0295252153541714,0.07722337282133653,0.3017210041055595,0.6597093023255813,0.6530033890382143,0.3017210041055595,1489.48486659835,17.963197070361645,2.9139812598328327,9.221253290863146,0.3017210041055595,0.5492083775208512,919.7506544244768
996,Erica Emmons,22696895,1,02:24:14,2025-07-26,2025-07-26,2.2022132400247134,998,997,999,995,1014,994,1004,972,970,975,972,1006,1002,956,1069,956,1,1.3120072771376592,2.2022132400247134,8654.0,0.7654749037025523,0.9386722268248494,0.9386722268248494,0.8115942028985508,0.8088235294117647,0.8115942028985508,1.3120072771376592,0.7654749037025523,0.9386722268248494,0.8115942028985508,0.8088235294117647,0.9386722268248494,1489.5108052810328,15.394029734037435,4.170599036690388,2.882232623966271,0.9386722268248493,1.2886722268248494,864.0244266535152
997,Patrick Madigan,20866835,1,00:52:59,2025-10-25,2025-10-25,2.2181710826032193,214,999,161,176,247,207,268,181,187,167,180,146,159,394,571,107,1,0.788833746898263,2.2181710826032193,3179.0,-0.5842947115875043,-0.5938191652045741,-0.5938191652045741,0.3114754098360656,0.29508196721311475,0.3114754098360656,0.788833746898263,-0.5842947115875043,-0.5938191652045741,0.3114754098360656,0.29508196721311475,-0.5938191652045741,1501.1944015294441,25.076772513101975,3.9281167622281816,13.29242222641743,-0.5938191652045741,-0.24381916520457414,1030.2585608756494
998,Debbie Thompson,23751435,1,01:47:24,2026-03-27,2026-03-27,2.2184783957781176,979,1000,963,961,975,961,968,936,936,941,941,896,901,821,1015,919,1,1.2882846861255497,2.2184783957781176,6444.0,0.4861946021728682,0.8541980318804019,0.8541980318804019,0.79,0.7889447236180904,0.79,1.2882846861255497,0.4861946021728682,0.8541980318804019,0.79,0.7889447236180904,0.8541980318804019,1492.2066077081622,15.7752213129928,3.788611520556737,4.4093867513225895,0.8541980318804019,1.2041980318804018,873.3070750141557
999,Amy Wiedner,24502937,1,01:43:30,2025-08-03,2025-08-03,2.2255678531172243,845,1001,832,834,862,833,849,869,865,868,863,781,795,858,1008,762,1,1.115702479338843,2.2255678531172243,6210.0,0.22485064833976715,0.48462639024110077,0.48462639024110077,0.7358490566037735,0.7307692307692307,0.7358490566037735,1.115702479338843,0.22485064833976715,0.48462639024110077,0.7358490566037735,0.7307692307692307,0.48462639024110077,1491.4064579898695,16.95659697222503,4.134642840698108,4.552668450130705,0.48462639024110077,0.8346263902411007,914.7247949347508
1000,Ritika Kanade,21906968,1,03:08:41,2025-07-12,2025-07-12,2.2271729046803914,1150,1003,1170,1168,1170,1168,1169,1174,1174,1164,1163,1173,1172,1019,1173,1162,1,1.794705136334813,2.2271729046803914,11321.0,2.2017665551003964,1.941288738472654,1.941288738472654,0.9662921348314607,0.9550561797752809,0.9662921348314607,1.794705136334813,2.2017665551003964,1.941288738472654,0.9662921348314607,0.9550561797752809,1.941288738472654,1488.5748807174073,11.013301262128298,4.3473608718589825,-2.0287813534486503,1.9412887384726538,2.291288738472654,751.817486452676
1001,Robert Curtin,24490400,1,01:53:38,2026-03-27,2026-03-27,2.228821467404088,946,1004,932,930,946,929,936,897,891,901,895,936,937,767,970,895,1,1.2572376913147705,2.228821467404088,6818.0,0.5969865474853294,0.7884851893433242,0.7884851893433242,0.7575,0.7562814070351759,0.7575,1.2572376913147705,0.5969865474853294,0.7884851893433242,0.7575,0.7562814070351759,0.7884851893433242,1493.166953014889,16.773449467079345,3.7844178569249673,5.420195896304444,0.7884851893433242,1.1384851893433243,880.2140519059196
1002,Maurice Werner,21447077,2,02:23:26,2025-04-04,2026-03-27,2.2324909622488267,1013,1005,994,989,967,989,998,1006,1002,1009,1005,973,972,1102,943,1001,2,1.3277675140165093,2.2324909622488267,8606.0,0.6795755560157125,0.9283006699659995,0.9283006699659995,0.83546875,0.8346246941513852,0.835,1.3277675140165093,0.6795755560157125,0.9283006699659995,0.83546875,0.8346246941513852,0.9283006699659995,1485.1320519973517,14.578166199316112,2.8532859180016246,6.018308445311238,0.9283006699659995,1.175788043381291,851.4939928505263
1003,Betsy Lancaster,24485092,1,01:49:29,2026-03-27,2026-03-27,2.233388415126555,1018,1006,1004,1000,1018,1000,1009,988,986,991,989,1013,1011,838,1019,962,1,1.3381544102668568,2.233388415126555,6569.0,0.7928698022565985,0.9571821428919813,0.9571821428919813,0.8241206030150754,0.8232323232323232,0.8241206030150754,1.3381544102668568,0.7928698022565985,0.9571821428919813,0.8241206030150754,0.8232323232323232,0.9571821428919813,1491.886427657265,15.710119003686492,3.795832357166961,4.3226219321856085,0.9571821428919813,1.3071821428919814,862.1463143081255
1004,Susan Miller,21922892,2,03:16:24,2025-04-04,2026-03-27,2.2342487758087373,1136,1007,1112,1109,1103,1109,1111,1079,1074,1080,1075,1131,1127,1129,1040,1118,2,1.7280077425794471,2.2342487758087373,11784.0,1.5302654987585842,1.4450724771670103,1.4450724771670103,0.8867105263157895,0.8861370343782404,0.805,1.7280077425794471,1.5302654987585842,1.4450724771670103,0.8867105263157895,0.8861370343782404,1.4450724771670103,1483.6069279951284,12.53448022268732,2.8945957555744752,3.8506929559638934,1.4450724771670103,1.6925598505823019,791.4652350224101
1005,Caroline Meyer,22488247,1,01:57:30,2026-03-27,2026-03-27,2.23573270344852,1057,1008,1048,1049,1058,1050,1055,1071,1066,1072,1068,1041,1035,902,1088,1021,1,1.411128903122498,2.23573270344852,7050.0,0.9037208375587718,1.1255009788381272,1.1255009788381272,0.8793969849246231,0.8787878787878788,0.8793969849246231,1.411128903122498,0.9037208375587718,1.1255009788381272,0.8793969849246231,0.8787878787878788,1.1255009788381272,1490.665345966502,13.770204037945803,3.814811498412666,2.325769542707805,1.1255009788381272,1.4755009788381273,843.8951758125098
1006,Kyle Germait,23926084,2,02:11:00,2025-11-01,2026-03-27,2.239147206344126,1114,1009,1119,1116,1108,1116,1118,1065,1060,1067,1062,1116,1112,1133,1072,1124,2,1.5866774963790635,2.239147206344126,7860.0,1.426548595984456,1.475436328290636,1.475436328290636,0.877295918367347,0.8766607007640945,0.775,1.5866774963790635,1.426548595984456,1.475436328290636,0.877295918367347,0.8766607007640945,1.475436328290636,1483.462453041278,11.557591519515064,2.9135621235014995,2.816905149010566,1.475436328290636,1.7229237017059276,787.3733921431931
1007,Angela Wald,21122616,1,01:15:53,2025-10-11,2025-10-11,2.244776216517802,480,1010,417,440,500,467,478,406,429,395,417,416,433,607,736,304,1,0.8909980430528376,2.244776216517802,4553.0,-0.26847465285118355,-0.18281789001021598,-0.18281789001021598,0.45348837209302323,0.4418604651162791,0.45348837209302323,0.8909980430528376,-0.26847465285118355,-0.18281789001021598,0.45348837209302323,0.4418604651162791,-0.18281789001021598,1496.4368026559478,22.018702401732188,3.928180280397087,10.234161560540926,-0.18281789001021598,0.167182109989784,985.8336734734372
1008,Michelle Abbott,23742692,1,01:54:30,2026-03-27,2026-03-27,2.245820399100335,956,1011,942,941,957,941,948,912,905,917,911,945,945,775,977,905,1,1.2668264798082245,2.245820399100335,6870.0,0.6192398094704457,0.8078839211629794,0.8078839211629794,0.77,0.7688442211055276,0.77,1.2668264798082245,0.6192398094704457,0.8078839211629794,0.77,0.7688442211055276,0.8078839211629794,1493.0358054739054,16.637711674226736,3.7851187976471072,5.282355281285415,0.8078839211629794,1.1578839211629792,878.2331977466592
1009,Amber Franzel,21535416,1,02:47:36,2025-04-26,2025-04-26,2.250660571103176,1127,1012,1162,1159,1161,1159,1161,1167,1167,1150,1149,1165,1163,1059,1210,1154,1,1.656945130993574,2.250660571103176,10056.0,2.0550912849985403,1.8427485330923954,1.8427485330923954,0.9615384615384616,0.9487179487179487,0.9615384615384616,1.656945130993574,2.0550912849985403,1.8427485330923954,0.9615384615384616,0.9487179487179487,1.8427485330923954,1488.0302343699848,8.519841932810452,5.093864001162142,-6.7617500706759746,1.8427485330923954,2.1927485330923955,763.0545366055456
1010,Stephanie Gildenmeister,24695473,2,02:05:14,2025-06-20,2026-03-27,2.259612407407432,970,1013,958,955,931,956,963,923,920,899,893,963,963,1088,920,973,2,1.2800605259260984,2.2596124074074324,7514.0,0.6626110332149586,0.8453477378959386,0.8453477378959386,0.777835254704897,0.754259888605683,0.7713567839195979,1.2800605259260984,0.6626110332149586,0.8453477378959386,0.777835254704897,0.754259888605683,0.8453477378959386,1485.9462177794005,15.26791208115506,2.890882524234529,6.595264508451473,0.8453477378959386,1.0928351113112302,859.7607157169753
1011,Anna Locke,24717078,1,01:49:29,2026-03-27,2026-03-27,2.2615121945789034,1000,1014,984,979,1000,978,987,950,950,954,954,913,916,836,1031,942,1,1.3132746901239505,2.2615121945789034,6569.0,0.5283404588105995,0.9007932909713464,0.9007932909713464,0.8,0.7989949748743719,0.8,1.3132746901239505,0.5283404588105995,0.9007932909713464,0.8,0.7989949748743719,0.9007932909713464,1491.9471482487027,15.441658515315945,3.790790502330145,4.06928700832551,0.9007932909713464,1.2507932909713464,868.148620218697
1012,Lisa Peterson,24188899,1,01:16:28,2025-10-11,2025-10-11,2.262032348206386,498,1015,440,458,522,485,497,443,459,436,457,432,449,640,768,318,1,0.8978473581213308,2.262032348206386,4588.0,-0.2516046118282187,-0.15885706900058796,-0.15885706900058796,0.47674418604651164,0.46511627906976744,0.47674418604651164,0.8978473581213308,-0.2516046118282187,-0.15885706900058796,0.47674418604651164,0.46511627906976744,-0.15885706900058796,1495.8368026559476,21.476297909445698,3.935961487724826,9.66841344627122,-0.15885706900058796,0.19114293099941201,983.5432953363998
1013,Sarah Mathis,23849009,1,01:33:41,2025-11-15,2025-11-15,2.262523749931491,713,1016,687,695,739,693,718,641,645,645,651,657,655,686,783,580,1,1.004108610217935,2.262523749931491,5621.0,0.009792461869673509,0.20767325298948808,0.20767325298948808,0.5879120879120879,0.5824175824175825,0.5879120879120879,1.004108610217935,0.009792461869673509,0.20767325298948808,0.5879120879120879,0.5824175824175825,0.20767325298948808,1494.8122087058302,20.848250574880332,3.8047009605258877,9.43414769330267,0.20767325298948808,0.5576732529894881,943.6156663448526
1014,Susan Hann,20895955,2,03:11:12,2025-04-04,2026-03-27,2.264390273230968,1146,1017,1124,1122,1117,1121,1124,1099,1095,1101,1097,1138,1136,1138,1036,1131,2,1.7644411262028354,2.264390273230968,11472.0,1.6362466946609737,1.5583784073963685,1.5583784073963685,0.9032134355990479,0.9027176527176527,0.864321608040201,1.7644411262028354,1.6362466946609737,1.5583784073963685,0.9032134355990479,0.9027176527176527,1.5583784073963685,1483.2234056565635,12.592501848554459,2.880144756209241,3.9520675799267355,1.5583784073963685,1.80586578081166,779.6214852068377
1015,Elaine Brenner,21415558,1,02:41:17,2025-05-24,2025-05-24,2.2669077606470296,1122,1018,1131,1129,1134,1127,1131,1118,1118,1122,1122,1122,1119,974,1127,1117,1,1.6285762369572534,2.2669077606470296,9677.0,1.4755229264812098,1.5872876723034788,1.5872876723034788,0.9230769230769231,0.922077922077922,0.9230769230769231,1.6285762369572534,1.4755229264812098,1.5872876723034788,0.9230769230769231,0.922077922077922,1.5872876723034788,1489.2753943995494,13.039650815857419,4.088578626921115,0.7739149350940746,1.5872876723034788,1.9372876723034786,791.6633048270403
1016,Julie Lance,24521025,1,01:45:31,2025-08-03,2025-08-03,2.268932379723856,869,1019,851,852,879,850,869,916,913,918,912,808,820,927,1090,776,1,1.1374416097736255,2.268932379723856,6331.0,0.2670974316458414,0.5282159393831013,0.5282159393831013,0.7735849056603774,0.7692307692307693,0.7735849056603774,1.1374416097736255,0.2670974316458414,0.5282159393831013,0.7735849056603774,0.7692307692307693,0.5282159393831013,1490.0731246565363,15.012483692380028,4.246212582311739,2.27384594544481,0.5282159393831013,0.8782159393831013,910.4667137645529
1017,Elizabeth Pratt,24532792,1,01:55:41,2026-03-27,2026-03-27,2.2690304789163647,969,1020,955,952,970,953,959,929,928,933,932,955,956,787,992,913,1,1.279918864097363,2.2690304789163647,6941.0,0.6496240710270467,0.8341348667708264,0.8341348667708264,0.785,0.7839195979899497,0.785,1.279918864097363,0.6496240710270467,0.8341348667708264,0.785,0.7839195979899497,0.8341348667708264,1492.773510391938,16.363865133248648,3.786642888685363,5.00393646719256,0.8341348667708264,1.1841348667708265,875.5143390017569
1018,Melissa Revelle,21835689,1,00:54:14,2025-10-25,2025-10-25,2.2705028948697312,260,1021,199,214,280,248,299,250,267,236,253,182,197,428,600,135,1,0.8074441687344913,2.2705028948697312,3254.0,-0.5327998780163377,-0.5190282438120738,-0.5190282438120738,0.36065573770491804,0.3442622950819672,0.36065573770491804,0.8074441687344913,-0.5327998780163377,-0.5190282438120738,0.36065573770491804,0.3442622950819672,-0.5190282438120738,1500.420207981057,24.525040036739007,3.931482871810312,12.730591421308072,-0.5190282438120738,-0.16902824381207382,1022.6412114728889
1019,Sarah Snider,24166967,1,01:51:23,2026-03-27,2026-03-27,2.2721471728255085,1029,1022,1019,1012,1030,1012,1022,997,994,1000,997,1030,1025,843,1027,982,1,1.3613770625381951,2.2721471728255085,6683.0,0.8473198971103649,1.0018102449239406,1.0018102449239406,0.8291457286432161,0.8282828282828283,0.8291457286432161,1.3613770625381951,0.8473198971103649,1.0018102449239406,0.8291457286432161,0.8282828282828283,1.0018102449239406,1491.753830972182,15.53571034042313,3.7973202606763534,4.14374955839407,1.0018102449239406,1.3518102449239406,857.114585087013
1020,Melissa Crone,21914166,1,01:34:05,2025-11-15,2025-11-15,2.27218405414753,715,1023,692,699,743,698,722,649,652,654,656,661,659,701,795,587,1,1.0083958556627366,2.27218405414753,5645.0,0.020010682951071952,0.21889642465736645,0.21889642465736645,0.5934065934065934,0.5879120879120879,0.5934065934065934,1.0083958556627366,0.020010682951071952,0.21889642465736645,0.5934065934065934,0.5879120879120879,0.21889642465736645,1494.589986483608,20.64146752615779,3.805162318664508,9.225980570164266,0.21889642465736645,0.5688964246573665,942.4348917129366
1021,Danielle Swales,23764633,2,02:26:14,2025-04-04,2026-03-27,2.2722359244977595,1022,1024,1011,1004,985,1004,1013,1028,1021,1033,1025,993,990,1112,966,1011,2,1.3519562250581905,2.2722359244977595,8773.5,0.7259258885663735,0.9736514070270159,0.9736514070270159,0.8494791666666667,0.8487068852113973,0.8489583333333334,1.3519562250581905,0.7259258885663735,0.9736514070270159,0.8494791666666667,0.8487068852113973,0.9736514070270159,1484.580022009422,14.063588369359183,2.857754705322617,5.49032425339133,0.9736514070270159,1.2211387804423075,846.557824755176
1022,Jennifer Narozny,24190873,1,01:55:59,2026-03-27,2026-03-27,2.2749147245035273,971,1025,957,954,972,955,961,936,936,941,941,960,960,794,995,915,1,1.2832380601143278,2.2749147245035273,6959.0,0.6573271232526638,0.8407473692880347,0.8407473692880347,0.79,0.7889447236180904,0.79,1.2832380601143278,0.6573271232526638,0.8407473692880347,0.79,0.7889447236180904,0.8407473692880347,1492.6423628509544,16.225678156674313,3.7874753697417263,4.863252047449134,0.8407473692880347,1.1907473692880348,874.8539012122778
1023,Inge Werts,22743069,1,01:51:40,2026-03-27,2026-03-27,2.2779269875700896,1033,1026,1022,1015,1034,1015,1025,1004,1000,1006,1002,1033,1028,849,1035,985,1,1.3648400896312896,2.2779269875700896,6700.0,0.8554396480973301,1.0084000103723485,1.0084000103723485,0.8341708542713567,0.8333333333333334,0.8341708542713567,1.3648400896312896,0.8554396480973301,1.0084000103723485,0.8341708542713567,0.8333333333333334,1.0084000103723485,1491.621234287099,15.35599126093105,3.7988733537046118,3.9593711998172143,1.0084000103723485,1.3584000103723484,856.457264573009
1024,Michal Jankowski,23768749,1,04:52:12,2025-04-04,2025-04-04,2.285192909280501,1207,1027,1186,1185,1193,1186,1186,1181,1181,1183,1183,1194,1192,1014,1148,1182,1,2.285192909280501,2.285192909280501,17532.0,2.625359381075057,2.142025811131184,2.142025811131184,0.9736842105263158,0.9735449735449735,0.9736842105263158,2.285192909280501,2.625359381075057,2.142025811131184,0.9736842105263158,0.9735449735449735,2.142025811131184,1488.677966101695,11.122259078118983,3.9717431913092853,-0.7929704958088735,2.142025811131184,2.492025811131184,728.8805646108422
1025,Lauren O'Keefe,18620958,1,01:26:00,2025-11-08,2025-11-08,2.288802819759332,594,1028,538,545,600,561,574,570,584,575,590,513,531,674,802,407,1,0.9419496166484118,2.288802819759332,5160.0,-0.1533151610326179,-0.017483900943558225,-0.017483900943558225,0.5504587155963303,0.5462962962962963,0.5504587155963303,0.9419496166484118,-0.1533151610326179,-0.017483900943558225,0.5504587155963303,0.5462962962962963,-0.017483900943558225,1495.0497774091116,20.695217538845675,3.8626563426331875,9.107248510946112,-0.017483900943558225,0.33251609905644175,968.7596716008377
1026,Jane Davis,21529071,2,02:04:32,2025-08-16,2026-03-27,2.2962135740275773,1009,1030,996,991,969,991,1000,1001,998,1002,999,989,987,1100,959,1003,2,1.3230182561262955,2.2962135740275773,7471.5,0.7196666142122736,0.9333365194138185,0.9333365194138185,0.830777262938067,0.8290802764486975,0.7922077922077922,1.3230182561262955,0.7196666142122736,0.9333365194138185,0.830777262938067,0.8290802764486975,0.9333365194138185,1485.1976555469846,14.426829577281442,2.924171341806944,5.654315551860609,0.9333365194138185,1.18082389282911,850.0590260081829
1027,Jaidah Dance,23765673,1,02:16:22,2025-04-04,2025-04-04,2.2972219901252564,1115,1031,1108,1104,1113,1103,1107,1101,1097,1103,1099,1098,1094,945,1074,1083,1,1.59120964605212,2.2972219901252564,8182.0,1.2568019318543375,1.4021536034262334,1.4021536034262334,0.9057591623036649,0.9052631578947369,0.9057591623036649,1.59120964605212,1.2568019318543375,1.4021536034262334,0.9057591623036649,0.9052631578947369,1.4021536034262334,1489.7727272727273,14.35812062300657,3.8672707393187196,2.7563084050504116,1.4021536034262334,1.7521536034262333,812.6073675324584
1028,Edwin Salazar,24715602,1,01:32:06,2025-11-15,2025-11-15,2.302222848750902,417,1032,537,544,599,560,573,535,550,528,543,479,505,557,737,411,1,0.866279981188274,2.302222848750902,5526.0,-0.18669837310886858,-0.018013929462767427,-0.018013929462767427,0.5306122448979592,0.5208333333333334,0.5306122448979592,0.866279981188274,-0.18669837310886858,-0.018013929462767427,0.5306122448979592,0.5208333333333334,-0.018013929462767427,1497.5553811944894,22.145112299201596,3.981327546691562,10.20112965912691,-0.018013929462767427,0.33198607053723256,968.4236954665794
1029,Krystal Chavez,22406132,1,03:05:11,2025-04-04,2025-04-04,2.3032134332296064,1074,1033,1058,1055,1066,1057,1061,1077,1073,1078,1074,1011,1009,932,1063,1028,1,1.4558438155136268,2.3032134332296064,11111.0,0.7866294554602762,1.1530967097333757,1.1530967097333757,0.8854166666666666,0.8848167539267016,0.8854166666666666,1.4558438155136268,0.7866294554602762,1.1530967097333757,0.8854166666666666,0.8848167539267016,1.1530967097333757,1489.9649122807018,14.75885128897835,3.863080982560273,3.169608341297531,1.1530967097333757,1.5030967097333758,840.8420603943971
1030,Theresa Rudolph,24716255,1,01:57:30,2026-03-27,2026-03-27,2.304662854971959,987,1034,971,970,987,968,977,945,945,951,951,981,980,799,1004,929,1,1.300018439977872,2.304662854971959,7050.0,0.6962703317266172,0.873917582902403,0.873917582902403,0.795,0.7939698492462312,0.795,1.300018439977872,0.6962703317266172,0.873917582902403,0.795,0.7939698492462312,0.873917582902403,1492.511215309971,16.084420972321105,3.788338252837986,4.719406213807147,0.8739175829024031,1.223917582902403,871.1393266466256
1031,Rebecca Bertagnoli,24189732,1,01:26:40,2025-11-08,2025-11-08,2.3065454772768463,615,1035,557,562,616,575,589,590,603,593,607,529,547,698,823,428,1,0.9492515516611902,2.3065454772768463,5200.0,-0.13403023511656537,0.007084276791694003,0.007084276791694003,0.5596330275229358,0.5555555555555556,0.5596330275229358,0.9492515516611902,-0.13403023511656537,0.007084276791694003,0.5596330275229358,0.5555555555555556,0.007084276791694003,1494.613413772748,20.31876995607239,3.866405449061886,8.719553608886732,0.007084276791694003,0.35708427679169397,966.1178173998159
1032,Phoebe Wood,18619403,1,01:32:37,2025-11-15,2025-11-15,2.315137960642194,427,1036,548,552,608,569,580,572,587,567,585,484,510,587,771,421,1,0.8711396770653708,2.315137960642194,5557.0,-0.17991332086223913,-0.00617362804805717,-0.00617362804805717,0.5510204081632653,0.5416666666666666,0.5510204081632653,0.8711396770653708,-0.17991332086223913,-0.00617362804805717,0.5510204081632653,0.5416666666666666,-0.00617362804805717,1496.8281084672167,21.617602818838638,3.9865894507915782,9.657834466463903,-0.00617362804805717,0.3438263719519428,967.4702240691938
1033,Kelli Ryan,21674076,1,00:55:20,2025-10-25,2025-10-25,2.316554889664262,301,1037,238,257,321,294,335,328,344,318,329,221,233,489,669,160,1,0.8238213399503722,2.316554889664262,3320.0,-0.487484424473711,-0.454624617550994,-0.454624617550994,0.4098360655737705,0.39344262295081966,0.4098360655737705,0.8238213399503722,-0.487484424473711,-0.454624617550994,0.4098360655737705,0.39344262295081966,-0.454624617550994,1498.8718208842827,23.34104690656749,3.9434249540901534,11.510772044297031,-0.454624617550994,-0.104624617550994,1016.2184010102417
1034,Julia Gabler,24717926,1,01:58:07,2026-03-27,2026-03-27,2.3167582486789047,994,1038,976,975,997,974,983,950,950,954,954,986,983,808,1007,937,1,1.3068412317905218,2.3167582486789047,7087.0,0.7121043835237191,0.8872821027549754,0.8872821027549754,0.8,0.7989949748743719,0.8,1.3068412317905218,0.7121043835237191,0.8872821027549754,0.8,0.7989949748743719,0.8872821027549754,1492.3800677689874,15.939902218132685,3.789233056425283,4.572203048856837,0.8872821027549754,1.2372821027549754,869.7024068635798
1035,Jackie Searfino,22875064,1,02:17:37,2025-04-04,2025-04-04,2.3182793904258423,1116,1039,1110,1107,1114,1105,1109,1113,1113,1118,1117,1102,1099,949,1085,1086,1,1.605795410346169,2.3182793904258423,8257.0,1.287808558462586,1.425506128712911,1.425506128712911,0.918848167539267,0.9184210526315789,0.918848167539267,1.605795410346169,1.287808558462586,1.425506128712911,0.918848167539267,0.9184210526315789,1.425506128712911,1489.6363636363635,14.057100544791982,3.8737919899680517,2.4357245748878267,1.425506128712911,1.775506128712911,810.1836072292025
1036,Marianne Bruno,22325363,4,02:30:27,2025-04-04,2026-03-27,2.322614814604711,1066,987,1053,1032,996,1045,1016,1054,1033,1045,1016,1068,1042,1200,984,1074,4,1.3870839244113367,2.170086509694184,9027.0,0.9209303171009064,1.0601636728692396,1.1272512655321356,0.8571619135077562,0.8438037598031438,0.8,1.4340897662291936,1.0291094400240341,1.1428011446544715,0.8653117119792805,0.8581206856056718,0.9798934916338281,1474.9453977815065,12.326625550440765,2.385576958195242,5.169894675855039,1.103770608100122,1.2351636728692397,817.750850684844
1037,Mackendrick Zavitz,24716902,1,01:52:30,2026-03-27,2026-03-27,2.3238251352424415,1020,1040,1009,1003,1020,1003,1012,960,960,963,962,933,935,842,1039,968,1,1.3494602159136346,2.3238251352424415,6750.0,0.5893676592220344,0.9667151555123416,0.9667151555123416,0.805,0.8040201005025126,0.805,1.3494602159136346,0.5893676592220344,0.9667151555123416,0.805,0.8040201005025126,0.9667151555123416,1491.817418518973,15.270649142403718,3.791960038579229,3.8947690266660313,0.9667151555123414,1.3167151555123415,860.6676057964827
1038,Mareda Shurts,24241142,1,00:55:43,2025-10-25,2025-10-25,2.3326033120926586,314,1041,248,269,338,309,343,384,402,372,392,233,248,533,706,168,1,0.8295285359801489,2.3326033120926586,3343.0,-0.47169267551188654,-0.43248137377877394,-0.43248137377877394,0.4426229508196721,0.4262295081967213,0.4426229508196721,0.8295285359801489,-0.47169267551188654,-0.43248137377877394,0.4426229508196721,0.4262295081967213,-0.43248137377877394,1498.0976273358956,22.699290625869256,3.9510994821072978,10.845992179547363,-0.43248137377877394,-0.08248137377877396,1014.3276656813545
1039,Jessica Scheideler,20451473,1,02:02:37,2026-03-27,2026-03-27,2.3330901417405334,1078,1042,1077,1073,1087,1074,1079,1086,1082,1086,1083,1072,1070,918,1106,1053,1,1.47257806244996,2.3330901417405334,7357.0,1.0387949841656574,1.2393377431473602,1.2393377431473602,0.8944723618090452,0.8939393939393939,0.8944723618090452,1.47257806244996,1.0387949841656574,1.2393377431473602,0.8944723618090452,0.8939393939393939,1.2393377431473602,1490.2782491923085,13.014463523586958,3.8240682175428806,1.5422588709583156,1.2393377431473602,1.58933774314736,831.1054554546364
1040,Kristine Wolfe,24693722,1,01:59:03,2026-03-27,2026-03-27,2.335064790505632,1004,1043,988,983,1003,982,991,979,976,980,977,998,994,831,1028,944,1,1.3171676193988566,2.335064790505632,7143.0,0.7360694348923058,0.9073773461914875,0.9073773461914875,0.815,0.8140703517587939,0.815,1.3171676193988566,0.7360694348923058,0.9073773461914875,0.815,0.8140703517587939,0.9073773461914875,1491.9866251460364,15.502611196382473,3.792205353926069,4.125995134604265,0.9073773461914874,1.2573773461914874,867.6914538683808
1041,Isabelle Petrucci,24718613,1,01:33:26,2025-11-15,2025-11-15,2.335552169760687,442,1044,562,566,621,579,594,610,619,605,615,498,520,623,804,434,1,0.8788211318388462,2.335552169760687,5606.0,-0.16918856085950226,0.01240763406350631,0.01240763406350631,0.5714285714285714,0.5625,0.5714285714285714,0.8788211318388462,-0.16918856085950226,0.01240763406350631,0.5714285714285714,0.5625,0.01240763406350631,1496.100835739944,21.07274062790809,3.992345408785136,9.09570440155268,0.012407634063506309,0.3624076340635063,965.7415421916701
1042,Jeremiah Mercury,24718364,1,02:18:53,2025-04-04,2025-04-04,2.3396175560637693,1120,1045,1113,1110,1115,1110,1112,1124,1124,1126,1127,1106,1104,957,1095,1092,1,1.6205756514974718,2.3396175560637693,8333.0,1.3192286067589445,1.4489546367054542,1.4489546367054542,0.9267015706806283,0.9263157894736842,0.9267015706806283,1.6205756514974718,1.3192286067589445,1.4489546367054542,0.9267015706806283,0.9263157894736842,1.4489546367054542,1489.5,13.737073627727762,3.881294876727618,2.0931889975449085,1.4489546367054542,1.7989546367054543,807.6440968728872
1043,Kate Amey,22629662,7,02:20:49,2025-04-04,2026-03-27,2.342606731322165,1076,932,1090,1094,1056,1034,927,1015,1054,1017,1057,1105,1110,1218,904,1146,7,1.4591013008201943,2.003053809672442,8449.142857142857,1.3666044888395823,1.3352744323296732,0.9386621918235217,0.8717769316965729,0.8709266021800739,0.775,1.4656189265600774,1.309511474028651,1.2894451847442385,0.8422541449785454,0.8413137996108699,0.7534135623418443,1464.3231570526807,11.890474673562744,1.6563934195906103,6.921294414790914,1.0774764760006748,1.4675619978829029,769.1629863232932
1044,Diane Ryu,24716443,1,02:03:17,2026-03-27,2026-03-27,2.3457751499870496,1082,1046,1080,1076,1090,1077,1082,1097,1093,1098,1094,1073,1072,923,1115,1059,1,1.4805844675740591,2.3457751499870496,7397.0,1.056394221508574,1.2538188998293698,1.2538188998293698,0.9020100502512562,0.9015151515151515,0.9020100502512562,1.4805844675740591,1.056394221508574,1.2538188998293698,0.9020100502512562,0.9015151515151515,1.2538188998293698,1490.149216934244,12.76360448764783,3.8273936089420926,1.2814236608215523,1.2538188998293698,1.6038188998293696,829.5908762050494
1045,Himakshi Bhatt,24718372,1,01:59:41,2026-03-27,2026-03-27,2.3474870867451973,1010,1047,991,986,1005,986,995,984,982,986,984,1001,998,839,1034,948,1,1.3241748109902267,2.3474870867451973,7181.0,0.7523314340352754,0.9209238806441332,0.9209238806441332,0.82,0.8190954773869347,0.82,1.3241748109902267,0.7523314340352754,0.9209238806441332,0.82,0.8190954773869347,0.9209238806441332,1491.8554776050528,15.356311733375714,3.7933207807851823,3.9763493910201664,0.9209238806441333,1.2709238806441332,866.2336024063266
1046,Amanda Frost,22623329,1,01:55:05,2026-03-27,2026-03-27,2.3476247536076817,1054,1048,1040,1040,1051,1039,1045,1018,1012,1020,1014,1051,1046,862,1048,1008,1,1.4066001222244855,2.3476247536076817,6905.0,0.9533542923519099,1.0865740340645873,1.0865740340645873,0.8442211055276382,0.8434343434343434,0.8442211055276382,1.4066001222244855,0.9533542923519099,1.0865740340645873,0.8442211055276382,0.8434343434343434,1.0865740340645873,1491.3560409169334,14.978130122269006,3.8023695236430166,3.571021551339955,1.0865740340645873,1.4365740340645874,847.6682568735272
1047,Rebecca Wulfsohn,24729759,1,01:34:00,2025-11-15,2025-11-15,2.3497171311898457,457,1049,569,572,634,585,602,646,649,647,654,503,525,658,832,443,1,0.8841511208653394,2.3497171311898457,5640.0,-0.16174689065352155,0.025205555096146526,0.025205555096146526,0.5918367346938775,0.5833333333333334,0.5918367346938775,0.8841511208653394,-0.16174689065352155,0.025205555096146526,0.5918367346938775,0.5833333333333334,0.025205555096146526,1495.3735630126712,20.506318639837865,3.998655526430027,8.510352060547785,0.025205555096146526,0.3752055550961465,964.6779445382226
1048,Jessica Norman,24726844,1,01:34:04,2025-11-15,2025-11-15,2.351383597240335,458,1050,571,575,636,587,605,689,686,690,689,505,526,695,859,440,1,0.884778178397868,2.351383597240335,5644.0,-0.16087140004105324,0.02670611796968017,0.02670611796968017,0.6122448979591837,0.6041666666666666,0.6122448979591837,0.884778178397868,-0.16087140004105324,0.02670611796968017,0.6122448979591837,0.6041666666666666,0.02670611796968017,1494.6462902853987,19.913135245115463,4.005564611194779,7.896441411531125,0.02670611796968017,0.3767061179696801,964.9135430730723
1049,Cierra McPeak,24675976,2,02:14:22,2025-06-20,2026-03-27,2.3520342218347317,1032,1051,1025,1019,1006,1019,1029,1011,1006,983,980,1029,1024,1124,1021,1030,2,1.3647206178226714,2.3520342218347317,8062.0,0.8383466979675253,1.0263495697588159,1.0263495697588159,0.8390235491181397,0.8149957519116398,0.8137254901960784,1.3647206178226714,0.8383466979675253,1.0263495697588159,0.8390235491181397,0.8149957519116398,1.0263495697588159,1483.7922453778795,13.017889398036575,2.9186800743030545,4.261849175127411,1.0263495697588159,1.2738369431741075,839.7928791782739
1050,David Harris,22703407,4,02:38:19,2025-04-04,2026-03-27,2.353073528205866,1129,1002,1148,1165,1147,1157,1143,1134,1143,1136,1145,1152,1169,1211,1076,1186,4,1.7081672394188834,2.225665540888434,9499.25,2.1259032825385202,1.9053032148689355,1.7998181259851205,0.9438282799038339,0.943526936026936,0.900523560209424,1.672029531136768,1.9092578829866773,1.751701308158176,0.9326844650875288,0.9323316498316498,1.6595126491916214,1471.1447456753067,9.245779535385052,2.172881541555997,2.7271349107170604,1.8367379070944558,2.0803032148689353,722.5702745590673
1051,Pavitra Chari,23764759,2,02:15:08,2025-04-04,2025-08-16,2.3571886387668117,1062,1052,1044,1044,1028,1043,1050,1039,1030,1042,1035,1047,1041,1131,994,1052,2,1.4215291428655963,2.3571886387668117,8108.5,0.9207803990890557,1.1025879618819592,1.1025879618819592,0.8566328958999117,0.8552631578947368,0.8441558441558441,1.4215291428655963,0.9207803990890557,1.1025879618819592,0.8566328958999117,0.8552631578947368,1.1025879618819592,1483.590879590902,13.979240029634395,3.0053566587182976,4.963170053479503,1.1025879618819592,1.3500753352972508,831.6340711633077
1052,Kathy Tieu,24186226,2,02:19:42,2025-11-01,2026-03-27,2.357466389857029,1123,1053,1126,1123,1120,1122,1125,1093,1089,1094,1090,1136,1134,1143,1075,1134,2,1.6345534433296929,2.357466389857029,8381.5,1.6110970560392397,1.5675866674300518,1.5675866674300518,0.8988945578231292,0.8983616713705513,0.825,1.6345534433296929,1.6110970560392397,1.5675866674300518,0.8988945578231292,0.8983616713705513,1.5675866674300518,1483.098371258524,11.438930205902354,2.89618634113813,2.7503711824879638,1.567586667430052,1.8150740408453434,777.7761031421602
1053,Leslie Cameron,24521701,1,01:49:47,2025-08-03,2025-08-03,2.3606788161808625,905,1054,883,881,898,876,893,938,938,940,940,859,870,965,1128,818,1,1.1834351419331657,2.3606788161808625,6587.0,0.3564790558305935,0.6177559714131796,0.6177559714131796,0.7924528301886793,0.7884615384615384,0.7924528301886793,1.1834351419331657,0.3564790558305935,0.6177559714131796,0.7924528301886793,0.7884615384615384,0.6177559714131796,1489.4064579898695,13.718198190717738,4.351823188714462,0.6627286245743509,0.6177559714131796,0.9677559714131796,900.5469685716598
1054,Kristin Desrosiers,22409137,1,02:04:29,2025-08-09,2025-08-09,2.3614130140724297,1103,1055,1120,1117,1123,1117,1119,1118,1118,1121,1121,1128,1124,1041,1200,1101,1,1.5489423475736208,2.3614130140724297,7469.0,1.5126896560624536,1.486666118755831,1.486666118755831,0.9230769230769231,0.921875,0.9230769230769231,1.5489423475736208,1.5126896560624536,1.486666118755831,0.9230769230769231,0.921875,1.486666118755831,1488.2204506650176,10.208144366607334,5.170246320711209,-5.302594595526294,1.486666118755831,1.836666118755831,803.2347834850198
1055,Vy Nguyen,23764682,1,03:09:52,2025-04-04,2025-04-04,2.361462283444485,1087,1056,1070,1066,1081,1068,1072,1088,1084,1088,1085,1031,1026,947,1082,1044,1,1.4926624737945493,2.361462283444485,11392.0,0.8501657811240697,1.2140434096664985,1.2140434096664985,0.8958333333333334,0.8952879581151832,0.8958333333333334,1.4926624737945493,0.8501657811240697,1.2140434096664985,0.8958333333333334,0.8952879581151832,1.2140434096664985,1489.6842105263158,14.169211443056753,3.875394833123212,2.543026943687117,1.2140434096664985,1.5640434096664984,834.0415232354212
1056,Jess Fogarty,21597257,1,01:54:30,2026-03-27,2026-03-27,2.365137582091196,1039,1058,1023,1016,1035,1016,1026,979,976,980,977,948,949,853,1052,986,1,1.3734506197520993,2.365137582091196,6870.0,0.6298276815942565,1.0094528574620318,1.0094528574620318,0.815,0.8140703517587939,0.815,1.3734506197520993,0.6298276815942565,1.0094528574620318,0.815,0.8140703517587939,1.0094528574620318,1491.5579590595135,14.923142980328768,3.7944827033677258,3.53969487022559,1.0094528574620318,1.3594528574620317,855.9527700722682
1057,Michelle Lewandowski,24718960,2,02:08:39,2025-06-20,2026-03-27,2.3656745555309717,1012,1059,990,985,959,985,994,959,959,931,930,947,948,1103,976,1002,2,1.3261915160135207,2.3656745555309717,7719.0,0.628152139651288,0.9179369735880917,0.9179369735880917,0.8048529411764705,0.7819236368759686,0.7647058823529411,1.3261915160135207,0.628152139651288,0.9179369735880917,0.8048529411764705,0.7819236368759686,0.9179369735880917,1484.9550373483314,13.962618263865354,2.890199828695956,5.292018777777486,0.9179369735880917,1.1654243470033832,851.2799355810445
1058,Justine Lucca,24743983,1,01:55:59,2026-03-27,2026-03-27,2.3659841651492917,1060,1060,1046,1046,1055,1047,1053,1026,1019,1031,1023,1056,1054,874,1058,1016,1,1.4176003259319616,2.3659841651492917,6959.0,0.9791464425457993,1.106780096296452,1.106780096296452,0.8492462311557789,0.8484848484848485,0.8492462311557789,1.4176003259319616,0.9791464425457993,1.106780096296452,0.8492462311557789,0.8484848484848485,1.106780096296452,1491.2234442318504,14.778868171014501,3.8043371406372186,3.3658567491028464,1.106780096296452,1.4567800962964519,845.4450622294255
1059,Stefanie Izumizaki,21827080,1,01:38:02,2025-11-15,2025-11-15,2.3675795582809163,767,1061,753,758,782,754,777,783,780,781,777,726,738,776,865,654,1,1.0507324044301536,2.3675795582809163,5882.0,0.12091561612988158,0.32723090756461093,0.32723090756461093,0.6758241758241759,0.6703296703296703,0.6758241758241759,1.0507324044301536,0.12091561612988158,0.32723090756461093,0.6758241758241759,0.6703296703296703,0.32723090756461093,1493.0344309280526,19.18499811448905,3.8109368838092474,7.7521874630613095,0.32723090756461093,0.6772309075646109,931.6247778269552
1060,Jessica Anderson,17731997,1,01:20:08,2025-10-11,2025-10-11,2.3704994616774857,593,1062,542,547,602,565,576,541,557,536,554,521,540,665,806,419,1,0.9409001956947164,2.3704994616774857,4808.0,-0.14556435396958248,-0.012307585364087865,-0.012307585364087865,0.5348837209302325,0.5232558139534884,0.5348837209302325,0.9409001956947164,-0.14556435396958248,-0.012307585364087865,0.5348837209302325,0.5232558139534884,-0.012307585364087865,1495.2368026559477,20.914796026796566,3.9431127989219337,9.085457630030765,-0.012307585364087865,0.3376924146359121,967.8528954158766
1061,Jenn Thompson,23854858,3,01:50:46,2025-09-27,2026-03-27,2.3739154823582425,1027,1076,1049,1070,1047,1048,1076,1031,1056,1029,1055,1042,1071,1184,1000,1093,3,1.3860774207295181,2.4292853052524817,6646.0,1.0563363482078911,1.2228006851077435,1.0459693219338606,0.8739605852167268,0.8696412404537393,0.785,1.3600798568306254,0.9111878685875963,1.1277261475558777,0.851720438912545,0.848210829837792,1.2228006851077435,1478.3649460822528,12.165288227966869,2.465416589851143,4.769038458413441,1.1078602990447197,1.4248732793241126,806.5576185734134
1062,Valentina Taborda,23765857,2,02:30:09,2025-04-04,2025-07-26,2.3810629522125204,1092,1063,1088,1085,1069,1083,1090,1070,1065,1071,1067,1093,1088,1128,1042,1087,2,1.5101490324864804,2.381062952212521,9009.0,1.200915782692574,1.2867512409193762,1.2867512409193762,0.8793914561044085,0.8784829721362228,0.8167539267015707,1.5101490324864804,1.200915782692574,1.2867512409193762,0.8793914561044085,0.8784829721362228,1.2867512409193762,1483.6083933582618,13.275703361605466,3.179850360468466,3.736152280200068,1.2867512409193762,1.5342386143346678,809.9072557249193
1063,Megan Heywood,23839080,1,01:20:34,2025-10-11,2025-10-11,2.3833183023604336,603,1064,555,559,615,574,587,561,576,554,571,532,549,697,834,427,1,0.9459882583170256,2.3833183023604336,4834.0,-0.13303232349538,0.004566976699557497,0.004566976699557497,0.5465116279069767,0.5348837209302325,0.5465116279069767,0.9459882583170256,-0.13303232349538,0.004566976699557497,0.5465116279069767,0.5348837209302325,0.004566976699557497,1494.6368026559476,20.329622174334,3.9494856573081587,8.481165202409523,0.004566976699557497,0.3545669766995575,966.1448789180923
1064,Sarah Zimerman,24195908,1,01:55:41,2026-03-27,2026-03-27,2.3895807798100424,1046,1065,1028,1022,1038,1022,1031,990,988,993,991,957,958,867,1062,993,1,1.3876449420231909,2.3895807798100424,6941.0,0.6537665281644879,1.0343892048213228,1.0343892048213228,0.825,0.8241206030150754,0.825,1.3876449420231909,0.6537665281644879,1.0343892048213228,0.825,0.8241206030150754,1.0343892048213228,1491.298499600054,14.571066503835395,3.7972874442383846,3.179204171120242,1.0343892048213228,1.3843892048213227,853.2850901259498
1065,Erin DeRubeis,24590228,1,01:29:48,2025-11-08,2025-11-08,2.389935967609163,684,1066,642,648,695,657,673,656,657,663,664,618,622,763,877,527,1,0.9835706462212488,2.389935967609163,5388.0,-0.04339108331111828,0.1200795078933923,0.1200795078933923,0.5963302752293578,0.5925925925925926,0.5963302752293578,0.9835706462212488,-0.04339108331111828,0.1200795078933923,0.5963302752293578,0.5925925925925926,0.1200795078933923,1493.304322863657,19.131158776290977,3.877961174195811,7.497275253703544,0.1200795078933923,0.47007950789339226,953.857310777249
1066,Becky Gutierrez,21927518,1,01:39:12,2025-11-15,2025-11-15,2.395755445577697,784,1067,774,774,799,774,796,794,788,792,788,741,758,797,883,682,1,1.0632368703108253,2.395755445577697,5952.0,0.15071876095062703,0.3583943190669007,0.3583943190669007,0.6868131868131868,0.6813186813186813,0.6868131868131868,1.0632368703108253,0.15071876095062703,0.3583943190669007,0.6868131868131868,0.6813186813186813,0.3583943190669007,1492.589986483608,18.75149607584927,3.81358000651548,7.31075605630283,0.3583943190669007,0.7083943190669006,928.260765723972
1067,Thuy-Tien Nguyen,24716397,1,02:02:17,2026-03-27,2026-03-27,2.3984838818339385,1024,1068,1012,1005,1021,1005,1014,999,996,1003,1000,1022,1020,851,1045,969,1,1.3529411764705883,2.3984838818339385,7337.0,0.8190912199906241,0.9757948237243088,0.9757948237243088,0.83,0.8291457286432161,0.83,1.3529411764705883,0.8190912199906241,0.9757948237243088,0.83,0.8291457286432161,0.9757948237243088,1491.5931825230857,15.05814154574736,3.7957216764656936,3.6709765163502777,0.9757948237243088,1.325794823724309,860.1234439521064
1068,Jamie Stewart,22560130,1,00:57:18,2025-10-25,2025-10-25,2.398890274296907,373,1069,314,326,407,371,393,500,507,484,497,289,303,567,740,211,1,0.8531017369727047,2.398890274296907,3438.0,-0.40646588632174213,-0.34260619440741197,-0.34260619440741197,0.5081967213114754,0.4918032786885246,0.5081967213114754,0.8531017369727047,-0.40646588632174213,-0.34260619440741197,0.5081967213114754,0.4918032786885246,-0.34260619440741197,1497.3234337875085,22.040357436973284,3.9563775165565387,10.17122488730367,-0.34260619440741197,0.00739380559258801,1005.3034954634838
1069,Yolanda Orta-Swope,22862029,1,03:13:08,2025-04-04,2025-04-04,2.402091374697568,1095,1070,1081,1078,1091,1078,1084,1100,1096,1102,1098,1038,1032,955,1091,1060,1,1.5183438155136268,2.402091374697568,11588.0,0.8944829335443669,1.2556707150318815,1.2556707150318815,0.9036458333333334,0.9031413612565445,0.9036458333333334,1.5183438155136268,0.8944829335443669,1.2556707150318815,0.9036458333333334,0.9031413612565445,1.2556707150318815,1489.5438596491229,13.847084707149568,3.8829389875064186,2.1982677446303125,1.2556707150318815,1.6056707150318816,829.4106331184022
1070,Michelle Wilson,24699041,1,01:57:48,2026-03-27,2026-03-27,2.4030429773351334,1068,1071,1054,1052,1063,1054,1058,1034,1024,1036,1027,1069,1066,882,1064,1027,1,1.4398044408229782,2.4030429773351334,7068.0,1.031208375344576,1.1470930595406978,1.1470930595406978,0.8542713567839196,0.8535353535353535,0.8542713567839196,1.4398044408229782,1.031208375344576,1.1470930595406978,0.8542713567839196,0.8535353535353535,1.1470930595406978,1491.0908475467677,14.572080042045537,3.8064048040618665,3.152865629859937,1.1470930595406978,1.4970930595406977,840.9095739689001
1071,Karla Matute,23846517,3,04:01:00,2025-04-04,2026-03-27,2.4058114816949536,1169,1077,1172,1190,1181,1195,1191,1139,1160,1141,1164,1182,1198,1197,1140,1205,3,2.0608648665518143,2.432166096387513,14460.0,2.7743348592090364,2.202506348130567,2.2497356814342973,0.956131534867319,0.9559082892416226,0.8894472361809045,1.9127923648858385,2.338249985780327,1.9598966642681097,0.9394604601957154,0.9391534391534391,2.202506348130567,1475.2277394248708,7.373732759957241,2.590766230684652,-0.39856593209671587,2.233205414777992,2.4045789423469364,695.9804120494067
1072,Sean McGinty,22328151,1,02:43:35,2025-11-01,2025-11-01,2.418666097101424,1183,1072,1202,1202,1204,1202,1203,1203,1204,1203,1204,1191,1189,1033,1194,1193,1,1.9937030266097908,2.418666097101424,9815.0,2.6017824755470444,2.285275755842491,2.285275755842491,0.9863945578231292,0.9863013698630136,0.9863945578231292,1.9937030266097908,2.6017824755470444,2.285275755842491,0.9863945578231292,0.9863013698630136,2.285275755842491,1488.343721612911,8.327478598215404,4.08026681783617,-3.9133218552931073,2.285275755842491,2.6352757558424913,712.6610279149779
1073,Mary Ellenberger,23985353,1,01:30:59,2025-11-08,2025-11-08,2.4214291847027507,702,1073,667,673,717,676,698,706,706,710,709,644,645,804,918,553,1,0.9965315808689302,2.4214291847027507,5459.0,-0.00916033981012497,0.1617305107255944,0.1617305107255944,0.6238532110091743,0.6203703703703703,0.6238532110091743,0.9965315808689302,-0.00916033981012497,0.1617305107255944,0.6238532110091743,0.6203703703703703,0.1617305107255944,1492.4315955909299,18.287865730776407,3.8904076843956146,6.616642677589564,0.1617305107255944,0.5117305107255944,949.617904167142
1074,Chris Courtney,22835880,1,03:14:48,2025-04-04,2025-04-04,2.4228205028879164,1099,1074,1084,1081,1092,1080,1086,1107,1105,1111,1109,1046,1039,976,1109,1062,1,1.5314465408805031,2.4228205028879164,11688.0,0.917093725595539,1.2766386684909976,1.2766386684909976,0.9114583333333334,0.9109947643979057,0.9114583333333334,1.5314465408805031,0.917093725595539,1.2766386684909976,0.9114583333333334,0.9109947643979057,1.2766386684909976,1489.2631578947369,13.131712572856918,3.902095989522948,1.4254246042880734,1.2766386684909976,1.6266386684909975,827.1555684706038
1075,Connie Buckwalter,22240338,2,02:49:40,2025-04-04,2025-08-02,2.422851979456858,1156,1075,1197,1196,1192,1197,1197,1171,1171,1174,1174,1196,1194,1171,1187,1201,2,1.8528939444207846,2.422851979456858,10180.5,2.654039672787845,2.237522988639362,2.237522988639362,0.96484375,0.9646596858638743,0.9296875,1.8528939444207846,2.654039672787845,2.237522988639362,0.96484375,0.9646596858638743,2.237522988639362,1480.5309013273238,6.154103501786922,3.207426764328956,-3.468176791199946,2.237522988639362,2.4850103620546538,702.8271762030896
1076,Jeanette Ward,22651572,3,02:36:04,2025-04-04,2026-03-27,2.4245845769075105,1091,1057,1083,1083,1059,1085,1088,1078,1079,1079,1081,1050,1049,1191,1012,1103,3,1.509118386498856,2.3648737816624297,9363.666666666666,0.9694030703108557,1.2786354592618443,1.2955307524646644,0.8921634615384616,0.8913098617905374,0.87,1.50983759035395,0.9429233804316015,1.2696100078216739,0.8866225961538461,0.8858190797599885,1.2786354592618443,1477.289085941339,11.802524091737169,2.4443394345601916,4.469505788056594,1.2896173998436775,1.4807080534782133,801.8366195456916
1077,Kevin Stone,21972556,1,03:15:39,2025-04-04,2025-04-04,2.433392358264994,1100,1078,1089,1086,1096,1084,1091,1111,1110,1116,1116,1048,1043,985,1121,1064,1,1.53812893081761,2.433392358264994,11739.0,0.9286252295416367,1.2872633496270194,1.2872633496270194,0.9166666666666666,0.9162303664921466,0.9166666666666666,1.53812893081761,0.9286252295416367,1.2872633496270194,0.9166666666666666,0.9162303664921466,1.2872633496270194,1489.122807017544,12.728788235342552,3.9145581633912547,0.985113745168789,1.2872633496270194,1.6372633496270192,826.037896806628
1078,Rachelle Martineau,21467665,2,02:33:44,2025-04-04,2026-03-27,2.4360350303876586,1077,1079,1063,1059,1046,1062,1065,1066,1061,1069,1064,1016,1014,1125,1013,1067,2,1.4721413321463868,2.4360350303876586,9224.5,0.8043952761708645,1.1768881050150444,1.1768881050150444,0.8776041666666667,0.8769765055644716,0.875,1.4721413321463868,0.8043952761708645,1.1768881050150444,0.8776041666666667,0.8769765055644716,1.1768881050150444,1483.7362369431175,13.056913732254706,2.8662107252949247,4.458281556369933,1.1768881050150444,1.424375478430336,823.7064378198861
1079,Megan Bodway,24685813,2,02:08:14,2026-01-25,2026-03-27,2.437027797953498,1121,1080,1136,1134,1125,1133,1136,1133,1132,1135,1134,1125,1122,1154,1094,1139,2,1.6218233383254756,2.437027797953498,7694.5,1.4848902762058351,1.608781271194048,1.608781271194048,0.9322979797979798,0.9318531432673571,0.905,1.6218233383254756,1.4848902762058351,1.608781271194048,0.9322979797979798,0.9318531432673571,1.608781271194048,1482.261441789528,10.881092746040839,2.9289684647377405,2.0941873518276175,1.6087812711940481,1.8562686446093395,774.6387237093007
1080,Amy Ellenberger,23971129,2,01:52:22,2025-11-08,2026-01-25,2.447582033104376,1037,1081,1064,1060,1050,1063,1067,1067,1062,1068,1063,1082,1079,1152,1053,1069,2,1.3693506397156519,2.447582033104376,6742.0,1.085044214647786,1.1833182491272645,1.1833182491272645,0.8779538504309147,0.8767951625094482,0.8165137614678899,1.3693506397156519,1.085044214647786,1.1833182491272645,0.8779538504309147,0.8767951625094482,1.1833182491272645,1482.3180200384215,12.56576747279513,3.010380663813984,3.534625481353178,1.1833182491272645,1.430805622542556,821.7972464763385
1081,Jamie Felicetti,21236536,1,01:22:47,2025-10-11,2025-10-11,2.448891602777053,668,1082,623,630,679,635,653,648,651,642,648,597,607,785,927,501,1,0.9720156555772994,2.448891602777053,4967.0,-0.06892616760811356,0.08949150610090427,0.08949150610090427,0.5930232558139535,0.5813953488372093,0.5930232558139535,0.9720156555772994,-0.06892616760811356,0.08949150610090427,0.5930232558139535,0.5813953488372093,0.08949150610090427,1492.8368026559476,18.358613081004535,3.9925696005734306,6.380904279284243,0.08949150610090427,0.43949150610090426,957.308790595077
1082,Lucy Cruz,24700469,2,02:16:02,2025-04-04,2026-03-27,2.448935835770209,1118,1083,1114,1111,1105,1111,1113,1106,1104,1110,1108,1108,1106,1144,1065,1116,2,1.611911621868479,2.448935835770209,8162.0,1.3272901412758795,1.4548742886547832,1.4548742886547832,0.9109487226709463,0.9104864433811802,0.8821989528795812,1.611911621868479,1.3272901412758795,1.4548742886547832,0.9109487226709463,0.9104864433811802,1.4548742886547832,1483.0425228951883,11.789031960035544,2.885498427931957,3.1325366762396722,1.4548742886547832,1.7023616620700748,791.8820057589078
1083,Alison satinoff,22035057,2,02:43:24,2025-04-04,2026-03-27,2.455913173650363,1105,1084,1100,1097,1088,1094,1101,1114,1114,1119,1118,1080,1077,1159,1097,1096,2,1.5512366916594074,2.455913173650363,9804.0,1.079770067336071,1.3425799617669776,1.3425799617669776,0.9196176193467337,0.9192051404093289,0.9095477386934674,1.5512366916594074,1.079770067336071,1.3425799617669776,0.9196176193467337,0.9192051404093289,1.3425799617669776,1482.0587966717012,10.648150873915698,2.9143031175914245,1.9052415211414253,1.3425799617669776,1.5900673351822692,805.342829067283
1084,Elizabeth Halperin,24479916,1,02:05:21,2026-03-27,2026-03-27,2.4586339478360437,1043,1085,1031,1025,1041,1025,1034,1014,1009,1016,1011,1039,1033,865,1059,994,1,1.386870735755117,2.4586339478360437,7521.0,0.897833531630266,1.0390341995100891,1.0390341995100891,0.84,0.8391959798994975,0.84,1.386870735755117,0.897833531630266,1.0390341995100891,0.84,0.8391959798994975,1.0390341995100891,1491.3308874411184,14.750167153637662,3.798490496774874,3.3546956633130414,1.0390341995100891,1.389034199510089,853.0509157367416
1085,Debby Kilgore,22652487,1,01:39:25,2025-06-13,2025-06-13,2.462092773589337,308,1086,108,130,167,149,196,256,272,182,189,85,94,1073,1171,69,1,0.8262917301565313,2.462092773589337,5965.0,-0.7465708923754348,-0.740234180723431,-0.740234180723431,0.36363636363636365,0.3,0.36363636363636365,0.8262917301565313,-0.7465708923754348,-0.740234180723431,0.36363636363636365,0.3,-0.740234180723431,1487.700657735238,16.806500582790115,6.2063560958019615,-1.8125677046157698,-0.740234180723431,-0.39023418072343097,1048.1395067363237
1086,Anne Kosek,24685043,1,02:06:03,2026-03-27,2026-03-27,2.4723638542060895,1047,1087,1035,1030,1043,1029,1038,1020,1014,1023,1018,1045,1037,875,1061,1000,1,1.3946155264613682,2.4723638542060895,7563.0,0.9158073201567061,1.0532523069533386,1.0532523069533386,0.845,0.8442211055276382,0.845,1.3946155264613682,0.9158073201567061,1.0532523069533386,0.845,0.8442211055276382,1.0532523069533386,1491.1997399001348,14.589676890351189,3.8000523953518726,3.189519704295572,1.0532523069533386,1.4032523069533385,851.515833380768
1087,Elizabeth Gray,24493679,2,02:24:28,2025-09-27,2026-03-27,2.4779993513547973,1163,1088,1193,1192,1190,1192,1193,1161,1161,1165,1165,1193,1191,1164,1152,1199,2,1.8716062590719809,2.4779993513547973,8668.5,2.6118738266934587,2.213206173048972,2.213206173048972,0.9562778682143109,0.9560498603051795,0.9195979899497487,1.8716062590719809,2.6118738266934587,2.213206173048972,0.9562778682143109,0.9560498603051795,2.213206173048972,1481.2916250003543,7.976054024499596,2.9996750191757053,-1.0229710330275212,2.213206173048972,2.4606935464642636,705.4218197949793
1088,Alison Hansel,20619905,1,02:18:15,2025-08-16,2025-08-16,2.483842730922367,1001,1089,983,978,999,977,986,961,961,961,960,985,982,891,1025,941,1,1.314580031695721,2.483842730922367,8295.0,0.7109299595737755,0.8961550428428067,0.8961550428428067,0.8051948051948052,0.8026315789473685,0.8051948051948052,1.314580031695721,0.7109299595737755,0.8961550428428067,0.8051948051948052,0.8026315789473685,0.8961550428428067,1490.8596120319419,16.28397880022679,4.0346739890319645,4.179956833130898,0.8961550428428067,1.2461550428428065,868.7859148573752
1089,Kathy Johnson,23846192,5,02:19:33,2025-05-24,2026-03-27,2.4891974043792415,1042,1029,1057,1102,1071,1107,1066,1063,1111,1061,1112,1065,1103,1214,1002,1140,5,1.4687725496222082,2.291825142964482,8372.6,1.31042036354243,1.3813774506354946,1.475168231587315,0.917333963286406,0.914560462701942,0.81,1.3851915890415392,1.0085910764257504,1.1485215785847656,0.8753196231077421,0.8718362286514558,1.1804778402450777,1467.8725297601463,10.695292833895616,1.9858064977771128,4.737873340564278,1.4423414582541778,1.53790220906048,774.6300117539363
1090,Tabare Gowon,22349980,1,03:20:54,2025-04-04,2025-04-04,2.4986891120645915,1110,1090,1101,1098,1104,1097,1102,1145,1142,1147,1144,1064,1062,1022,1161,1072,1,1.5794025157232705,2.4986891120645915,12054.0,0.9998492245028288,1.3518805957737083,1.3518805957737083,0.9427083333333334,0.9424083769633508,0.9427083333333334,1.5794025157232705,0.9998492245028288,1.3518805957737083,0.9427083333333334,0.9424083769633508,1.3518805957737083,1488.561403508772,10.58872564350205,4.008739093522731,-1.4374916370661435,1.3518805957737083,1.7018805957737082,819.127746833092
1091,Adele Tiffith,21256569,1,01:43:36,2025-11-15,2025-11-15,2.502018791954127,840,1091,826,827,854,826,841,798,793,798,792,805,814,811,891,758,1,1.1103965702036442,2.502018791954127,6216.0,0.26311919284600993,0.472715404322382,0.472715404322382,0.6923076923076923,0.6868131868131868,0.6923076923076923,1.1103965702036442,0.26311919284600993,0.472715404322382,0.6923076923076923,0.6868131868131868,0.472715404322382,1492.367764261386,18.524730540666933,3.815035101962806,7.079625234778515,0.472715404322382,0.822715404322382,915.2237310294818
1092,Tracy Hardy,21555058,1,02:32:17,2025-06-20,2025-06-20,2.502872373008546,1019,1092,1016,1010,1025,1009,1019,943,943,890,884,1027,1022,920,1070,979,1,1.3486346863468637,2.502872373008546,9137.0,0.8304761648478928,0.9874582041030735,0.9874582041030735,0.7941176470588235,0.7476635514018691,0.7941176470588235,1.3486346863468637,0.8304761648478928,0.9874582041030735,0.7941176470588235,0.7476635514018691,0.9874582041030735,1490.2400626864326,14.764467012488046,3.9640600937180555,2.8722867313338796,0.9874582041030735,1.3374582041030734,858.0645081497249
1093,Sruti Sreerama,23764943,2,03:14:58,2025-04-04,2026-03-27,2.5070496953108448,1153,1093,1142,1141,1132,1140,1144,1141,1138,1143,1140,1133,1129,1156,1101,1150,2,1.844192849450418,2.5070496953108448,11697.5,1.5755648245646605,1.6846865321845317,1.6846865321845317,0.940657894736842,0.9403498976363298,0.9263157894736842,1.844192849450418,1.5755648245646605,1.6846865321845317,0.940657894736842,0.9403498976363298,1.6846865321845317,1482.2095499403358,10.518371415223644,2.9036283338124047,1.80748641378643,1.6846865321845317,1.9321739055998233,766.3359344848686
1094,Gracie Jing,24718528,2,01:51:22,2025-11-15,2026-03-27,2.5195539386537025,945,1094,937,937,918,935,943,973,971,974,971,919,921,1116,974,953,2,1.2556177600413927,2.5195539386537025,6681.5,0.5514205221694177,0.7951969480377052,0.7951969480377052,0.8118131868131868,0.8084377933624165,0.75,1.2556177600413927,0.5514205221694177,0.7951969480377052,0.8118131868131868,0.8084377933624165,0.7951969480377052,1484.4345540520585,13.992588607357161,2.894929851799814,5.307799051957719,0.7951969480377052,1.0426843214529968,865.1009208722801
1095,Barry Walter,24741237,1,02:08:34,2026-03-27,2026-03-27,2.52172613663173,1063,1095,1045,1045,1053,1044,1052,1036,1026,1040,1031,1058,1056,889,1071,1015,1,1.4224598930481285,2.52172613663173,7714.0,0.9804273693827167,1.1037255156847952,1.1037255156847952,0.855,0.8542713567839196,0.855,1.4224598930481285,0.9804273693827167,1.1037255156847952,0.855,0.8542713567839196,1.1037255156847952,1490.9374448181677,14.254072574852737,3.803608329984163,2.843247584900247,1.1037255156847952,1.4537255156847952,845.9114143766504
1096,Nathan Haskins,21979671,1,02:30:00,2025-04-04,2025-04-04,2.526888036070314,1142,1096,1139,1138,1140,1137,1140,1144,1141,1146,1143,1135,1131,980,1113,1127,1,1.750291715285881,2.526888036070314,9000.0,1.5949808727283008,1.6460205797710519,1.6460205797710519,0.9424083769633508,0.9421052631578948,0.9424083769633508,1.750291715285881,1.5949808727283008,1.6460205797710519,0.9424083769633508,0.9421052631578948,1.6460205797710519,1489.2272727272727,13.026119317221983,3.90034707439106,1.3250780940488038,1.6460205797710519,1.9960205797710517,785.295649545998
1097,Jenny Pace,24739877,1,02:03:58,2026-03-27,2026-03-27,2.528838945305422,1093,1097,1086,1084,1095,1082,1089,1061,1058,1066,1061,1095,1090,895,1077,1063,1,1.5151762069667958,2.528838945305422,7438.0,1.2079323674138178,1.2794426312052167,1.2794426312052167,0.8743718592964824,0.8737373737373737,0.8743718592964824,1.5151762069667958,1.2079323674138178,1.2794426312052167,0.8743718592964824,0.8737373737373737,1.2794426312052167,1490.8256541766018,14.138786193384911,3.8109828206234324,2.705837731514615,1.2794426312052167,1.6294426312052166,826.0913832777316
1098,Jayme Becerra,24676165,2,01:22:38,2025-10-25,2026-03-27,2.534401303547277,829,1098,838,840,815,839,855,846,843,841,838,802,812,1035,845,829,2,1.1041598745117338,2.534401303547277,4958.5,0.26293609951177976,0.49899476957528655,0.49899476957528655,0.7220491803278688,0.7130735645440316,0.69,1.1041598745117338,0.26293609951177976,0.49899476957528655,0.7220491803278688,0.7130735645440316,0.49899476957528655,1488.334700592492,16.961572618110374,2.9306702198601804,8.169561958529833,0.49899476957528655,0.7464821429905781,897.9641713954582
1099,Lina Zulick,24716207,1,02:09:19,2026-03-27,2026-03-27,2.536436750599636,1065,1099,1047,1048,1057,1049,1054,1045,1038,1048,1041,1063,1061,897,1079,1018,1,1.4307578830905403,2.536436750599636,7759.0,0.9996849999467595,1.1185762221982674,1.1185762221982674,0.86,0.8592964824120602,0.86,1.4307578830905403,0.9996849999467595,1.1185762221982674,0.86,0.8592964824120602,1.1185762221982674,1490.806297277184,14.078142759663143,3.805637115765542,2.661231412366517,1.1185762221982674,1.4685762221982674,844.3035831276012
1100,Jason Narozny,24190882,1,02:04:39,2026-03-27,2026-03-27,2.54277849851294,1096,1100,1092,1088,1097,1087,1093,1071,1066,1072,1068,1097,1092,900,1083,1066,1,1.5235282134854349,2.54277849851294,7479.0,1.2275152962647338,1.2937012592659463,1.2937012592659463,0.8793969849246231,0.8787878787878788,0.8793969849246231,1.5235282134854349,1.2275152962647338,1.2937012592659463,0.8793969849246231,0.8787878787878788,1.2937012592659463,1490.693057491519,13.910919281747551,3.8135330710398025,2.470320068628144,1.2937012592659463,1.6437012592659461,824.5521435633106
1101,Kasey Cushing,24718824,1,02:03:17,2026-03-27,2026-03-27,2.5465680778353095,1080,1101,1065,1061,1072,1064,1068,1050,1041,1053,1044,1017,1015,884,1073,1036,1,1.4788084766093563,2.5465680778353095,7397.0,0.8075146131789316,1.1887079010745587,1.1887079010745587,0.8625,0.8618090452261307,0.8625,1.4788084766093563,0.8075146131789316,1.1887079010745587,0.8625,0.8618090452261307,1.1887079010745587,1491.0390401405946,14.203027041592817,3.8004852572561387,2.8015712698244,1.1887079010745587,1.5387079010745586,836.2884400568277
1101,Theresa Vaerten,23740602,1,02:03:17,2026-03-27,2026-03-27,2.5465680778353095,1080,1101,1065,1061,1072,1064,1068,1050,1041,1053,1044,1017,1015,890,1080,1036,1,1.4788084766093563,2.5465680778353095,7397.0,0.8075146131789316,1.1887079010745587,1.1887079010745587,0.8625,0.8618090452261307,0.8625,1.4788084766093563,0.8075146131789316,1.1887079010745587,0.8625,0.8618090452261307,1.1887079010745587,1490.909310410865,14.009297568457814,3.8022752328353877,2.6024718699516516,1.1887079010745587,1.5387079010745586,836.2884400568277
1103,Beatrice Chau,24714252,2,01:54:22,2025-11-15,2026-03-27,2.551886565809898,996,1103,985,980,953,979,988,947,947,948,948,995,992,1094,908,996,2,1.3098982219517767,2.551886565809898,6861.5,0.7314882479968654,0.9014154619424368,0.9014154619424368,0.7959716163233751,0.7928182928182927,0.7527472527472527,1.3098982219517767,0.7314882479968654,0.9014154619424368,0.7959716163233751,0.7928182928182927,0.9014154619424368,1485.6693693634534,15.395922643690087,2.8489403427253395,6.849101615514067,0.9014154619424368,1.1489028353577284,852.940736828181
1104,Madi Zavitz,24715393,1,02:10:49,2026-03-27,2026-03-27,2.565857978535448,1070,1104,1056,1054,1065,1056,1060,1057,1051,1059,1054,1071,1069,904,1089,1026,1,1.4473538631753642,2.565857978535448,7849.0,1.0382002610748453,1.1480209788421851,1.1480209788421851,0.87,0.8693467336683417,0.87,1.4473538631753642,1.0382002610748453,1.1480209788421851,0.87,0.8693467336683417,1.1480209788421851,1490.5440021952168,13.710311895146095,3.81031952220771,2.279353328522964,1.1480209788421851,1.498020978842185,841.1174361135506
1105,Lisa Furbush,24136720,2,02:34:40,2025-04-12,2026-03-27,2.5939569590008915,1166,1105,1203,1204,1197,1203,1204,1166,1166,1170,1170,1202,1201,1167,1162,1206,2,1.8910587510135644,2.5939569590008915,9279.5,2.83670161732264,2.309424257433643,2.309424257433643,0.9612499999999999,0.9610552763819096,0.9225,1.8910587510135644,2.83670161732264,2.309424257433643,0.9612499999999999,0.9610552763819096,2.309424257433643,1481.0996343010495,8.098931355493312,3.203945174442451,-1.5129041678340425,2.309424257433643,2.556911630848935,694.4147802917472
1106,Kelsey Ruggaard,22874959,1,01:02:01,2025-10-25,2025-10-25,2.596355645915879,554,1106,491,507,559,526,536,644,647,626,633,462,488,642,816,346,1,0.9233250620347394,2.596355645915879,3721.0,-0.21215871431320663,-0.08889365043648725,-0.08889365043648725,0.5901639344262295,0.5737704918032787,0.5901639344262295,0.9233250620347394,-0.21215871431320663,-0.08889365043648725,0.5901639344262295,0.5737704918032787,-0.08889365043648725,1495.7750466907344,20.70770349130808,3.9675446656291,8.805069494420781,-0.08889365043648725,0.26110634956351275,977.7658971691226
1107,Susan Dias,24720693,2,03:52:38,2025-04-04,2026-03-27,2.6122570439950854,1194,1107,1180,1177,1166,1178,1178,1163,1163,1167,1167,1181,1181,1166,1145,1181,2,2.115681805089536,2.6122570439950854,13957.5,2.333431764907216,2.000729199558947,2.000729199558947,0.9595609627082782,0.9593554593554594,0.9296482412060302,2.115681805089536,2.333431764907216,2.000729199558947,0.9595609627082782,0.9593554593554594,2.000729199558947,1481.1368994495726,8.324786851868282,2.998180820161172,-0.6697556086152332,2.000729199558947,2.2482165729742385,730.0576767714579
1108,Thao Hughes,24716887,1,02:14:20,2026-03-27,2026-03-27,2.634834412918297,1085,1108,1071,1067,1082,1069,1073,1076,1072,1077,1073,1088,1083,917,1099,1048,1,1.4862622164853403,2.634834412918297,8060.0,1.1284971510529131,1.215749710552077,1.215749710552077,0.885,0.8844221105527639,0.885,1.4862622164853403,1.1284971510529131,1.215749710552077,0.885,0.8844221105527639,1.215749710552077,1490.2817071132497,13.296708131709915,3.8168486728408575,1.8461621131873418,1.215749710552077,1.565749710552077,833.6286319669131
1109,Lisha Rivera,23766693,1,05:38:21,2025-04-04,2025-04-04,2.6461157455683004,1215,1109,1208,1209,1209,1209,1209,1214,1214,1214,1214,1215,1215,1048,1204,1208,1,2.6461157455683004,2.6461157455683004,20301.0,3.3626433695331532,2.481496667580186,2.481496667580186,0.9947368421052631,0.9947089947089947,0.9947368421052631,2.6461157455683004,3.3626433695331532,2.481496667580186,0.9947368421052631,0.9947089947089947,2.481496667580186,1488.135593220339,7.328380155316381,4.299862895868249,-5.571208532288367,2.481496667580186,2.8314966675801863,690.2624687507857
1110,Michele Moody,24718347,1,02:19:19,2026-03-27,2026-03-27,2.65084959831577,1130,1110,1130,1127,1131,1126,1130,1121,1121,1123,1124,1123,1120,950,1134,1115,1,1.673138510808647,2.65084959831577,8359.0,1.4796558796057204,1.5803477892269229,1.5803477892269229,0.9246231155778895,0.9242424242424242,0.9246231155778895,1.673138510808647,1.4796558796057204,1.5803477892269229,0.9246231155778895,0.9242424242424242,1.5803477892269229,1489.6330879019858,11.648741548356126,3.845939958958578,0.11092167148039245,1.5803477892269229,1.9303477892269227,792.4923152308636
1111,John Pringle,21618629,1,02:09:41,2026-03-27,2026-03-27,2.678767907751324,1106,1112,1094,1090,1099,1089,1095,1081,1076,1081,1076,1049,1044,911,1103,1068,1,1.555577768892443,2.678767907751324,7781.0,0.9369866847700421,1.3114532803195103,1.3114532803195103,0.8875,0.8869346733668342,0.8875,1.555577768892443,0.9369866847700421,1.3114532803195103,0.8875,0.8869346733668342,1.3114532803195103,1490.3903914919458,13.16900881438365,3.8117095222908994,1.7338802475109514,1.3114532803195103,1.6614532803195101,822.6727214436582
1112,Ed Siegel,23820273,2,03:22:57,2025-07-05,2026-03-27,2.681949381999055,1175,1113,1192,1191,1188,1191,1192,1184,1184,1186,1186,1199,1196,1169,1167,1198,2,1.936722506328661,2.681949381999055,12177.0,2.692589250925314,2.2086558431224335,2.2086558431224335,0.9740756763952212,0.9739393939393939,0.9547738693467337,1.936722506328661,2.692589250925314,2.2086558431224335,0.9740756763952212,0.9739393939393939,2.2086558431224335,1480.8866488728677,7.33269466059455,3.0157198485967296,-1.714464885195639,2.2086558431224335,2.456143216537725,706.648625324471
1113,Heidi Krauss,24154373,1,01:04:13,2025-10-25,2025-10-25,2.6884596355049397,631,1114,566,569,628,582,598,681,680,658,660,543,560,679,847,437,1,0.9560794044665012,2.6884596355049397,3853.0,-0.12152780722795331,0.022914663928173852,0.022914663928173852,0.6065573770491803,0.5901639344262295,0.6065573770491803,0.9560794044665012,-0.12152780722795331,0.022914663928173852,0.6065573770491803,0.5901639344262295,0.022914663928173852,1495.0008531423473,20.023611852330845,3.9745881677216324,8.099847349165948,0.022914663928173852,0.37291466392817385,965.2358098696455
1114,Carolyn Kuczmarski,24158202,1,02:10:49,2026-03-27,2026-03-27,2.7021782942989514,1109,1115,1096,1092,1100,1091,1097,1087,1083,1087,1084,1053,1048,925,1116,1070,1,1.569172331067573,2.7021782942989514,7849.0,0.9599140307809679,1.3325564875849965,1.3325564875849965,0.895,0.8944723618090452,0.895,1.569172331067573,0.9599140307809679,1.3325564875849965,0.895,0.8944723618090452,1.3325564875849965,1490.1309320324865,12.695798154705903,3.81829563869156,1.240911238631222,1.3325564875849965,1.6825564875849963,820.3958526081273
1115,DeAnna Steiner,24119705,1,02:37:29,2026-01-25,2026-01-25,2.7100213966525315,1192,1117,1216,1216,1216,1216,1216,1209,1209,1209,1209,1214,1214,1028,1196,1214,1,2.103049187625195,2.7100213966525315,9449.0,3.359405567473717,2.674163977025848,2.674163977025848,0.98989898989899,0.9897959183673469,0.98989898989899,2.103049187625195,3.359405567473717,2.674163977025848,0.98989898989899,0.9897959183673469,2.674163977025848,1488.4229617957074,8.804586037820894,4.316190081467093,-4.143984206580386,2.674163977025848,3.024163977025848,668.0089711204091
1116,Jason Fox,23764843,3,02:28:52,2025-04-04,2026-03-27,2.716111696409843,1073,1121,1059,1056,1036,1053,1062,1056,1052,1058,1053,1066,1064,1180,988,1080,3,1.4575950956376609,2.7712087745348164,8932.333333333334,1.0236973443058954,1.1629055072145573,1.1330138660874782,0.8704265873015874,0.8680508192728983,0.8177083333333334,1.4529141900668037,1.0224016790206554,1.1554325969327874,0.8690699404761905,0.8671185164647239,1.1629055072145573,1478.5928805486903,12.445532864680468,2.4341663064710817,5.143033945267223,1.1434759404819559,1.3649781014309263,814.0997306977964
1117,Sam Thomas,24720665,1,02:11:58,2026-03-27,2026-03-27,2.7259329512369854,1112,1118,1102,1099,1106,1098,1103,1094,1090,1095,1091,1059,1057,931,1122,1073,1,1.58296681327469,2.7259329512369854,7918.0,0.9831785436449957,1.35378397466326,1.35378397466326,0.9,0.8994974874371859,0.9,1.58296681327469,0.9831785436449957,1.35378397466326,0.9,0.8994974874371859,1.35378397466326,1490.0012023027566,12.444512507756077,3.822022886579853,0.9784438480165178,1.35378397466326,1.70378397466326,818.054691594127
1118,Linda Worman,21462780,1,02:48:04,2025-06-20,2025-06-20,2.7622813844170055,1086,1119,1079,1075,1089,1076,1081,1080,1075,1012,1007,1090,1087,1008,1158,1057,1,1.4884132841328412,2.7622813844170055,10084.0,1.1634401479600665,1.2481308506726332,1.2481308506726332,0.8872549019607843,0.8364485981308412,0.8872549019607843,1.4884132841328412,1.1634401479600665,1.2481308506726332,0.8872549019607843,0.8364485981308412,1.2481308506726332,1488.7631396095094,11.174738456611914,4.17154490096169,-1.339896246273156,1.2481308506726332,1.598130850672633,829.9498988922647
1119,Susie Peat,21844431,3,02:29:00,2025-04-04,2026-03-27,2.766394603216451,1097,1127,1087,1077,1054,1092,1083,1074,1068,1074,1065,1092,1086,1183,1014,1100,3,1.5091040182242,2.8118075716596356,8939.666666666666,1.1491749631295758,1.2542808876886251,1.3813360905700778,0.880346098624993,0.8780097157060508,0.8125,1.5257982723766448,1.1994479288199837,1.2860446884089882,0.8838776644210061,0.8819921352643866,1.2542808876886251,1478.430324536708,11.823764799845923,2.465825360890682,4.426288717173877,1.3368667695615692,1.4563534819049941,803.4873952766119
1120,Olivia Medina,18171780,1,03:42:46,2025-04-04,2025-04-04,2.770655273921962,1143,1120,1134,1132,1136,1130,1134,1162,1162,1166,1166,1103,1100,1029,1178,1120,1,1.7513102725366876,2.770655273921962,13366.0,1.2965028162142063,1.603999895949621,1.603999895949621,0.9583333333333334,0.9581151832460733,0.9583333333333334,1.7513102725366876,1.2965028162142063,1.603999895949621,0.9583333333333334,0.9581151832460733,1.603999895949621,1488.421052631579,9.809904413265505,4.059242010163243,-2.367821617224225,1.6039998959496211,1.9539998959496208,790.4465273128621
1121,Laura Vu,24205770,2,02:25:04,2025-08-16,2026-03-27,2.7805816710461686,1101,1122,1091,1087,1074,1086,1092,1082,1077,1082,1077,1075,1074,1157,1110,1085,2,1.5405464121799777,2.7805816710461686,8703.5,1.0623078879635197,1.2921643335796638,1.2921643335796638,0.8885551948051948,0.8875462840518382,0.8875,1.5405464121799777,1.0623078879635197,1.2921643335796638,0.8885551948051948,0.8875462840518382,1.2921643335796638,1482.0685294407115,10.625471183849509,3.093553729540401,1.3448099952283066,1.2921643335796638,1.5396517069949553,810.6996715349549
1122,Stephanie Pringle,20865889,2,02:25:18,2025-08-16,2026-03-27,2.793202197609459,1104,1123,1093,1089,1078,1088,1094,1073,1069,1075,1070,1076,1075,1155,1102,1089,2,1.5505561008560127,2.7932021976094594,8717.5,1.0633769626611074,1.3027846589631942,1.3027846589631942,0.8835714285714286,0.8824054482941022,0.8571428571428571,1.5505561008560127,1.0633769626611074,1.3027846589631942,0.8835714285714286,0.8824054482941022,1.3027846589631942,1482.2336953734882,10.842136314203726,3.028446496104707,1.7567968258896052,1.3027846589631942,1.5502720323784858,808.871191258706
1123,Rachel McClain,24502853,1,02:10:09,2025-08-03,2025-08-03,2.7986246964561037,1053,1124,1021,1014,1032,1014,1024,969,967,969,966,1010,1006,1009,1166,984,1,1.4029823931009702,2.7986246964561037,7809.0,0.7831366525249964,1.0021630949136524,1.0021630949136524,0.8113207547169812,0.8076923076923077,0.8113207547169812,1.4029823931009702,0.7831366525249964,1.0021630949136524,0.8113207547169812,0.8076923076923077,1.0021630949136524,1488.7397913232028,11.955581932993681,4.554516614565934,-1.7079679107041201,1.0021630949136524,1.3521630949136525,856.7175078596715
1124,Lisa Coleman,22721983,2,02:03:37,2025-11-15,2026-03-27,2.811005680732486,1016,1125,986,981,955,980,989,995,992,997,994,917,919,1089,968,995,2,1.3291727673251126,2.811005680732486,7417.0,0.538290570785987,0.9044448032304333,0.9044448032304333,0.8277551020408163,0.8251151591289783,0.7755102040816326,1.3291727673251126,0.538290570785987,0.9044448032304333,0.8277551020408163,0.8251151591289783,0.9044448032304333,1485.9459136405692,14.27023419110059,2.9487154465755414,5.424087851373965,0.9044448032304333,1.151932176645725,853.047621606749
1125,Mindy May,24506109,1,02:23:19,2026-03-27,2026-03-27,2.8110348780005503,1113,1126,1104,1101,1111,1100,1105,1098,1094,1100,1096,1113,1108,922,1104,1079,1,1.5856536972155633,2.8110348780005503,8599.0,1.35916077047556,1.3810217376838405,1.3810217376838405,0.9025,0.9020100502512562,0.9025,1.5856536972155633,1.35916077047556,1.3810217376838405,0.9025,0.9020100502512562,1.3810217376838405,1490.150559572266,13.06522563111454,3.8210431414526336,1.6020962067566398,1.3810217376838405,1.7310217376838404,814.9723488467602
1126,Jeff Soesbe,23608821,4,03:17:44,2025-04-04,2026-03-27,2.814395309849285,1139,1116,1125,1147,1133,1162,1126,1108,1126,1105,1123,1127,1152,1212,1112,1176,4,1.8720312777106538,2.7051546171778735,11863.75,1.932037992162025,1.7576354228776083,1.9221400743565824,0.9277903461116057,0.9234926243212054,0.8131868131868132,1.735306935198526,1.495705336473807,1.5602888492785647,0.9124185247041545,0.9094415189638497,1.5680327183746996,1469.6526460020045,8.262296685895617,2.306582668552054,1.3425486802394548,1.8645634463389413,1.9326354228776084,737.8053356976178
1127,Ginger Cline,24718554,1,02:18:53,2026-03-27,2026-03-27,2.833129192152471,1131,1128,1128,1125,1129,1124,1128,1102,1099,1104,1102,1137,1135,921,1108,1114,1,1.6974943980444082,2.833129192152471,8333.0,1.635413375256984,1.5741594733528477,1.5741594733528477,0.9095477386934674,0.9090909090909091,0.9095477386934674,1.6974943980444082,1.635413375256984,1.5741594733528477,0.9095477386934674,0.9090909090909091,1.5741594733528477,1490.1626707511875,12.928847256736718,3.8273689924301784,1.4467402794461837,1.5741594733528477,1.9241594733528475,792.9024640186938
1128,Maggie Hobbs,24821793,2,01:59:24,2025-11-08,2026-03-27,2.834890357284057,1035,1129,1038,1038,1022,1035,1042,1044,1037,1047,1040,1012,1010,1148,1087,1047,2,1.3677522054340001,2.834890357284057,7164.0,0.7896790220604387,1.0806292771973633,1.0806292771973633,0.8595412844036697,0.8586218127675413,0.82,1.3677522054340001,0.7896790220604387,1.0806292771973633,0.8595412844036697,0.8586218127675413,1.0806292771973633,1482.72490117302,11.534867317294315,3.0470074298081875,2.3938450278697534,1.0806292771973633,1.328116650612655,833.6762030189194
1129,Laura Wiley,22848112,1,01:46:33,2025-11-08,2025-11-08,2.835720237736707,894,1130,895,894,910,892,905,934,934,938,938,882,887,901,1020,840,1,1.1670317634173055,2.835720237736707,6393.0,0.4411426803297025,0.6642203009168716,0.6642203009168716,0.7889908256880734,0.7870370370370371,0.7889908256880734,1.1670317634173055,0.4411426803297025,0.6642203009168716,0.7889908256880734,0.7870370370370371,0.6642203009168716,1490.6861410454753,16.13257287977916,3.9451270848109066,4.297191625346441,0.6642203009168716,1.0142203009168715,895.1343305887232
1130,Lissa Dollar,20260146,1,02:48:32,2025-04-04,2025-04-04,2.839099091193668,1180,1131,1171,1169,1171,1169,1170,1156,1155,1159,1158,1164,1162,990,1124,1164,1,1.9665499805523143,2.839099091193668,10112.0,2.054705789906598,1.9441703048733965,1.9441703048733965,0.9528795811518325,0.9526315789473684,0.9528795811518325,1.9665499805523143,2.054705789906598,1.9441703048733965,0.9528795811518325,0.9526315789473684,1.9441703048733965,1489.090909090909,12.625543728953362,3.9127415315774563,0.8873191342209932,1.9441703048733965,2.2941703048733966,751.2178552429979
1131,Adam Wills,22473466,1,01:36:12,2025-10-11,2025-10-11,2.8457826316144854,864,1132,860,860,885,858,876,824,822,813,808,845,855,848,1009,800,1,1.1295499021526418,2.8457826316144854,5772.0,0.3190847759200781,0.5594642867728734,0.5594642867728734,0.7093023255813954,0.6976744186046512,0.7093023255813954,1.1295499021526418,0.3190847759200781,0.5594642867728734,0.7093023255813954,0.6976744186046512,0.5594642867728734,1491.6368026559476,16.66953292752389,4.0466072204954235,4.529711266037619,0.5594642867728734,0.9094642867728734,905.5875022131494
1132,Melanie Bietz,22488212,1,01:58:23,2025-11-15,2025-11-15,2.859047535271906,960,1133,951,949,966,950,956,904,896,903,896,952,953,870,948,911,1,1.2688460164344408,2.859047535271906,7103.0,0.6407676136460274,0.8240886899337252,0.8240886899337252,0.7637362637362637,0.7582417582417582,0.7637362637362637,1.2688460164344408,0.6407676136460274,0.8240886899337252,0.7637362637362637,0.7582417582417582,0.8240886899337252,1491.2566531502748,17.441085333063793,3.8245964169055684,5.967296082347087,0.8240886899337252,1.174088689933725,876.2443746127487
1133,Kelly Hudson,24718373,1,02:18:28,2026-03-27,2026-03-27,2.8601984034954375,1128,1134,1117,1114,1121,1114,1116,1116,1115,1120,1119,1085,1081,954,1135,1097,1,1.6609356257497,2.8601984034954375,8308.0,1.1146736163547173,1.470393110611727,1.470393110611727,0.92,0.9195979899497487,0.92,1.6609356257497,1.1146736163547173,1.470393110611727,0.92,0.9195979899497487,1.470393110611727,1489.6120131135676,11.611955263633039,3.8363300349070046,0.10296515891202418,1.470393110611727,1.820393110611727,805.0446409600532
1134,Jennifer Newberg,22076190,1,01:47:44,2025-11-08,2025-11-08,2.867213454830295,902,1135,908,906,920,903,915,965,963,967,964,893,899,944,1081,854,1,1.1799926980649873,2.867213454830295,6464.0,0.4753734238306958,0.699359646638004,0.699359646638004,0.8073394495412844,0.8055555555555556,0.8073394495412844,1.1799926980649873,0.4753734238306958,0.699359646638004,0.8073394495412844,0.8055555555555556,0.699359646638004,1489.813413772748,14.590086046802519,4.012494448137852,2.5526027023889615,0.699359646638004,1.049359646638004,891.4602783078572
1135,Emily Chen,24684311,1,01:59:54,2025-11-15,2025-11-15,2.8956761887577205,972,1136,964,962,977,962,969,911,904,910,903,972,971,886,955,925,1,1.285101822079314,2.8956761887577205,7194.0,0.6795117019129965,0.857621951317435,0.857621951317435,0.7692307692307693,0.7637362637362637,0.7692307692307693,1.285101822079314,0.6795117019129965,0.857621951317435,0.7692307692307693,0.7637362637362637,0.857621951317435,1491.0344309280526,17.2214855117513,3.8271316769446053,5.740090480917484,0.857621951317435,1.207621951317435,872.4979396635123
1136,Linda Hayes,18950150,1,02:21:57,2026-03-27,2026-03-27,2.895687187034993,1138,1137,1138,1137,1139,1136,1138,1109,1107,1112,1110,1144,1142,928,1118,1125,1,1.7349765736402527,2.895687187034993,8517.0,1.7232977388806068,1.6308107186501026,1.6308107186501026,0.914572864321608,0.9141414141414141,0.914572864321608,1.7349765736402527,1.7232977388806068,1.6308107186501026,0.914572864321608,0.9141414141414141,1.6308107186501026,1490.0300740661046,12.667589215469079,3.8319736564531306,1.171668246109686,1.6308107186501029,1.9808107186501025,786.4880733220723
1137,Allison Wong,22328768,1,02:00:00,2025-11-15,2025-11-15,2.8980912648117303,974,1138,967,964,979,964,971,974,972,969,966,974,973,936,1038,922,1,1.2861736334405145,2.8980912648117303,7200.0,0.6820662571833461,0.8598180064109332,0.8598180064109332,0.8131868131868132,0.8076923076923077,0.8131868131868132,1.2861736334405145,0.6820662571833461,0.8598180064109332,0.8131868131868132,0.8076923076923077,0.8598180064109332,1489.9233198169416,15.527937356962745,3.8667962776277696,3.9275485240794374,0.8598180064109332,1.2098180064109332,873.1245142068809
1137,James Powers,21941234,1,02:00:00,2025-11-15,2025-11-15,2.8980912648117303,974,1138,967,964,979,964,971,974,972,969,966,974,973,924,1016,922,1,1.2861736334405145,2.8980912648117303,7200.0,0.6820662571833461,0.8598180064109332,0.8598180064109332,0.8131868131868132,0.8076923076923077,0.8131868131868132,1.2861736334405145,0.6820662571833461,0.8598180064109332,0.8131868131868132,0.8076923076923077,0.8598180064109332,1490.1455420391637,15.968124687348348,3.854783582197601,4.403773940755546,0.8598180064109332,1.2098180064109332,873.1245142068809
1137,Kari Loftesness,21883872,1,02:00:00,2025-11-15,2025-11-15,2.8980912648117303,974,1138,967,964,979,964,971,974,972,969,966,974,973,913,996,922,1,1.2861736334405145,2.8980912648117303,7200.0,0.6820662571833461,0.8598180064109332,0.8598180064109332,0.8131868131868132,0.8076923076923077,0.8131868131868132,1.2861736334405145,0.6820662571833461,0.8598180064109332,0.8131868131868132,0.8076923076923077,0.8598180064109332,1490.367764261386,16.379157184038515,3.843571744636607,4.848441950128695,0.8598180064109332,1.2098180064109332,873.1245142068809
1140,Kimberly Collier,22859334,1,02:28:02,2026-03-27,2026-03-27,2.903548294732049,1125,1141,1116,1113,1119,1113,1115,1104,1102,1107,1105,1124,1121,929,1111,1095,1,1.6378388345933983,2.903548294732049,8882.0,1.4802698693560965,1.4636951779757752,1.4636951779757752,0.91,0.9095477386934674,0.91,1.6378388345933983,1.4802698693560965,1.4636951779757752,0.91,0.9095477386934674,1.4636951779757752,1490.0194120312824,12.82163519933464,3.825685676781826,1.3445781689891625,1.4636951779757752,1.813695177975775,805.6149032131879
1141,Tim Collins,24946566,1,02:28:31,2026-03-27,2026-03-27,2.913028468178033,1126,1142,1118,1115,1122,1115,1117,1110,1109,1113,1113,1126,1123,941,1119,1098,1,1.6431864281762862,2.913028468178033,8911.0,1.4926803423862574,1.472017741265239,1.472017741265239,0.915,0.914572864321608,0.915,1.6431864281762862,1.4926803423862574,1.472017741265239,0.915,0.914572864321608,1.472017741265239,1489.8882644902988,12.564314425173448,3.830861779027529,1.071729088090862,1.472017741265239,1.8220177412652392,804.7578084348994
1142,Susan Wailes,22464283,1,02:33:35,2026-03-27,2026-03-27,2.922308774791221,1154,1143,1161,1158,1160,1158,1160,1149,1148,1152,1151,1151,1150,977,1150,1155,1,1.8444755804643715,2.922308774791221,9215.0,1.8562795587441374,1.8407225758632568,1.8407225758632568,0.949748743718593,0.9494949494949495,0.949748743718593,1.8444755804643715,1.8562795587441374,1.8407225758632568,0.949748743718593,0.9494949494949495,1.8407225758632568,1489.2459911277924,10.684866590249003,3.8689990817985214,-0.922130655146562,1.8407225758632568,2.1907225758632567,763.0517273304993
1143,Annabella Roiger,22383450,2,02:10:32,2025-11-15,2026-03-27,2.951284009373878,1030,1144,1005,1001,976,1001,1010,1013,1008,1014,1009,939,940,1113,986,1009,2,1.363715819810575,2.951284009373878,7832.0,0.6096656085588056,0.958197458059467,0.958197458059467,0.8395292790483027,0.8377525252525253,0.8015075376884422,1.363715819810575,0.6096656085588056,0.958197458059467,0.8395292790483027,0.8377525252525253,0.958197458059467,1484.5793959908874,14.256249412507119,3.036095817380037,5.147961960367008,0.958197458059467,1.2056848314747586,847.3860129735463
1144,Jennifer Carlson,24725844,1,02:23:19,2026-03-27,2026-03-27,2.9603810871036673,1135,1145,1122,1120,1127,1119,1122,1129,1129,1131,1131,1096,1091,970,1144,1108,1,1.7191123550579768,2.9603810871036673,8599.0,1.2127891706073557,1.5538890042969697,1.5538890042969697,0.93,0.9296482412060302,0.93,1.7191123550579768,1.2127891706073557,1.5538890042969697,0.93,0.9296482412060302,1.5538890042969697,1489.352553654108,10.985908198452842,3.8498192935585984,-0.5635496822229538,1.5538890042969697,1.9038890042969698,795.6426131862504
1145,Jenni Won,22226887,1,02:44:50,2025-08-16,2025-08-16,2.9614472102257037,1108,1146,1099,1096,1101,1093,1100,1137,1135,1138,1136,1100,1097,1049,1208,1071,1,1.567353407290016,2.9614472102257037,9890.0,1.2821809850247436,1.3413677919571045,1.3413677919571045,0.935064935064935,0.9342105263157895,0.935064935064935,1.567353407290016,1.2821809850247436,1.3413677919571045,0.935064935064935,0.9342105263157895,1.3413677919571045,1488.1323393046691,8.466552404354223,5.057696049071634,-6.706535742860678,1.3413677919571045,1.6913677919571044,820.1838513066336
1146,Mary Wheeler,23767204,2,02:40:08,2025-04-04,2026-03-27,2.9741578672724227,1167,1147,1156,1154,1145,1153,1156,1153,1152,1156,1155,1145,1143,1162,1120,1163,2,1.892238670459471,2.9741578672724227,9608.0,1.7339043131617955,1.813495199582215,1.813495199582215,0.9516753926701571,0.9514281935995768,0.94,1.892238670459471,1.7339043131617955,1.813495199582215,0.9516753926701571,0.9514281935995768,1.813495199582215,1481.604641747649,9.771116014816855,2.918236468589464,1.0164066090484631,1.8134951995822153,2.0609825729975064,751.7966219446614
1147,Jean Doroff,23971267,3,02:32:03,2025-11-08,2026-03-27,2.977641460462415,1140,1171,1159,1180,1168,1185,1181,1131,1145,1133,1147,1156,1180,1201,1170,1194,3,1.8415144354217698,3.2210331685910383,9123.0,2.328486423026152,2.061354780518512,2.1499720789018912,0.9461835169732454,0.9458473625140291,0.8844221105527639,1.7357695335318999,1.9763648502948563,1.830886251736756,0.9307431653681251,0.9303451178451179,2.061354780518512,1474.9380582765718,6.905052361022645,2.9047784309743774,-1.8092829319004862,2.1189560244677086,2.2634273747348814,712.1123398122302
1148,Annie Mei,24718488,1,02:26:06,2026-03-27,2026-03-27,2.9803444735879707,1149,1148,1143,1142,1143,1141,1145,1126,1125,1128,1128,1150,1149,938,1125,1133,1,1.785699735180281,2.9803444735879707,8766.0,1.8422282092190967,1.705556132061271,1.705556132061271,0.9271356783919598,0.9267676767676768,0.9271356783919598,1.785699735180281,1.8422282092190967,1.705556132061271,0.9271356783919598,0.9267676767676768,1.705556132061271,1489.8974773810216,12.390328516867303,3.8371082735621242,0.8790036961809307,1.7055561320612709,2.055556132061271,778.143607061195
1149,Connie Mangilin,22687589,4,01:49:03,2025-08-09,2025-11-15,2.980922907808816,963,1156,981,1036,1001,1060,1020,966,1046,956,1034,990,1040,1209,965,1081,4,1.3481196878249326,3.0574384321125323,6542.75,0.9198348074907607,1.0771533968316265,1.2223312228354488,0.8636222050918962,0.8548826643952692,0.7032967032967034,1.2750800926365322,0.7199875000611835,0.894171884721652,0.8082522843149988,0.7997728940783768,0.991877747290545,1472.28372401913,12.51145521357419,2.3370155941139834,5.500408431232239,1.171518983734111,1.2521533968316265,813.8629664951035
1150,Stephanie Joe,22326117,1,02:57:10,2025-04-04,2025-04-04,2.9845355359363817,1189,1149,1183,1181,1183,1182,1182,1176,1176,1177,1177,1176,1175,1004,1139,1177,1,2.0672889926098796,2.9845355359363817,10630.0,2.2688582243475675,2.0720243315022935,2.0720243315022935,0.9685863874345549,0.968421052631579,0.9685863874345549,2.0672889926098796,2.2688582243475675,2.0720243315022935,0.9685863874345549,0.968421052631579,2.0720243315022935,1488.8181818181818,11.69591547748425,3.9471258636433837,-0.1454621134459,2.0720243315022935,2.4220243315022936,736.8287783063292
1151,Gregory Wiseburn,22211360,3,03:09:38,2025-04-04,2026-03-27,2.993326347653943,1184,1175,1153,1184,1178,1176,1185,1058,1100,1060,1103,1184,1209,1193,1107,1202,3,2.271788386347992,3.2481613077372287,11378.0,2.984451020892298,2.140510293249493,1.9052036953074964,0.9097769953051643,0.9093042042363115,0.7575,2.0181507125896867,2.3875849025405556,1.802504017272951,0.8717077464788732,0.8710485049360277,2.140510293249493,1476.8655318233298,9.290357233866233,2.597788223189013,1.4969925642991946,1.9875610045871954,2.342582887465862,700.4710136371122
1152,Vivian Wong,21178276,1,02:57:52,2025-04-04,2025-04-04,2.99632768010471,1190,1150,1184,1182,1185,1183,1183,1182,1182,1184,1184,1177,1176,1013,1146,1178,1,2.075457020614547,2.99632768010471,10672.0,2.2862219352481867,2.08211626645493,2.08211626645493,0.9738219895287958,0.9736842105263158,0.9738219895287958,2.075457020614547,2.2862219352481867,2.08211626645493,0.9738219895287958,0.9736842105263158,2.08211626645493,1488.6818181818182,11.140945164339698,3.972158438215311,-0.7755301503062348,2.08211626645493,2.4321162664549303,735.7729178286609
1153,Andrew Howard,21587495,1,01:42:10,2025-10-11,2025-10-11,3.0222882071720023,913,1151,920,918,936,916,924,956,956,943,943,897,902,885,1056,875,1,1.1996086105675148,3.0222882071720023,6130.0,0.4916411955264044,0.7477508569965878,0.7477508569965878,0.8023255813953488,0.7906976744186046,0.8023255813953488,1.1996086105675148,0.4916411955264044,0.7477508569965878,0.8023255813953488,0.7906976744186046,0.7477508569965878,1491.0368026559477,15.647878710448888,4.073819516732957,3.426420160250016,0.7477508569965878,1.097750856996588,885.7950117537013
1154,Natalie Jackson,24718379,1,02:26:35,2026-03-27,2026-03-27,3.0278580836232996,1144,1152,1135,1133,1137,1131,1135,1151,1150,1154,1153,1099,1096,989,1155,1122,1,1.758296681327469,3.0278580836232996,8795.0,1.2788738738153185,1.6085491490576596,1.6085491490576596,0.95,0.949748743718593,0.95,1.758296681327469,1.2788738738153185,1.6085491490576596,0.95,0.949748743718593,1.6085491490576596,1489.0930941946485,10.27692335095942,3.8689998059076056,-1.3300760667633966,1.6085491490576596,1.9585491490576596,789.756696538771
1155,Shirley Schmidt,24479243,1,02:01:13,2025-11-15,2025-11-15,3.030051896302083,872,1153,862,862,887,860,878,946,946,945,945,767,783,844,1001,791,1,1.1401473585201445,3.030051896302083,7273.0,0.19567215188666884,0.5634104740964501,0.5634104740964501,0.7959183673469388,0.7916666666666666,0.7959183673469388,1.1401473585201445,0.19567215188666884,0.5634104740964501,0.7959183673469388,0.7916666666666666,0.5634104740964501,1491.7371993763077,17.068618151274507,4.102079694777416,4.762379066942259,0.5634104740964501,0.91341047409645,906.8660115062489
1156,Julie Hadfield,24719238,1,02:34:38,2026-03-27,2026-03-27,3.0330016976496226,1134,1154,1129,1126,1130,1125,1129,1129,1129,1131,1131,1139,1137,953,1129,1113,1,1.7108611469666235,3.0330016976496226,9278.0,1.6497370183196738,1.575062068952599,1.575062068952599,0.93,0.9296482412060302,0.93,1.7108611469666235,1.6497370183196738,1.575062068952599,0.93,0.9296482412060302,1.575062068952599,1489.6259694083317,12.023075031699198,3.8426528921937857,0.49511635511784213,1.5750620689525991,1.9250620689525988,793.207710750853
1157,Gamaliel James,21993337,1,04:04:34,2025-04-04,2025-04-04,3.0417922706517184,1171,1155,1160,1157,1159,1156,1159,1183,1183,1185,1185,1134,1130,1039,1188,1152,1,1.92269392033543,3.0417922706517184,14674.0,1.592251976243537,1.8318277194336618,1.8318277194336618,0.9739583333333334,0.9738219895287958,0.9739583333333334,1.92269392033543,1.592251976243537,1.8318277194336618,0.9739583333333334,0.9738219895287958,1.8318277194336618,1488.280701754386,8.819224554888143,4.141623195122771,-3.6056450304801704,1.8318277194336616,2.1818277194336617,764.5588276121974
1158,Heidi Haynes,21863237,1,02:40:43,2026-03-27,2026-03-27,3.0580383630289467,1173,1157,1173,1170,1172,1170,1171,1158,1157,1161,1160,1163,1161,986,1156,1166,1,1.9301441152922336,3.0580383630289467,9643.0,2.044591398313346,1.9619706082723967,1.9619706082723967,0.9547738693467337,0.9545454545454546,0.9547738693467337,1.9301441152922336,2.044591398313346,1.9619706082723967,0.9547738693467337,0.9545454545454546,1.9619706082723967,1489.1169588697278,10.306695341085915,3.8806399778519802,-1.3352245924700252,1.9619706082723964,2.3119706082723965,749.208706116011
1159,Jody Murphy,24717907,1,02:41:17,2026-03-27,2026-03-27,3.068820620038486,1176,1158,1177,1174,1176,1174,1175,1164,1164,1168,1168,1167,1165,994,1169,1169,1,1.9369495596477184,3.068820620038486,9677.0,2.059550750054825,1.9713705296161963,1.9713705296161963,0.9597989949748744,0.9595959595959596,0.9597989949748744,1.9369495596477184,2.059550750054825,1.9713705296161963,0.9597989949748744,0.9595959595959596,1.9713705296161963,1488.9879266116634,9.886590702105636,3.895001477333036,-1.798413729893472,1.9713705296161965,2.321370529616196,748.2282176740368
1160,Cheri Dracobly,24782536,1,02:32:02,2026-03-27,2026-03-27,3.1013805941215455,1160,1159,1154,1152,1155,1151,1154,1142,1139,1144,1141,1159,1157,951,1132,1148,1,1.8582195966591977,3.1013805941215455,9122.0,2.0122653475343673,1.8088132119632432,1.8088132119632432,0.9422110552763819,0.9419191919191919,0.9422110552763819,1.8582195966591977,2.0122653475343673,1.8088132119632432,0.9422110552763819,0.9419191919191919,1.8088132119632432,1489.632284010856,11.798033654656335,3.848979976874374,0.25109372403321295,1.8088132119632432,2.1588132119632433,766.5705504101566
1160,Quantesha Pittman,24716756,1,02:32:02,2026-03-27,2026-03-27,3.1013805941215455,1160,1159,1154,1152,1155,1151,1154,1142,1139,1144,1141,1159,1157,958,1137,1148,1,1.8582195966591977,3.1013805941215455,9122.0,2.0122653475343673,1.8088132119632432,1.8088132119632432,0.9422110552763819,0.9419191919191919,0.9422110552763819,1.8582195966591977,2.0122653475343673,1.8088132119632432,0.9422110552763819,0.9419191919191919,1.8088132119632432,1489.499687325773,11.479146972565527,3.8559894298447195,-0.08882131696863205,1.8088132119632432,2.1588132119632433,766.5705504101566
1162,Fusako Menna,24719311,1,02:43:03,2026-03-27,2026-03-27,3.1024358918917545,1178,1161,1179,1176,1179,1177,1177,1169,1169,1172,1172,1170,1168,1000,1177,1171,1,1.9581665332265812,3.1024358918917545,9783.0,2.1061887290135544,2.0004655925474286,2.0004655925474286,0.964824120603015,0.9646464646464646,0.964824120603015,1.9581665332265812,2.1061887290135544,2.0004655925474286,0.964824120603015,0.9646464646464646,2.0004655925474286,1488.8588943535988,9.412458635841597,3.9132280028433346,-2.3272253726884067,2.0004655925474286,2.3504655925474287,744.982787949508
1163,Brian Casimiro,21984486,1,04:10:00,2025-04-04,2025-04-04,3.109369228552254,1179,1162,1166,1163,1165,1164,1165,1193,1193,1193,1193,1140,1138,1046,1201,1159,1,1.9654088050314464,3.109369228552254,15000.0,1.6659631583303578,1.885446965259411,1.885446965259411,0.9791666666666666,0.9790575916230366,0.9791666666666666,1.9654088050314464,1.6659631583303578,1.885446965259411,0.9791666666666666,0.9790575916230366,1.885446965259411,1488.140350877193,7.423541447007911,4.3041417098337185,-5.4888836824932445,1.885446965259411,2.235446965259411,758.496781008903
1164,Rachel Heeren,24918635,1,02:39:01,2026-03-27,2026-03-27,3.1189770637287184,1145,1163,1140,1139,1141,1138,1141,1136,1134,1139,1137,1148,1147,959,1133,1128,1,1.7593582887700534,3.1189770637287184,9541.0,1.7622871702828578,1.6464287310891432,1.6464287310891432,0.935,0.9346733668341709,0.935,1.7593582887700534,1.7622871702828578,1.6464287310891432,0.935,0.9346733668341709,1.6464287310891432,1489.494821867348,11.736917459393133,3.8495036906622326,0.18840638740643456,1.6464287310891432,1.9964287310891433,785.1005446051505
1165,Julie Headlee,22250420,7,02:56:17,2025-04-04,2026-03-27,3.120609572493379,1200,1111,1209,1203,1186,1206,1139,1206,1203,1206,1203,1210,1205,1223,1159,1215,7,1.9795594805941603,2.6753293437449743,10576.57142857143,2.8980595490083507,2.3062312358139088,2.33024834700024,0.9850913410533447,0.98500804697237,0.93717277486911,2.178294863804942,3.1574291049990544,2.4832402419632933,0.9889654075826008,0.9889051790787378,1.6421712456627435,1456.3073257323272,4.317823769077041,1.901361405061103,-1.3862604461062684,2.321842358085024,2.438518801367138,660.7464094199885
1166,Robert Magsipoc,24470671,1,03:43:03,2025-05-24,2025-05-24,3.135065264104495,1205,1164,1212,1212,1212,1212,1212,1204,1205,1204,1205,1207,1207,1057,1215,1211,1,2.252271962302255,3.135065264104495,13383.0,2.9395893161838504,2.514070766964391,2.514070766964391,0.9871794871794872,0.987012987012987,0.9871794871794872,2.252271962302255,2.9395893161838504,2.514070766964391,0.9871794871794872,0.987012987012987,2.514070766964391,1488.0340150892046,7.449127608545005,4.965202855737391,-7.446480958667166,2.514070766964391,2.864070766964391,686.3653002230867
1167,Karen Doukas,24197282,1,02:34:07,2026-03-27,2026-03-27,3.143879231949346,1165,1165,1164,1161,1163,1161,1163,1149,1148,1152,1151,1168,1166,968,1141,1156,1,1.883683031167244,3.143879231949346,9247.0,2.071969398909111,1.8441157136566422,1.8441157136566422,0.949748743718593,0.9494949494949495,0.949748743718593,1.883683031167244,2.071969398909111,1.8441157136566422,0.949748743718593,0.9494949494949495,1.8441157136566422,1489.3670906406903,11.133608043802502,3.864130076099546,-0.45878218449613684,1.8441157136566422,2.1941157136566423,762.6615164842599
1168,Kathy Briggs,24668288,1,02:11:17,2025-11-15,2025-11-15,3.1705923462391663,1055,1166,1043,1043,1052,1042,1049,1069,1064,1064,1059,1054,1050,1005,1130,1010,1,1.407109682029296,3.1705923462391663,7877.0,0.9703052435211272,1.09654039124906,1.09654039124906,0.8791208791208791,0.8736263736263736,0.8791208791208791,1.407109682029296,0.9703052435211272,1.09654039124906,0.8791208791208791,0.8736263736263736,1.09654039124906,1488.8122087058305,12.45615229535821,3.992544248967995,0.4785195484542246,1.09654039124906,1.44654039124906,847.2201212691776
1169,Rhonda Willock,24175290,1,02:34:07,2026-03-27,2026-03-27,3.1834683000869415,1155,1167,1145,1144,1146,1144,1147,1172,1172,1175,1175,1118,1114,1002,1176,1135,1,1.8486605357856856,3.1834683000869415,9247.0,1.4312732914173547,1.7300950816463574,1.7300950816463574,0.965,0.964824120603015,0.965,1.8486605357856856,1.4312732914173547,1.7300950816463574,0.965,0.964824120603015,1.7300950816463574,1488.8336347351892,9.401923891845906,3.9011426747306235,-2.301504132345965,1.7300950816463574,2.0800950816463573,776.0789142910708
1170,Cayla Eller,24235292,1,02:36:15,2026-03-27,2026-03-27,3.187397837085013,1168,1168,1165,1162,1164,1163,1164,1164,1164,1168,1168,1171,1170,987,1154,1158,1,1.9097575881034832,3.187397837085013,9375.0,2.133106347516849,1.8797743529619089,1.8797743529619089,0.9597989949748744,0.9595959595959596,0.9597989949748744,1.9097575881034832,2.133106347516849,1.8797743529619089,0.9597989949748744,0.9595959595959596,1.8797743529619089,1489.1018972705244,10.375160477111768,3.8844736439014484,-1.2782604545925782,1.8797743529619089,2.229774352961909,758.7617779892798
1171,Rachelle Ashmore,24676702,1,02:34:38,2026-03-27,2026-03-27,3.1941406821895364,1157,1169,1147,1146,1149,1146,1149,1178,1178,1179,1179,1120,1117,1012,1183,1137,1,1.854858056777289,3.1941406821895364,9278.0,1.4417254638635122,1.738212158765861,1.738212158765861,0.97,0.9698492462311558,0.97,1.854858056777289,1.4417254638635122,1.738212158765861,0.97,0.9698492462311558,1.738212158765861,1488.7039050054593,8.86262889918227,3.926273358146322,-2.916191175256696,1.738212158765861,2.088212158765861,775.2454504223278
1172,Abbey Trotta,21892531,1,03:10:41,2025-04-04,2025-04-04,3.212236224520051,1203,1170,1198,1198,1200,1198,1199,1191,1191,1192,1192,1192,1190,1023,1164,1189,1,2.2250097238428626,3.212236224520051,11441.0,2.6041432134047606,2.260189567282691,2.260189567282691,0.9790575916230366,0.9789473684210527,0.9790575916230366,2.2250097238428626,2.6041432134047606,2.260189567282691,0.9790575916230366,0.9789473684210527,2.260189567282691,1488.5454545454545,10.496492115604916,4.0064343855972595,-1.5228110411868627,2.260189567282691,2.610189567282691,715.3992002753532
1173,Angela McPherson,24700178,1,02:37:54,2026-03-27,2026-03-27,3.221056758244631,1172,1172,1168,1166,1167,1166,1167,1169,1169,1172,1172,1172,1171,996,1168,1160,1,1.929924628233856,3.221056758244631,9474.0,2.180391956205646,1.9070217583736102,1.9070217583736102,0.964824120603015,0.9646464646464646,0.964824120603015,1.929924628233856,2.180391956205646,1.9070217583736102,0.964824120603015,0.9646464646464646,1.9070217583736102,1488.9693005854417,9.952461824630836,3.897689784745398,-1.7406075296053576,1.9070217583736104,2.25702175837361,755.7288288794971
1174,Jeesung Yun,24717928,1,02:44:50,2026-03-27,2026-03-27,3.233066047613146,1151,1173,1146,1145,1148,1145,1148,1140,1137,1142,1139,1153,1151,969,1138,1138,1,1.8237138115434264,3.233066047613146,9890.0,1.911640793990657,1.7381531322771087,1.7381531322771087,0.94,0.9396984924623115,0.94,1.8237138115434264,1.911640793990657,1.7381531322771087,0.94,0.9396984924623115,1.7381531322771087,1489.3636743263644,11.429750706460306,3.8574586650324556,-0.1426252886370616,1.7381531322771089,2.0881531322771085,774.6522384685344
1175,Allison Kunz,23758363,2,02:17:18,2025-04-04,2025-10-11,3.236022132981824,1117,1174,1123,1121,1116,1120,1123,1117,1117,1114,1114,1115,1111,1150,1092,1130,2,1.6074928393697276,3.236022132981824,8238.5,1.4097380190090032,1.5576917036160443,1.5576917036160443,0.9217703640569829,0.9156670746634027,0.8900523560209425,1.6074928393697276,1.4097380190090032,1.5576917036160443,0.9217703640569829,0.9156670746634027,1.5576917036160443,1482.3923393997015,11.414732182677065,3.084945766550559,2.1598948830253892,1.5576917036160443,1.8051790770313358,780.2150711011899
1176,Neha Bandi,24729566,1,02:10:09,2025-11-15,2025-11-15,3.253358347067643,927,1176,914,911,925,909,919,1008,1004,1006,1002,835,846,887,1043,860,1,1.224173067878978,3.253358347067643,7809.0,0.3129878939574233,0.7139137870409638,0.7139137870409638,0.8367346938775511,0.8333333333333334,0.8367346938775511,1.224173067878978,0.3129878939574233,0.7139137870409638,0.8367346938775511,0.8333333333333334,0.7139137870409638,1491.009926649035,16.167148742257783,4.152179472723895,3.7106103240860975,0.7139137870409638,1.0639137870409638,890.374457048242
1177,Elsa King,24515184,1,02:46:40,2026-03-27,2026-03-27,3.269025326201361,1152,1177,1149,1148,1150,1147,1150,1146,1144,1148,1146,1155,1154,978,1143,1141,1,1.8439977872026552,3.269025326201361,10000.0,1.9587150020360953,1.7663934925294607,1.7663934925294607,0.945,0.9447236180904522,0.945,1.8439977872026552,1.9587150020360953,1.7663934925294607,0.945,0.9447236180904522,1.7663934925294607,1489.2325267853807,11.097635827637594,3.86683032524013,-0.5028551480827961,1.7663934925294607,2.1163934925294607,771.5045970395139
1178,Erika Jodice,22617599,1,03:20:00,2025-06-20,2025-06-20,3.2871258045422516,1147,1178,1144,1143,1144,1142,1146,1152,1151,1092,1088,1149,1148,1031,1186,1132,1,1.7712177121771218,3.2871258045422516,12000.0,1.8371032859145808,1.707943272316494,1.707943272316494,0.9509803921568627,0.897196261682243,0.9509803921568627,1.7712177121771218,1.8371032859145808,1.707943272316494,0.9509803921568627,0.897196261682243,1.707943272316494,1488.3939088402785,9.6228002796985,4.36323907996484,-3.46691696019602,1.707943272316494,2.057943272316494,778.3459802071424
1179,Keiko Kita,21905911,1,02:47:55,2026-03-27,2026-03-27,3.293543016147871,1158,1179,1151,1150,1152,1149,1152,1154,1153,1157,1156,1157,1155,988,1149,1144,1,1.8578277706066753,3.293543016147871,10075.0,1.9908110529761667,1.7854707364579405,1.7854707364579405,0.9525,0.9522613065326633,0.9525,1.8578277706066753,1.9908110529761667,1.7854707364579405,0.9525,0.9522613065326633,1.7854707364579405,1489.101379244397,10.735378212901274,3.878065215067034,-0.8988174322998272,1.7854707364579405,2.1354707364579406,769.4607139877387
1179,Mary Beth Collins,24946654,1,02:47:55,2026-03-27,2026-03-27,3.293543016147871,1158,1179,1151,1150,1152,1149,1152,1154,1153,1157,1156,1157,1155,995,1157,1144,1,1.8578277706066753,3.293543016147871,10075.0,1.9908110529761667,1.7854707364579405,1.7854707364579405,0.9525,0.9522613065326633,0.9525,1.8578277706066753,1.9908110529761667,1.7854707364579405,0.9525,0.9522613065326633,1.7854707364579405,1488.9702317034134,10.335921479944325,3.891825833163614,-1.3395560195465173,1.7854707364579405,2.1354707364579406,769.4607139877387
1181,Josh Serna,24715934,1,02:39:34,2026-03-27,2026-03-27,3.2960447177497976,1170,1181,1157,1155,1157,1154,1157,1188,1188,1190,1190,1132,1128,1020,1191,1147,1,1.9140343862455016,3.2960447177497976,9574.0,1.5415268523816599,1.8143789679245268,1.8143789679245268,0.975,0.9748743718592965,0.975,1.9140343862455016,1.5415268523816599,1.8143789679245268,0.975,0.9748743718592965,1.8143789679245268,1488.5741752757297,8.223532538455588,3.9610455558140467,-3.659604128986553,1.8143789679245268,2.164378967924527,766.5862673690814
1182,Cathy Cimaglia,22746584,2,03:12:12,2025-11-21,2026-03-27,3.3180607060943816,1164,1182,1082,1079,1067,1079,1085,1196,1196,1196,1196,1162,1160,1173,1163,1076,2,1.8716577540106951,3.3180607060943816,11532.5,2.0229071039162383,1.2557566363384876,1.2557566363384876,0.98,0.9798994974874372,0.96,1.8716577540106951,2.0229071039162383,1.2557566363384876,0.98,0.9798994974874372,1.2557566363384876,1480.4021747880593,9.799166745500813,3.7711040833290825,-1.5141455044864358,1.2557566363384876,1.5032440097537791,816.3365567176902
1183,Virginia Gulde,23887299,1,02:57:10,2026-03-27,2026-03-27,3.3710409415117395,1197,1183,1194,1193,1198,1193,1194,1186,1186,1188,1188,1187,1185,1016,1189,1187,1,2.127702161729383,3.3710409415117395,10630.0,2.478852579749815,2.2222229186121956,2.2222229186121956,0.9748743718592965,0.9747474747474747,0.9748743718592965,2.127702161729383,2.478852579749815,2.2222229186121956,0.9748743718592965,0.9747474747474747,2.2222229186121956,1488.6008298374697,8.288017712191385,3.966908485576412,-3.612707744537852,2.2222229186121956,2.5722229186121957,719.6817004771854
1184,Jessi Yoder,24718648,1,02:45:26,2026-03-27,2026-03-27,3.3747318326299567,1186,1184,1181,1178,1180,1179,1179,1177,1177,1178,1178,1185,1183,1001,1175,1172,1,2.022000407414952,3.3747318326299567,9926.0,2.3962818059767197,2.0279115384965207,2.0279115384965207,0.9698492462311558,0.9696969696969697,0.9698492462311558,2.022000407414952,2.3962818059767197,2.0279115384965207,0.9698492462311558,0.9696969696969697,2.0279115384965207,1488.8367039003588,9.475533547143582,3.914325255908204,-2.26744222058103,2.0279115384965207,2.377911538496521,741.9270066779251
1185,Reagan Wolfe,22828106,1,03:21:48,2025-04-04,2025-04-04,3.399506704526595,1208,1185,1206,1207,1207,1207,1207,1200,1200,1200,1200,1205,1204,1030,1180,1203,1,2.354725787631272,3.399506704526595,12108.0,2.879895479374117,2.405205096290226,2.405205096290226,0.9842931937172775,0.9842105263157894,0.9842931937172775,2.354725787631272,2.879895479374117,2.405205096290226,0.9842931937172775,0.9842105263157894,2.405205096290226,1488.409090909091,9.721145544249106,4.05669405081988,-2.448936608210534,2.405205096290226,2.755205096290226,698.8271264813714
1186,Stephanie Zimmerman,21242765,1,01:21:16,2025-10-25,2025-10-25,3.4022655548201626,918,1186,931,928,944,925,935,933,933,921,917,931,934,880,1047,889,1,1.2099255583126551,3.4022655548201626,4876.0,0.5808617226827598,0.7781684027671019,0.7781684027671019,0.7868852459016393,0.7704918032786885,0.7868852459016393,1.2099255583126551,0.5808617226827598,0.7781684027671019,0.7868852459016393,0.7704918032786885,0.7781684027671019,1491.1298854004117,15.911507836540913,4.113426537248853,3.5712282247943534,0.7781684027671019,1.128168402767102,881.988187280218
1187,Sonia Weaver,23769838,1,03:23:37,2025-04-04,2025-04-04,3.43011012629678,1209,1187,1207,1208,1208,1208,1208,1207,1207,1207,1207,1206,1206,1040,1192,1204,1,2.375923765071956,3.43011012629678,12217.0,2.924958443378105,2.4281412993888103,2.4281412993888103,0.9895287958115183,0.9894736842105263,0.9895287958115183,2.375923765071956,2.924958443378105,2.4281412993888103,0.9895287958115183,0.9894736842105263,2.4281412993888103,1488.2727272727273,8.73453424540498,4.13870312285344,-3.6815751231553406,2.4281412993888103,2.7781412993888104,696.2941751669191
1188,Janet Li,17731976,1,01:22:01,2025-10-25,2025-10-25,3.43366464218007,924,1188,941,940,956,940,947,957,957,937,937,942,943,915,1093,901,1,1.221091811414392,3.43366464218007,4921.0,0.6117586228254599,0.8076332336963559,0.8076332336963559,0.8032786885245902,0.7868852459016393,0.8032786885245902,1.221091811414392,0.6117586228254599,0.8076332336963559,0.8032786885245902,0.7868852459016393,0.8076332336963559,1490.3556918520246,14.705209901216083,4.184211582072188,2.152575154999518,0.8076332336963559,1.1576332336963557,878.9276005758128
1189,Melissa Stupka,21552139,1,03:30:32,2025-06-20,2025-06-20,3.460247763581477,1162,1189,1163,1160,1162,1160,1162,1180,1180,1115,1115,1166,1164,1061,1216,1153,1,1.8645018450184505,3.460247763581477,12632.0,2.0593136737993682,1.8436128315180498,1.8436128315180498,0.9705882352941176,0.9158878504672897,0.9705882352941176,1.8645018450184505,2.0593136737993682,1.8436128315180498,0.9705882352941176,0.9158878504672897,1.8436128315180498,1488.024678071048,6.873712829118118,4.918396556789181,-7.881476841249426,1.8436128315180498,2.19361283151805,763.1361377617085
1190,Abbey English,24790484,1,02:57:52,2026-03-27,2026-03-27,3.4887038281220923,1181,1190,1169,1167,1169,1167,1168,1172,1172,1175,1175,1174,1173,1010,1179,1161,1,1.967914438502674,3.4887038281220923,10672.0,2.2462956184591354,1.932446876444292,1.932446876444292,0.965,0.964824120603015,0.965,1.967914438502674,2.2462956184591354,1.932446876444292,0.965,0.964824120603015,1.932446876444292,1488.7079366214464,9.382120638879178,3.932060288713509,-2.4140602272613503,1.932446876444292,2.282446876444292,752.8084578893083
1191,Kelty Zavitz,24717925,1,02:49:49,2026-03-27,2026-03-27,3.5077710078496644,1187,1191,1174,1171,1173,1171,1172,1196,1196,1196,1196,1147,1146,1027,1198,1165,1,2.0369852059176328,3.5077710078496644,10189.0,1.7488844670392978,1.9653724778115558,1.9653724778115558,0.98,0.9798994974874372,0.98,2.0369852059176328,1.7488844670392978,1.9653724778115558,0.98,0.9798994974874372,1.9653724778115558,1488.444445546,7.432680696336064,4.012889171632811,-4.605986818562368,1.9653724778115556,2.3153724778115556,749.322013732073
1192,Jared Cardiel,24714839,1,02:55:06,2026-03-27,2026-03-27,3.5719255121509494,1199,1192,1188,1187,1195,1188,1188,1186,1186,1188,1188,1198,1195,1011,1182,1184,1,2.1401507435322875,3.5719255121509494,10506.0,2.673308604355531,2.175213349952865,2.175213349952865,0.9748743718592965,0.9747474747474747,0.9748743718592965,2.1401507435322875,2.673308604355531,2.175213349952865,0.9748743718592965,0.9747474747474747,2.175213349952865,1488.7041072152758,8.926069579098677,3.93593447875412,-2.881733857163683,2.175213349952865,2.5252133499528653,725.0878008730083
1193,Karen Kee,22403721,1,02:24:35,2025-11-15,2025-11-15,3.614148246998566,1026,1193,997,993,1011,992,1002,1041,1032,1039,1030,900,905,916,1084,952,1,1.359931023671422,3.614148246998566,8675.0,0.5025316115568139,0.9365073402976797,0.9365073402976797,0.8571428571428571,0.8541666666666666,0.8571428571428571,1.359931023671422,0.5025316115568139,0.9365073402976797,0.8571428571428571,0.8541666666666666,0.9365073402976797,1490.2826539217622,15.112967324449558,4.22267006546978,2.444957128040219,0.9365073402976797,1.2865073402976797,865.1843616890259
1194,Tim Conner,24718198,1,02:58:34,2026-03-27,2026-03-27,3.6426432454964086,1201,1194,1195,1194,1199,1194,1195,1194,1194,1194,1194,1200,1197,1021,1190,1188,1,2.1825218985536767,3.6426432454964086,10714.0,2.772656145843105,2.226065128257648,2.226065128257648,0.9798994974874372,0.9797979797979798,0.9798994974874372,2.1825218985536767,2.772656145843105,2.226065128257648,0.9798994974874372,0.9797979797979798,2.226065128257648,1488.571510530193,8.274429743965777,3.9651540727494283,-3.621032474282508,2.226065128257648,2.576065128257648,719.3403488805211
1195,David Lockner,24613396,1,03:06:43,2026-03-27,2026-03-27,3.662289072943385,1188,1195,1182,1179,1182,1181,1180,1178,1178,1179,1179,1186,1184,1018,1184,1175,1,2.0658307210031346,3.662289072943385,11203.0,2.4735356591148414,2.0564234660078147,2.0564234660078147,0.97,0.9698492462311558,0.97,2.0658307210031346,2.4735356591148414,2.0564234660078147,0.97,0.9698492462311558,2.0564234660078147,1488.5767890804627,8.790330460125166,3.9634741778752725,-3.100092073500651,2.0564234660078147,2.4064234660078148,738.6511500895032
1196,Patty Baker,22610319,2,05:01:52,2025-04-04,2026-03-27,3.679475885267485,1217,1196,1215,1215,1213,1215,1215,1218,1218,1218,1218,1218,1218,1176,1217,1216,2,2.789628100793051,3.679475885267485,18111.5,3.394875060446112,2.6432405641390373,2.6432405641390373,0.995,0.9949748743718593,0.99,2.789628100793051,3.394875060446112,2.6432405641390373,0.995,0.9949748743718593,2.6432405641390373,1479.9396074347178,1.9189443681527423,3.480755221179527,-8.52332129538584,2.6432405641390373,2.890727937554329,657.3759050206269
1197,Jessie Ngo,24728062,1,03:01:27,2026-03-27,2026-03-27,3.701461360250084,1202,1197,1199,1199,1201,1199,1200,1210,1210,1210,1210,1204,1203,1038,1205,1190,1,2.217763291912813,3.701461360250084,10887.0,2.8552865529457505,2.2676136725112506,2.2676136725112506,0.9899497487437185,0.98989898989899,0.9899497487437185,2.217763291912813,2.8552865529457505,2.2676136725112506,0.9899497487437185,0.98989898989899,2.2676136725112506,1488.3063171600272,6.575247403030905,4.078948122700285,-5.66159696506995,2.2676136725112506,2.6176136725112507,714.7632713164825
1198,Karen Cardoza,24190008,1,03:10:41,2026-03-27,2026-03-27,3.740091875706977,1193,1198,1185,1183,1189,1184,1184,1196,1196,1196,1196,1189,1187,1026,1195,1180,1,2.109717868338558,3.740091875706977,11441.0,2.575387127431335,2.110095457083842,2.110095457083842,0.98,0.9798994974874372,0.98,2.109717868338558,2.575387127431335,2.110095457083842,0.98,0.9798994974874372,2.110095457083842,1488.445641539479,8.074600815408898,4.009639143555009,-3.9543166152561273,2.110095457083842,2.4600954570838423,732.6788711157601
1199,Lila King,24718549,1,03:05:11,2026-03-27,2026-03-27,3.777618919237502,1206,1199,1205,1206,1206,1205,1206,1216,1216,1216,1216,1208,1208,1044,1214,1197,1,2.2633937665512325,3.777618919237502,11111.0,2.9622762130092917,2.3204404491124304,2.3204404491124304,0.9949748743718593,0.9949494949494949,0.9949748743718593,2.2633937665512325,2.9622762130092917,2.3204404491124304,0.9949748743718593,0.9949494949494949,2.3204404491124304,1488.1737204749445,5.304908621006802,4.223666704055069,-7.366091491158405,2.3204404491124304,2.6704404491124305,708.7886945199097
1200,Monica Ganz,24557670,2,02:46:34,2025-11-15,2026-03-27,3.8222520018927906,1148,1200,1133,1131,1124,1129,1133,1123,1123,1125,1126,1121,1118,1165,1151,1136,2,1.7758581955822335,3.8222520018927906,9994.0,1.469874316578919,1.6009775946382026,1.6009775946382026,0.9265203568864733,0.9255050505050505,0.9183673469387755,1.7758581955822335,1.469874316578919,1.6009775946382026,0.9265203568864733,0.9255050505050505,1.6009775946382026,1481.15521342341,8.916058820586999,3.3126003950248335,-1.0217423644875012,1.6009775946382026,1.8484649680534941,775.8034934519984
1201,Darrell Wilson,24690980,1,03:20:54,2026-03-27,2026-03-27,3.822627235087724,1210,1201,1213,1213,1214,1213,1213,1194,1194,1194,1194,1209,1210,1024,1197,1212,1,2.4127301841473177,3.822627235087724,12054.0,3.105385429157649,2.5579711919342856,2.5579711919342856,0.9798994974874372,0.9797979797979798,0.9798994974874372,2.4127301841473177,3.105385429157649,2.5579711919342856,0.9798994974874372,0.9797979797979798,2.5579711919342856,1488.4717975794053,7.588138103459986,4.010871409255758,-4.444476124307288,2.5579711919342856,2.9079711919342857,681.1711515577077
1202,Marie Singleton,24685633,1,03:05:57,2026-03-27,2026-03-27,3.841024745762951,1204,1202,1191,1189,1196,1190,1190,1202,1202,1202,1202,1169,1167,1036,1206,1185,1,2.2305077968812475,3.841024745762951,11157.0,2.075261980841889,2.1854889829536828,2.1854889829536828,0.985,0.9849246231155779,0.985,2.2305077968812475,2.075261980841889,2.1854889829536828,0.985,0.9849246231155779,2.1854889829536828,1488.3147158162703,6.38199567652942,4.099589339122537,-5.9167723408381905,2.1854889829536828,2.535488982953683,724.1086156407284
1203,Jill Fowler,23751368,1,03:26:25,2026-03-27,2026-03-27,3.927595678327648,1214,1203,1214,1214,1215,1214,1214,1201,1201,1201,1201,1212,1212,1034,1203,1213,1,2.4789831865492395,3.927595678327648,12385.0,3.2510191181702845,2.630318619907612,2.630318619907612,0.9849246231155779,0.9848484848484849,0.9849246231155779,2.4789831865492395,3.2510191181702845,2.630318619907612,0.9849246231155779,0.9848484848484849,2.630318619907612,1488.3427653213407,6.690842926512337,4.083445411664279,-5.5594933084805,2.630318619907612,2.980318619907612,672.9516998533381
1204,Todd Lentz,24973933,1,02:38:44,2025-11-15,2025-11-15,3.96785566621491,1088,1204,1051,1050,1060,1051,1056,1091,1087,1089,1086,978,977,1003,1165,1023,1,1.4930239849506193,3.96785566621491,9524.0,0.6883544940532142,1.1341281983465596,1.1341281983465596,0.8979591836734694,0.8958333333333334,0.8979591836734694,1.4930239849506193,0.6883544940532142,1.1341281983465596,0.8979591836734694,0.8958333333333334,1.1341281983465596,1488.8281084672167,12.041580226670865,4.54129501769038,-1.5823048264002733,1.1341281983465596,1.4841281983465597,843.2742895440169
1205,Elessa Freelingos,22490296,1,01:34:56,2025-10-25,2025-10-25,3.97442670226736,1059,1205,1085,1082,1093,1081,1087,1112,1112,1099,1095,1089,1085,1006,1172,1061,1,1.4133995037220843,3.97442670226736,5696.0,1.1438719030608486,1.2767214632284756,1.2767214632284756,0.9180327868852459,0.9016393442622951,0.9180327868852459,1.4133995037220843,1.1438719030608486,1.2767214632284756,0.9180327868852459,0.9016393442622951,1.2767214632284756,1488.8073047552505,11.456400536404889,4.484160840050681,-1.9960819837471533,1.2767214632284756,1.6267214632284754,827.2775361468322
1206,Erika Hunter,24242274,2,02:50:03,2025-10-11,2026-03-27,4.166880813035553,1185,1206,1196,1195,1191,1196,1196,1192,1192,1182,1182,1183,1182,1174,1193,1200,2,2.0185938966437336,4.166880813035553,10203.0,2.3809952411843245,2.2338975014259406,2.2338975014259406,0.9791106696272058,0.9732205778717407,0.9698492462311558,2.0185938966437336,2.3809952411843245,2.2338975014259406,0.9791106696272058,0.9732205778717407,2.2338975014259406,1480.3608169154113,6.056156303781812,3.3083331499663293,-3.8688431461171753,2.2338975014259406,2.481384874841232,704.0473421572561
1207,Kaylyn Anderson,20260532,1,04:12:49,2025-04-04,2025-04-04,4.258929402127843,1221,1207,1222,1222,1222,1222,1222,1215,1215,1215,1215,1220,1220,1047,1202,1222,1,2.9500194476857255,4.258929402127843,15169.0,4.1453792666787646,2.9820310102421588,2.9820310102421588,0.9947643979057592,0.9947368421052631,0.9947643979057592,2.9500194476857255,4.1453792666787646,2.9820310102421588,0.9947643979057592,0.9947368421052631,2.9820310102421588,1488.1363636363635,7.343987509681766,4.300561866283398,-5.557698089168427,2.9820310102421588,3.332031010242159,632.7015704606689
1208,Barbara Fisher,22081342,1,03:41:40,2026-03-27,2026-03-27,4.34780368384781,1211,1208,1210,1210,1210,1210,1210,1212,1212,1212,1212,1216,1216,1037,1199,1209,1,2.4525170569795316,4.34780368384781,13300.0,3.37094124339924,2.4945007516423705,2.4945007516423705,0.9925,0.992462311557789,0.9925,2.4525170569795316,3.37094124339924,2.4945007516423705,0.9925,0.992462311557789,2.4945007516423705,1488.3144939984954,7.158385008440994,4.085264598150907,-5.097408786011727,2.4945007516423705,2.8445007516423706,688.7222622415293
1208,Liz Gurevitch,24701676,1,03:41:40,2026-03-27,2026-03-27,4.34780368384781,1211,1208,1210,1210,1210,1210,1210,1212,1212,1212,1212,1216,1216,1043,1211,1209,1,2.4525170569795316,4.34780368384781,13300.0,3.37094124339924,2.4945007516423705,2.4945007516423705,0.9925,0.992462311557789,0.9925,2.4525170569795316,3.37094124339924,2.4945007516423705,0.9925,0.992462311557789,2.4945007516423705,1488.183346457512,5.8576155856985865,4.235570598333412,-6.84909620930165,2.4945007516423705,2.8445007516423706,688.7222622415293
1210,Deb McKibben,23764818,1,03:49:36,2026-03-27,2026-03-27,4.368716840100256,1216,1210,1220,1220,1220,1220,1220,1210,1210,1210,1210,1219,1219,1042,1213,1220,1,2.7574059247397917,4.368716840100256,13776.0,3.8630325967702124,2.9145909154341414,2.9145909154341414,0.9899497487437185,0.98989898989899,0.9899497487437185,2.7574059247397917,3.8630325967702124,2.9145909154341414,0.9899497487437185,0.98989898989899,2.9145909154341414,1488.2137330632763,5.414525002181294,4.228836471984124,-7.2719844137710785,2.9145909154341414,3.2645909154341415,640.36088838035
1211,Tracy Swearingen,24684289,1,04:59:49,2025-11-01,2025-11-01,4.432947979700206,1224,1211,1224,1224,1224,1224,1224,1220,1220,1220,1220,1224,1224,1062,1219,1224,1,3.654072719886248,4.432947979700206,17989.0,6.949078051001162,4.1401210272567095,4.1401210272567095,1.0,1.0,1.0,3.654072719886248,6.949078051001162,4.1401210272567095,1.0,1.0,4.1401210272567095,1488.0149544896233,4.2938990784912905,4.710017851809,-9.836154476935711,4.1401210272567095,4.490121027256709,499.62593054588035
1212,Elizabeth Faye,23764953,1,06:05:51,2025-04-04,2025-04-04,4.550250929063369,1218,1212,1217,1217,1217,1217,1217,1208,1208,1208,1208,1211,1211,1063,1218,1217,1,2.876179245283019,4.550250929063369,21951.0,3.2376393138073283,2.8145970893082874,2.8145970893082874,0.9895833333333334,0.9895287958115183,0.9895833333333334,2.876179245283019,3.2376393138073283,2.8145970893082874,0.9895833333333334,0.9895287958115183,2.8145970893082874,1488.0,4.905540552400702,4.800204458394983,-9.495072822784248,2.8145970893082874,3.1645970893082875,651.8528500766155
1213,Kim Bergesen,20722172,1,03:16:05,2025-11-15,2025-11-15,4.735561629237501,1191,1213,1187,1186,1194,1187,1187,1190,1190,1181,1181,1195,1193,1045,1212,1183,1,2.101643444087174,4.735561629237501,11765.0,2.625657058707675,2.153320891002238,2.153320891002238,0.978021978021978,0.9725274725274725,0.978021978021978,2.101643444087174,2.625657058707675,2.153320891002238,0.978021978021978,0.9725274725274725,2.153320891002238,1488.1455420391637,7.506776721181925,4.801307952981011,-6.897147137761108,2.153320891002238,2.503320891002238,727.6683857755842
1214,Khodi Cleland,24718756,1,03:55:36,2026-03-27,2026-03-27,4.806085954670267,1220,1214,1221,1221,1221,1221,1221,1220,1220,1220,1220,1222,1222,1056,1222,1221,1,2.8796088816459564,4.806085954670267,14136.0,4.407114256278093,2.9450105000453863,2.9450105000453863,1.0,1.0,1.0,2.8796088816459564,4.407114256278093,2.9450105000453863,1.0,1.0,2.9450105000453863,1488.0411237898616,2.979875098509703,4.676765424495503,-11.050421174976806,2.9450105000453863,3.2950105000453864,637.0636411751824
1215,Donna Sutton,21125475,1,03:49:00,2025-08-03,2025-08-03,4.924203269215887,1213,1215,1200,1200,1202,1200,1201,1199,1199,1199,1199,1203,1202,1052,1207,1191,1,2.4685591088753145,4.924203269215887,13740.0,2.8539273284615785,2.278486018927371,2.278486018927371,0.9811320754716981,0.9807692307692307,0.9811320754716981,2.4685591088753145,2.8539273284615785,2.278486018927371,0.9811320754716981,0.9807692307692307,2.278486018927371,1488.0731246565363,8.91326541465935,5.142984988316386,-6.51568955028981,2.278486018927371,2.628486018927371,713.3365980131882
1216,Connie Bickford,24200496,1,04:23:09,2026-03-27,2026-03-27,5.007089880106196,1223,1216,1223,1223,1223,1223,1223,1216,1216,1216,1216,1223,1223,1051,1221,1223,1,3.160328262610088,5.007089880106196,15789.0,4.748714216052495,3.278833175107565,3.278833175107565,0.9949748743718593,0.9949494949494949,0.9949748743718593,3.160328262610088,4.748714216052495,3.278833175107565,0.9949748743718593,0.9949494949494949,3.278833175107565,1488.0847008052117,3.080130989531304,4.6837684293694535,-10.971174298577056,3.2788331751075646,3.628833175107565,598.5735310304691
1217,Mary Jane Pumphrey,24713178,1,04:20:07,2026-03-27,2026-03-27,5.101967826602464,1219,1217,1219,1219,1219,1219,1219,1220,1220,1220,1220,1221,1221,1054,1220,1219,1,2.8779273464871844,5.101967826602464,15607.0,4.358215770315838,2.9028926094094416,2.9028926094094416,1.0,1.0,1.0,2.8779273464871844,4.358215770315838,2.9028926094094416,1.0,1.0,2.9028926094094416,1488.0521989165284,3.4850301101474286,4.701429932476783,-10.61925968728292,2.9028926094094416,3.2528926094094417,641.9071985983161
1218,Bari Weinberger,24717953,1,04:08:37,2026-03-27,2026-03-27,5.135481413690592,1222,1218,1218,1218,1218,1218,1218,1218,1218,1218,1218,1213,1213,1053,1223,1218,1,2.9822071171531386,5.135481413690592,14917.0,3.343009348504846,2.8898800604282524,2.8898800604282524,0.995,0.9949748743718593,0.995,2.9822071171531386,3.343009348504846,2.8898800604282524,0.995,0.9949748743718593,2.8898800604282524,1488.0552563568108,2.4993597561277636,4.702338668090396,-11.607656248143424,2.8898800604282524,3.2398800604282525,643.3036417311529
1219,Vicky Vetter,24719264,1,01:44:19,2025-10-17,2025-10-17,5.348730562420667,541,1219,133,154,205,176,230,210,225,1,1,115,125,162,872,88,1,0.9159959022391336,5.348730562420667,6259.0,-0.6574720955515547,-0.6667476936387386,-0.6667476936387386,0.3333333333333333,0.0,0.3333333333333333,0.9159959022391336,-0.6574720955515547,-0.6667476936387386,0.3333333333333333,0.0,-0.6667476936387386,1512.0,29.205473106813677,7.194816551480743,7.621023452371446,-0.6667476936387386,-0.31674769363873867,1039.0825001155238
1220,Sandra Exley,24169496,1,02:09:52,2025-10-25,2025-10-25,5.436926415742147,1174,1220,1201,1201,1203,1201,1202,1175,1175,1155,1154,1190,1188,1058,1209,1192,1,1.9334987593052109,5.436926415742147,7792.0,2.5829808519297193,2.281703220300398,2.281703220300398,0.9672131147540983,0.9508196721311475,0.9672131147540983,1.9334987593052109,2.5829808519297193,2.281703220300398,0.9672131147540983,0.9508196721311475,2.281703220300398,1488.0331112068634,8.482427621826115,5.074298929433077,-6.740469166473115,2.281703220300398,2.6317032203003983,712.688240640938
1221,Kristi Frohreich,24719962,1,01:46:43,2025-10-17,2025-10-17,5.471788111707866,586,1221,226,242,301,282,323,771,767,494,505,216,229,1063,1147,126,1,0.9370701009805356,5.471788111707866,6403.0,-0.49253136077903925,-0.48307311090082666,-0.48307311090082666,0.6666666666666666,0.5,0.6666666666666666,0.9370701009805356,-0.49253136077903925,-0.48307311090082666,0.6666666666666666,0.5,-0.48307311090082666,1488.0,20.794526893186323,7.194816551480743,-0.7899227612559088,-0.48307311090082666,-0.13307311090082669,1024.6265897673304
1222,Mikayla Taylor,24668763,1,00:52:12,2025-12-19,2025-12-19,6.631042683423881,5,1222,47,51,73,58,93,86,93,1,1,41,42,162,689,25,1,0.5559105431309904,6.631042683423881,3132.0,-1.038008767895728,-1.1861525239420925,-1.1861525239420925,0.2,0.0,0.2,0.5559105431309904,-1.038008767895728,-1.1861525239420925,0.2,0.0,-1.1861525239420925,1512.0,31.311736999906028,6.699116896720507,11.214386309744508,-1.1861525239420925,-0.8361525239420925,1096.1473889337426
1223,Kyle Campbell,24788742,1,02:01:47,2025-12-19,2025-12-19,15.470315736838536,982,1223,929,927,943,924,934,950,950,893,887,980,979,441,936,888,1,1.29694710685126,15.470315736838536,7307.0,0.6940802033131707,0.7733760311134573,0.7733760311134573,0.8,0.75,0.8,1.29694710685126,0.6940802033131707,0.7733760311134573,0.8,0.75,0.7733760311134573,1500.0,25.000000000005908,6.238732771970372,6.283801684094794,0.7733760311134574,1.1233760311134573,882.8016051023543
1224,Stephanie Campbell,24788745,1,02:28:20,2025-12-19,2025-12-19,18.843001239614477,1111,1224,1076,1072,1086,1073,1078,1220,1220,1220,1220,1112,1107,1063,1160,1041,1,1.579694710685126,18.843001239614477,8900.0,1.3549706778367097,1.2295528902308521,1.2295528902308521,1.0,1.0,1.0,1.579694710685126,1.3549706778367097,1.2295528902308521,1.0,1.0,1.2295528902308521,1488.0,18.688263000088046,6.699116896721764,-1.4090876900772464,1.2295528902308521,1.5795528902308522,834.3412663038539
